league,season,team,players_used,90s,SCA_SCA,SCA_SCA90,SCA Types_PassLive,SCA Types_PassDead,SCA Types_TO,SCA Types_Sh,SCA Types_Fld,SCA Types_Def,GCA_GCA,GCA_GCA90,GCA Types_PassLive,GCA Types_PassDead,GCA Types_TO,GCA Types_Sh,GCA Types_Fld,GCA Types_Def,url,nextSeason
ENG-Premier League,2017,Arsenal,30,38.0,1079,28.39,830,53,70,65,53,8,131,3.45,95,8,7,12,7,2,/en/squads/18bb7c10/2017-2018/Arsenal-Stats,2018
ENG-Premier League,2017,Bournemouth,22,38.0,809,21.29,582,78,53,42,39,15,83,2.18,53,8,5,8,7,2,/en/squads/4ba7cbea/2017-2018/Bournemouth-Stats,2018
ENG-Premier League,2017,Brighton,24,38.0,684,18.0,489,73,46,37,31,8,60,1.58,43,3,4,4,6,0,/en/squads/d07537b9/2017-2018/Brighton-and-Hove-Albion-Stats,2018
ENG-Premier League,2017,Burnley,24,38.0,664,17.47,441,88,36,43,48,8,58,1.53,37,4,4,11,2,0,/en/squads/943e8050/2017-2018/Burnley-Stats,2018
ENG-Premier League,2017,Chelsea,26,38.0,1114,29.32,838,83,81,54,46,12,110,2.89,84,7,8,3,8,0,/en/squads/cff3d9bb/2017-2018/Chelsea-Stats,2018
ENG-Premier League,2017,Crystal Palace,28,38.0,834,21.95,528,83,90,56,60,17,78,2.05,50,3,7,9,9,0,/en/squads/47c64c55/2017-2018/Crystal-Palace-Stats,2018
ENG-Premier League,2017,Everton,30,38.0,629,16.55,454,59,31,31,42,12,71,1.87,41,4,8,9,5,4,/en/squads/d3fd31cc/2017-2018/Everton-Stats,2018
ENG-Premier League,2017,Huddersfield,25,38.0,621,16.34,443,52,39,35,36,16,45,1.18,29,4,6,3,3,0,/en/squads/f5922ca5/2017-2018/Huddersfield-Town-Stats,2018
ENG-Premier League,2017,Leicester City,27,38.0,731,19.24,495,83,63,45,38,7,94,2.47,68,8,6,5,7,0,/en/squads/a2d435b3/2017-2018/Leicester-City-Stats,2018
ENG-Premier League,2017,Liverpool,27,38.0,1139,29.97,859,71,98,58,36,17,144,3.79,98,5,27,8,5,1,/en/squads/822bd0ba/2017-2018/Liverpool-Stats,2018
ENG-Premier League,2017,Manchester City,25,38.0,1209,31.82,943,73,76,52,52,13,193,5.08,150,8,16,7,10,2,/en/squads/b8fd03ef/2017-2018/Manchester-City-Stats,2018
ENG-Premier League,2017,Manchester Utd,27,38.0,916,24.11,699,54,69,45,38,11,117,3.08,81,6,12,12,5,1,/en/squads/19538871/2017-2018/Manchester-United-Stats,2018
ENG-Premier League,2017,Newcastle Utd,27,38.0,781,20.55,561,72,45,44,39,20,63,1.66,43,7,2,10,1,0,/en/squads/b2b47a98/2017-2018/Newcastle-United-Stats,2018
ENG-Premier League,2017,Southampton,26,38.0,799,21.03,590,71,54,42,32,10,65,1.71,40,5,9,6,5,0,/en/squads/33c895d4/2017-2018/Southampton-Stats,2018
ENG-Premier League,2017,Stoke City,30,38.0,669,17.61,463,69,41,44,41,11,62,1.63,39,8,4,7,3,1,/en/squads/17892952/2017-2018/Stoke-City-Stats,2018
ENG-Premier League,2017,Swansea City,26,38.0,581,15.29,395,57,48,37,33,11,40,1.05,23,7,1,6,1,2,/en/squads/fb10988f/2017-2018/Swansea-City-Stats,2018
ENG-Premier League,2017,Tottenham,25,38.0,1092,28.74,811,75,68,72,51,15,114,3.0,81,7,8,11,7,0,/en/squads/361ca564/2017-2018/Tottenham-Hotspur-Stats,2018
ENG-Premier League,2017,Watford,29,38.0,766,20.16,526,73,60,47,40,20,69,1.82,41,5,8,10,5,0,/en/squads/2abfe087/2017-2018/Watford-Stats,2018
ENG-Premier League,2017,West Brom,24,38.0,649,17.08,449,78,40,33,38,11,51,1.34,35,6,4,3,3,0,/en/squads/60c6b05f/2017-2018/West-Bromwich-Albion-Stats,2018
ENG-Premier League,2017,West Ham,27,38.0,657,17.29,457,64,57,23,49,7,79,2.08,51,5,9,7,5,2,/en/squads/7c21e445/2017-2018/West-Ham-United-Stats,2018
ENG-Premier League,2018,Arsenal,28,38.0,831,21.87,655,58,50,34,22,12,116,3.05,91,6,5,6,7,1,/en/squads/18bb7c10/2018-2019/Arsenal-Stats,2019
ENG-Premier League,2018,Bournemouth,28,38.0,788,20.74,558,83,46,39,47,15,99,2.61,64,9,8,6,9,3,/en/squads/4ba7cbea/2018-2019/Bournemouth-Stats,2019
ENG-Premier League,2018,Brighton,21,38.0,647,17.03,427,87,40,35,45,13,55,1.45,29,9,1,7,8,1,/en/squads/d07537b9/2018-2019/Brighton-and-Hove-Albion-Stats,2019
ENG-Premier League,2018,Burnley,23,38.0,624,16.42,417,81,14,55,52,5,69,1.82,45,8,0,13,3,0,/en/squads/943e8050/2018-2019/Burnley-Stats,2019
ENG-Premier League,2018,Cardiff City,25,38.0,693,18.24,457,96,32,57,47,4,50,1.32,32,4,3,9,2,0,/en/squads/75fae011/2018-2019/Cardiff-City-Stats,2019
ENG-Premier League,2018,Chelsea,24,38.0,1131,29.76,892,58,61,45,54,21,114,3.0,82,5,13,7,6,1,/en/squads/cff3d9bb/2018-2019/Chelsea-Stats,2019
ENG-Premier League,2018,Crystal Palace,26,38.0,860,22.63,606,72,55,63,50,14,86,2.26,51,6,7,8,13,1,/en/squads/47c64c55/2018-2019/Crystal-Palace-Stats,2019
ENG-Premier League,2018,Everton,23,38.0,845,22.24,573,88,57,61,56,10,93,2.45,65,5,8,12,3,0,/en/squads/d3fd31cc/2018-2019/Everton-Stats,2019
ENG-Premier League,2018,Fulham,28,38.0,814,21.42,601,73,47,56,28,9,59,1.55,42,3,6,5,3,0,/en/squads/fd962109/2018-2019/Fulham-Stats,2019
ENG-Premier League,2018,Huddersfield,31,38.0,683,17.97,487,74,27,43,37,15,33,0.87,23,4,0,3,3,0,/en/squads/f5922ca5/2018-2019/Huddersfield-Town-Stats,2019
ENG-Premier League,2018,Leicester City,25,38.0,898,23.63,625,87,64,56,50,16,85,2.24,59,3,7,7,9,0,/en/squads/a2d435b3/2018-2019/Leicester-City-Stats,2019
ENG-Premier League,2018,Liverpool,23,38.0,1013,26.66,747,74,77,56,45,14,149,3.92,104,10,14,10,10,1,/en/squads/822bd0ba/2018-2019/Liverpool-Stats,2019
ENG-Premier League,2018,Manchester City,21,38.0,1216,32.0,927,71,92,71,44,11,168,4.42,139,6,9,5,8,1,/en/squads/b8fd03ef/2018-2019/Manchester-City-Stats,2019
ENG-Premier League,2018,Manchester Utd,28,38.0,957,25.18,730,61,54,53,52,7,118,3.11,81,4,12,10,10,1,/en/squads/19538871/2018-2019/Manchester-United-Stats,2019
ENG-Premier League,2018,Newcastle Utd,24,38.0,784,20.63,571,77,33,43,42,18,68,1.79,46,5,4,10,2,1,/en/squads/b2b47a98/2018-2019/Newcastle-United-Stats,2019
ENG-Premier League,2018,Southampton,30,38.0,819,21.55,565,73,49,62,47,23,77,2.03,54,3,3,6,7,4,/en/squads/33c895d4/2018-2019/Southampton-Stats,2019
ENG-Premier League,2018,Tottenham,28,38.0,937,24.66,676,81,62,55,46,17,115,3.03,81,9,6,11,7,1,/en/squads/361ca564/2018-2019/Tottenham-Hotspur-Stats,2019
ENG-Premier League,2018,Watford,25,38.0,724,19.05,523,56,46,42,46,11,83,2.18,48,8,15,6,4,2,/en/squads/2abfe087/2018-2019/Watford-Stats,2019
ENG-Premier League,2018,West Ham,26,38.0,772,20.32,545,77,43,54,36,17,88,2.32,60,5,7,10,5,1,/en/squads/7c21e445/2018-2019/West-Ham-United-Stats,2019
ENG-Premier League,2018,Wolves,21,38.0,828,21.79,605,69,53,48,40,13,82,2.16,58,6,4,6,8,0,/en/squads/8cec06e1/2018-2019/Wolverhampton-Wanderers-Stats,2019
ENG-Premier League,2019,Arsenal,29,38.0,709,18.66,501,59,52,48,33,16,85,2.24,57,5,4,9,4,6,/en/squads/18bb7c10/2019-2020/Arsenal-Stats,2020
ENG-Premier League,2019,Aston Villa,28,38.0,828,21.79,599,88,42,36,56,7,72,1.89,48,8,5,4,7,0,/en/squads/8602292d/2019-2020/Aston-Villa-Stats,2020
ENG-Premier League,2019,Bournemouth,27,38.0,669,17.61,472,69,34,39,47,8,63,1.66,36,6,7,8,6,0,/en/squads/4ba7cbea/2019-2020/Bournemouth-Stats,2020
ENG-Premier League,2019,Brighton,25,38.0,804,21.16,599,73,39,48,40,5,65,1.71,44,9,5,2,5,0,/en/squads/d07537b9/2019-2020/Brighton-and-Hove-Albion-Stats,2020
ENG-Premier League,2019,Burnley,22,38.0,667,17.55,459,83,27,44,45,9,71,1.87,47,10,4,6,3,1,/en/squads/943e8050/2019-2020/Burnley-Stats,2020
ENG-Premier League,2019,Chelsea,27,38.0,1121,29.5,847,86,57,64,52,15,123,3.24,86,6,10,9,10,2,/en/squads/cff3d9bb/2019-2020/Chelsea-Stats,2020
ENG-Premier League,2019,Crystal Palace,25,38.0,643,16.92,427,68,57,36,46,9,53,1.39,37,3,4,4,5,0,/en/squads/47c64c55/2019-2020/Crystal-Palace-Stats,2020
ENG-Premier League,2019,Everton,24,38.0,805,21.18,536,86,47,69,51,16,67,1.76,47,4,4,9,3,0,/en/squads/d3fd31cc/2019-2020/Everton-Stats,2020
ENG-Premier League,2019,Leicester City,24,38.0,969,25.5,707,73,75,48,56,10,116,3.05,91,3,11,4,5,2,/en/squads/a2d435b3/2019-2020/Leicester-City-Stats,2020
ENG-Premier League,2019,Liverpool,24,38.0,1044,27.47,800,77,60,54,36,17,148,3.89,108,11,10,9,8,2,/en/squads/822bd0ba/2019-2020/Liverpool-Stats,2020
ENG-Premier League,2019,Manchester City,24,38.0,1356,35.68,1040,72,101,75,53,15,173,4.55,123,6,16,14,12,2,/en/squads/b8fd03ef/2019-2020/Manchester-City-Stats,2020
ENG-Premier League,2019,Manchester Utd,29,38.0,978,25.74,766,50,62,36,56,8,112,2.95,86,4,7,2,12,1,/en/squads/19538871/2019-2020/Manchester-United-Stats,2020
ENG-Premier League,2019,Newcastle Utd,28,38.0,705,18.55,491,75,55,38,37,9,62,1.63,41,6,4,6,4,1,/en/squads/b2b47a98/2019-2020/Newcastle-United-Stats,2020
ENG-Premier League,2019,Norwich City,30,38.0,717,18.87,522,56,47,47,35,10,43,1.13,34,2,2,2,1,2,/en/squads/1c781004/2019-2020/Norwich-City-Stats,2020
ENG-Premier League,2019,Sheffield Utd,26,38.0,630,16.58,457,62,44,38,23,6,63,1.66,47,3,6,6,1,0,/en/squads/1df6b87e/2019-2020/Sheffield-United-Stats,2020
ENG-Premier League,2019,Southampton,25,38.0,843,22.18,560,74,70,53,60,26,77,2.03,41,3,15,8,7,3,/en/squads/33c895d4/2019-2020/Southampton-Stats,2020
ENG-Premier League,2019,Tottenham,29,38.0,779,20.5,589,43,54,37,38,18,94,2.47,62,3,13,10,4,2,/en/squads/361ca564/2019-2020/Tottenham-Hotspur-Stats,2020
ENG-Premier League,2019,Watford,26,38.0,725,19.08,498,69,45,42,56,15,58,1.53,34,6,3,4,8,3,/en/squads/2abfe087/2019-2020/Watford-Stats,2020
ENG-Premier League,2019,West Ham,29,38.0,735,19.34,514,78,42,42,47,12,89,2.34,62,7,5,7,8,0,/en/squads/7c21e445/2019-2020/West-Ham-United-Stats,2020
ENG-Premier League,2019,Wolves,21,38.0,801,21.08,541,70,79,47,46,18,83,2.18,53,6,9,8,7,0,/en/squads/8cec06e1/2019-2020/Wolverhampton-Wanderers-Stats,2020
ENG-Premier League,2020,Arsenal,29,38.0,813,21.39,623,44,49,45,46,6,95,2.5,69,2,8,6,8,2,/en/squads/18bb7c10/2020-2021/Arsenal-Stats,2021
ENG-Premier League,2020,Aston Villa,24,38.0,940,24.74,670,91,63,47,58,11,94,2.47,66,8,4,6,9,1,/en/squads/8602292d/2020-2021/Aston-Villa-Stats,2021
ENG-Premier League,2020,Brighton,27,38.0,847,22.29,628,75,34,55,42,13,63,1.66,47,6,1,4,5,0,/en/squads/d07537b9/2020-2021/Brighton-and-Hove-Albion-Stats,2021
ENG-Premier League,2020,Burnley,25,38.0,666,17.53,471,71,28,36,51,9,52,1.37,32,6,4,3,5,2,/en/squads/943e8050/2020-2021/Burnley-Stats,2021
ENG-Premier League,2020,Chelsea,27,38.0,1018,26.79,790,81,42,55,43,7,95,2.5,69,6,4,6,10,0,/en/squads/cff3d9bb/2020-2021/Chelsea-Stats,2021
ENG-Premier League,2020,Crystal Palace,24,38.0,618,16.26,433,54,52,23,46,10,70,1.84,49,5,6,3,5,2,/en/squads/47c64c55/2020-2021/Crystal-Palace-Stats,2021
ENG-Premier League,2020,Everton,29,38.0,710,18.68,514,67,34,43,46,6,80,2.11,54,9,2,10,5,0,/en/squads/d3fd31cc/2020-2021/Everton-Stats,2021
ENG-Premier League,2020,Fulham,28,38.0,785,20.66,579,65,53,35,47,6,47,1.24,33,2,4,3,4,1,/en/squads/fd962109/2020-2021/Fulham-Stats,2021
ENG-Premier League,2020,Leeds United,23,38.0,924,24.32,701,73,45,63,31,11,108,2.84,81,6,8,8,5,0,/en/squads/5bfb9659/2020-2021/Leeds-United-Stats,2021
ENG-Premier League,2020,Leicester City,27,38.0,863,22.71,635,49,56,46,54,23,114,3.0,85,3,8,4,10,4,/en/squads/a2d435b3/2020-2021/Leicester-City-Stats,2021
ENG-Premier League,2020,Liverpool,28,38.0,1068,28.11,818,71,58,61,46,14,110,2.89,77,6,4,14,6,3,/en/squads/822bd0ba/2020-2021/Liverpool-Stats,2021
ENG-Premier League,2020,Manchester City,24,38.0,1067,28.08,801,61,90,57,43,15,141,3.71,100,3,17,13,6,2,/en/squads/b8fd03ef/2020-2021/Manchester-City-Stats,2021
ENG-Premier League,2020,Manchester Utd,29,38.0,953,25.08,720,73,46,58,46,10,127,3.34,94,5,8,9,9,2,/en/squads/19538871/2020-2021/Manchester-United-Stats,2021
ENG-Premier League,2020,Newcastle Utd,27,38.0,688,18.11,454,85,51,36,56,6,75,1.97,46,7,6,7,7,2,/en/squads/b2b47a98/2020-2021/Newcastle-United-Stats,2021
ENG-Premier League,2020,Sheffield Utd,27,38.0,567,14.92,435,48,27,29,23,5,27,0.71,16,3,2,3,3,0,/en/squads/1df6b87e/2020-2021/Sheffield-United-Stats,2021
ENG-Premier League,2020,Southampton,29,38.0,728,19.16,513,63,42,47,51,12,83,2.18,49,8,6,7,11,2,/en/squads/33c895d4/2020-2021/Southampton-Stats,2021
ENG-Premier League,2020,Tottenham,24,38.0,786,20.68,553,55,56,49,56,17,120,3.16,86,6,13,8,6,1,/en/squads/361ca564/2020-2021/Tottenham-Hotspur-Stats,2021
ENG-Premier League,2020,West Brom,30,38.0,568,14.95,407,60,26,27,39,9,53,1.39,40,3,1,3,5,1,/en/squads/60c6b05f/2020-2021/West-Bromwich-Albion-Stats,2021
ENG-Premier League,2020,West Ham,24,38.0,823,21.66,576,92,37,56,53,9,106,2.79,73,12,1,13,7,0,/en/squads/7c21e445/2020-2021/West-Ham-United-Stats,2021
ENG-Premier League,2020,Wolves,27,38.0,821,21.61,572,74,68,47,46,14,63,1.66,39,4,7,7,5,1,/en/squads/8cec06e1/2020-2021/Wolverhampton-Wanderers-Stats,2021
ENG-Premier League,2021,Arsenal,27,38.0,1030,27.11,788,68,57,66,39,12,99,2.61,69,8,4,13,4,1,/en/squads/18bb7c10/2021-2022/Arsenal-Stats,2022
ENG-Premier League,2021,Aston Villa,31,38.0,837,22.03,608,85,49,41,48,6,93,2.45,65,9,9,7,3,0,/en/squads/8602292d/2021-2022/Aston-Villa-Stats,2022
ENG-Premier League,2021,Brentford,29,38.0,739,19.45,487,96,37,62,43,14,78,2.05,46,11,4,8,9,0,/en/squads/cd051869/2021-2022/Brentford-Stats,2022
ENG-Premier League,2021,Brighton,26,38.0,870,22.89,630,84,49,55,40,12,72,1.89,49,8,4,6,4,1,/en/squads/d07537b9/2021-2022/Brighton-and-Hove-Albion-Stats,2022
ENG-Premier League,2021,Burnley,23,38.0,674,17.74,455,81,28,50,50,10,60,1.58,39,9,5,3,4,0,/en/squads/943e8050/2021-2022/Burnley-Stats,2022
ENG-Premier League,2021,Chelsea,26,38.0,1064,28.0,818,62,48,75,49,12,135,3.55,97,9,8,10,9,2,/en/squads/cff3d9bb/2021-2022/Chelsea-Stats,2022
ENG-Premier League,2021,Crystal Palace,24,38.0,711,18.71,500,63,43,46,43,16,81,2.13,53,3,7,8,9,1,/en/squads/47c64c55/2021-2022/Crystal-Palace-Stats,2022
ENG-Premier League,2021,Everton,33,38.0,742,19.53,533,69,43,42,45,10,68,1.79,46,4,4,6,8,0,/en/squads/d3fd31cc/2021-2022/Everton-Stats,2022
ENG-Premier League,2021,Leeds United,29,38.0,825,21.71,589,68,52,60,42,14,66,1.74,36,2,10,10,5,3,/en/squads/5bfb9659/2021-2022/Leeds-United-Stats,2022
ENG-Premier League,2021,Leicester City,28,38.0,745,19.61,566,41,48,42,33,15,105,2.76,81,3,4,8,5,4,/en/squads/a2d435b3/2021-2022/Leicester-City-Stats,2022
ENG-Premier League,2021,Liverpool,27,38.0,1249,32.87,912,105,63,104,49,16,163,4.29,121,9,9,19,5,0,/en/squads/822bd0ba/2021-2022/Liverpool-Stats,2022
ENG-Premier League,2021,Manchester City,26,38.0,1286,33.84,997,78,70,88,42,11,158,4.16,112,10,6,19,8,3,/en/squads/b8fd03ef/2021-2022/Manchester-City-Stats,2022
ENG-Premier League,2021,Manchester Utd,29,38.0,917,24.13,706,65,56,38,39,13,104,2.74,77,6,6,7,5,3,/en/squads/19538871/2021-2022/Manchester-United-Stats,2022
ENG-Premier League,2021,Newcastle Utd,29,38.0,758,19.95,504,81,61,57,44,11,70,1.84,46,4,5,9,6,0,/en/squads/b2b47a98/2021-2022/Newcastle-United-Stats,2022
ENG-Premier League,2021,Norwich City,28,38.0,637,16.76,435,67,41,33,50,11,35,0.92,27,2,1,1,3,1,/en/squads/1c781004/2021-2022/Norwich-City-Stats,2022
ENG-Premier League,2021,Southampton,25,38.0,814,21.42,585,68,43,51,49,18,71,1.87,44,5,6,4,9,3,/en/squads/33c895d4/2021-2022/Southampton-Stats,2022
ENG-Premier League,2021,Tottenham,25,38.0,882,23.21,678,51,46,61,37,9,117,3.08,95,3,4,8,6,1,/en/squads/361ca564/2021-2022/Tottenham-Hotspur-Stats,2022
ENG-Premier League,2021,Watford,30,38.0,693,18.24,475,59,48,43,52,16,57,1.5,36,5,4,7,3,2,/en/squads/2abfe087/2021-2022/Watford-Stats,2022
ENG-Premier League,2021,West Ham,25,38.0,770,20.26,569,68,47,50,28,8,102,2.68,72,10,5,9,5,1,/en/squads/7c21e445/2021-2022/West-Ham-United-Stats,2022
ENG-Premier League,2021,Wolves,26,38.0,692,18.21,496,44,65,37,31,19,58,1.53,37,4,5,8,2,2,/en/squads/8cec06e1/2021-2022/Wolverhampton-Wanderers-Stats,2022
ENG-Premier League,2022,Arsenal,26,38.0,1045,27.5,776,78,57,73,43,18,150,3.95,121,6,5,13,3,2,/en/squads/18bb7c10/Arsenal-Stats,2023
ENG-Premier League,2022,Aston Villa,26,38.0,751,19.76,565,50,48,38,40,10,84,2.21,55,2,6,12,6,3,/en/squads/8602292d/Aston-Villa-Stats,2023
ENG-Premier League,2022,Bournemouth,31,38.0,616,16.21,445,45,52,43,24,7,64,1.68,44,5,4,8,2,1,/en/squads/4ba7cbea/Bournemouth-Stats,2023
ENG-Premier League,2022,Brentford,25,38.0,702,18.47,475,99,32,45,44,7,98,2.58,65,8,4,8,11,2,/en/squads/cd051869/Brentford-Stats,2023
ENG-Premier League,2022,Brighton,29,38.0,1074,28.26,819,73,80,63,27,12,114,3.0,83,3,12,9,6,1,/en/squads/d07537b9/Brighton-and-Hove-Albion-Stats,2023
ENG-Premier League,2022,Chelsea,32,38.0,859,22.61,667,66,42,42,31,11,68,1.79,57,3,2,2,4,0,/en/squads/cff3d9bb/Chelsea-Stats,2023
ENG-Premier League,2022,Crystal Palace,26,38.0,746,19.63,497,67,56,49,59,18,67,1.76,43,6,6,6,4,2,/en/squads/47c64c55/Crystal-Palace-Stats,2023
ENG-Premier League,2022,Everton,28,38.0,735,19.34,495,84,37,54,45,20,59,1.55,41,5,5,2,4,2,/en/squads/d3fd31cc/Everton-Stats,2023
ENG-Premier League,2022,Fulham,29,38.0,751,19.76,528,78,29,54,47,15,90,2.37,56,9,5,11,7,2,/en/squads/fd962109/Fulham-Stats,2023
ENG-Premier League,2022,Leeds United,29,38.0,783,20.61,535,99,32,54,48,15,69,1.82,43,7,4,9,3,3,/en/squads/5bfb9659/Leeds-United-Stats,2023
ENG-Premier League,2022,Leicester City,28,38.0,744,19.58,540,52,50,50,38,14,87,2.29,59,2,8,8,7,3,/en/squads/a2d435b3/Leicester-City-Stats,2023
ENG-Premier League,2022,Liverpool,28,38.0,1046,27.53,778,85,55,75,33,20,129,3.39,97,9,7,8,7,1,/en/squads/822bd0ba/Liverpool-Stats,2023
ENG-Premier League,2022,Manchester City,24,38.0,1099,28.92,826,81,53,76,49,14,168,4.42,130,7,8,9,12,2,/en/squads/b8fd03ef/Manchester-City-Stats,2023
ENG-Premier League,2022,Manchester Utd,26,38.0,1051,27.66,840,58,46,63,35,9,99,2.61,79,3,8,5,4,0,/en/squads/19538871/Manchester-United-Stats,2023
ENG-Premier League,2022,Newcastle Utd,27,38.0,1008,26.53,690,110,62,77,57,12,106,2.79,64,6,15,10,6,5,/en/squads/b2b47a98/Newcastle-United-Stats,2023
ENG-Premier League,2022,Nott'ham Forest,33,38.0,593,15.61,416,59,31,38,36,13,54,1.42,31,5,4,11,3,0,/en/squads/e4a775cb/Nottingham-Forest-Stats,2023
ENG-Premier League,2022,Southampton,36,38.0,718,18.89,493,77,46,51,38,13,61,1.61,35,5,7,5,6,3,/en/squads/33c895d4/Southampton-Stats,2023
ENG-Premier League,2022,Tottenham,29,38.0,910,23.95,692,60,46,55,38,19,116,3.05,84,7,7,9,7,2,/en/squads/361ca564/Tottenham-Hotspur-Stats,2023
ENG-Premier League,2022,West Ham,25,38.0,817,21.5,586,81,39,61,35,15,67,1.76,41,6,5,9,6,0,/en/squads/7c21e445/West-Ham-United-Stats,2023
ENG-Premier League,2022,Wolves,32,38.0,713,18.76,521,62,30,47,42,11,44,1.16,32,1,3,6,1,1,/en/squads/8cec06e1/Wolverhampton-Wanderers-Stats,2023
ESP-La Liga,2017,Alavés,30,38.0,665,17.5,439,70,49,31,61,15,71,1.87,52,4,7,4,4,0,/en/squads/8d6fd021/2017-2018/Alaves-Stats,2018
ESP-La Liga,2017,Athletic Club,26,38.0,741,19.5,501,95,36,41,52,16,68,1.79,45,4,2,10,7,0,/en/squads/2b390eca/2017-2018/Athletic-Club-Stats,2018
ESP-La Liga,2017,Atlético Madrid,26,38.0,701,18.45,472,73,65,29,45,17,104,2.74,70,2,14,7,7,4,/en/squads/db3b9613/2017-2018/Atletico-Madrid-Stats,2018
ESP-La Liga,2017,Barcelona,25,38.0,1035,27.24,743,45,99,57,71,20,170,4.47,121,5,17,14,10,3,/en/squads/206d90db/2017-2018/Barcelona-Stats,2018
ESP-La Liga,2017,Betis,29,38.0,724,19.05,551,44,61,22,31,15,93,2.45,72,5,6,5,4,1,/en/squads/fc536746/2017-2018/Real-Betis-Stats,2018
ESP-La Liga,2017,Celta Vigo,23,38.0,802,21.11,580,56,49,40,56,21,103,2.71,70,6,8,8,7,4,/en/squads/f25da7fb/2017-2018/Celta-Vigo-Stats,2018
ESP-La Liga,2017,Eibar,27,38.0,809,21.29,537,106,46,34,71,15,72,1.89,50,9,1,7,4,1,/en/squads/bea5c710/2017-2018/Eibar-Stats,2018
ESP-La Liga,2017,Espanyol,25,38.0,724,19.05,505,70,43,37,49,20,60,1.58,40,4,4,2,6,4,/en/squads/a8661628/2017-2018/Espanyol-Stats,2018
ESP-La Liga,2017,Getafe,32,38.0,629,16.55,377,87,54,26,59,26,64,1.68,31,9,9,5,8,2,/en/squads/7848bd64/2017-2018/Getafe-Stats,2018
ESP-La Liga,2017,Girona,25,38.0,794,20.89,497,117,44,40,79,17,88,2.32,47,9,11,7,12,2,/en/squads/9024a00a/2017-2018/Girona-Stats,2018
ESP-La Liga,2017,La Coruña,32,38.0,818,21.53,577,92,52,45,41,11,67,1.76,45,8,3,7,4,0,/en/squads/2a60ed82/2017-2018/Deportivo-La-Coruna-Stats,2018
ESP-La Liga,2017,Las Palmas,36,38.0,732,19.26,519,64,54,26,61,8,41,1.08,28,0,6,3,3,1,/en/squads/0049d422/2017-2018/Las-Palmas-Stats,2018
ESP-La Liga,2017,Leganés,28,38.0,678,17.84,420,84,50,38,61,25,55,1.45,32,6,5,8,3,1,/en/squads/7c6f2c78/2017-2018/Leganes-Stats,2018
ESP-La Liga,2017,Levante,33,38.0,728,19.16,499,65,61,34,48,21,79,2.08,53,5,8,3,10,0,/en/squads/9800b6a1/2017-2018/Levante-Stats,2018
ESP-La Liga,2017,Málaga,37,38.0,687,18.08,427,85,61,39,52,23,34,0.89,20,4,2,3,4,1,/en/squads/1c896955/2017-2018/Malaga-Stats,2018
ESP-La Liga,2017,Real Madrid,24,38.0,1290,33.95,1000,81,82,57,53,17,166,4.37,121,8,9,16,11,1,/en/squads/53a2f082/2017-2018/Real-Madrid-Stats,2018
ESP-La Liga,2017,Real Sociedad,27,38.0,922,24.26,651,90,66,42,62,11,108,2.84,77,8,10,5,7,1,/en/squads/e31d1cd9/2017-2018/Real-Sociedad-Stats,2018
ESP-La Liga,2017,Sevilla,31,38.0,927,24.39,693,75,59,42,43,15,90,2.37,59,8,9,7,6,1,/en/squads/ad2be733/2017-2018/Sevilla-Stats,2018
ESP-La Liga,2017,Valencia,25,38.0,860,22.63,605,76,74,45,47,13,114,3.0,76,7,11,8,9,3,/en/squads/dcc91a7b/2017-2018/Valencia-Stats,2018
ESP-La Liga,2017,Villarreal,32,38.0,831,21.87,605,64,69,37,36,20,95,2.5,67,3,13,7,5,0,/en/squads/2a8183b3/2017-2018/Villarreal-Stats,2018
ESP-La Liga,2018,Alavés,26,38.0,700,18.42,458,93,38,47,58,6,59,1.55,36,8,3,6,5,1,/en/squads/8d6fd021/2018-2019/Alaves-Stats,2019
ESP-La Liga,2018,Athletic Club,27,38.0,693,18.24,477,77,43,42,45,9,70,1.84,49,5,3,6,7,0,/en/squads/2b390eca/2018-2019/Athletic-Club-Stats,2019
ESP-La Liga,2018,Atlético Madrid,29,38.0,788,20.74,569,75,40,40,53,11,89,2.34,63,3,4,11,7,1,/en/squads/db3b9613/2018-2019/Atletico-Madrid-Stats,2019
ESP-La Liga,2018,Barcelona,30,38.0,1000,26.32,766,42,75,42,66,9,158,4.16,113,7,13,10,15,0,/en/squads/206d90db/2018-2019/Barcelona-Stats,2019
ESP-La Liga,2018,Betis,25,38.0,782,20.58,585,47,57,24,55,14,76,2.0,57,0,6,5,7,1,/en/squads/fc536746/2018-2019/Real-Betis-Stats,2019
ESP-La Liga,2018,Celta Vigo,28,38.0,814,21.42,588,56,63,44,55,8,89,2.34,66,3,5,7,8,0,/en/squads/f25da7fb/2018-2019/Celta-Vigo-Stats,2019
ESP-La Liga,2018,Eibar,25,38.0,935,24.61,639,112,57,48,61,18,73,1.92,45,7,3,8,7,3,/en/squads/bea5c710/2018-2019/Eibar-Stats,2019
ESP-La Liga,2018,Espanyol,25,38.0,805,21.18,589,58,39,60,39,20,66,1.74,42,4,2,12,3,3,/en/squads/a8661628/2018-2019/Espanyol-Stats,2019
ESP-La Liga,2018,Getafe,26,38.0,674,17.74,428,90,49,36,56,15,78,2.05,46,7,11,5,8,1,/en/squads/7848bd64/2018-2019/Getafe-Stats,2019
ESP-La Liga,2018,Girona,26,38.0,692,18.21,462,84,39,39,62,6,63,1.66,39,6,2,9,7,0,/en/squads/9024a00a/2018-2019/Girona-Stats,2019
ESP-La Liga,2018,Huesca,30,38.0,815,21.45,546,93,45,56,54,21,76,2.0,42,10,4,10,10,0,/en/squads/c6c493e6/2018-2019/Huesca-Stats,2019
ESP-La Liga,2018,Leganés,29,38.0,707,18.61,490,86,37,34,45,15,61,1.61,42,8,3,5,3,0,/en/squads/7c6f2c78/2018-2019/Leganes-Stats,2019
ESP-La Liga,2018,Levante,26,38.0,759,19.97,512,66,61,41,64,15,98,2.58,63,10,10,7,8,0,/en/squads/9800b6a1/2018-2019/Levante-Stats,2019
ESP-La Liga,2018,Rayo Vallecano,29,38.0,792,20.84,537,80,65,50,42,18,67,1.76,45,2,6,8,6,0,/en/squads/98e8af82/2018-2019/Rayo-Vallecano-Stats,2019
ESP-La Liga,2018,Real Madrid,27,38.0,1071,28.18,792,81,71,66,49,12,103,2.71,66,6,7,13,10,1,/en/squads/53a2f082/2018-2019/Real-Madrid-Stats,2019
ESP-La Liga,2018,Real Sociedad,30,38.0,754,19.84,522,72,53,41,47,19,74,1.95,46,7,5,5,9,2,/en/squads/e31d1cd9/2018-2019/Real-Sociedad-Stats,2019
ESP-La Liga,2018,Sevilla,27,38.0,933,24.55,739,59,44,43,35,13,110,2.89,88,3,6,8,5,0,/en/squads/ad2be733/2018-2019/Sevilla-Stats,2019
ESP-La Liga,2018,Valencia,25,38.0,855,22.5,641,74,42,44,42,12,92,2.42,67,7,4,4,8,2,/en/squads/dcc91a7b/2018-2019/Valencia-Stats,2019
ESP-La Liga,2018,Valladolid,28,38.0,742,19.53,524,70,51,37,49,11,53,1.39,32,5,4,4,8,0,/en/squads/17859612/2018-2019/Valladolid-Stats,2019
ESP-La Liga,2018,Villarreal,26,38.0,871,22.92,638,74,62,51,29,17,77,2.03,45,7,10,11,3,1,/en/squads/2a8183b3/2018-2019/Villarreal-Stats,2019
ESP-La Liga,2019,Alavés,32,38.0,537,14.13,333,88,28,36,46,6,58,1.53,31,8,4,6,8,1,/en/squads/8d6fd021/2019-2020/Alaves-Stats,2020
ESP-La Liga,2019,Athletic Club,26,38.0,690,18.16,469,84,37,36,54,10,65,1.71,43,4,3,6,8,1,/en/squads/2b390eca/2019-2020/Athletic-Club-Stats,2020
ESP-La Liga,2019,Atlético Madrid,30,38.0,790,20.79,546,88,43,51,48,14,86,2.26,56,5,11,5,8,1,/en/squads/db3b9613/2019-2020/Atletico-Madrid-Stats,2020
ESP-La Liga,2019,Barcelona,28,38.0,903,23.76,678,38,82,33,60,12,150,3.95,114,6,10,5,12,3,/en/squads/206d90db/2019-2020/Barcelona-Stats,2020
ESP-La Liga,2019,Betis,27,38.0,837,22.03,611,62,77,37,39,11,75,1.97,52,4,6,7,6,0,/en/squads/fc536746/2019-2020/Real-Betis-Stats,2020
ESP-La Liga,2019,Celta Vigo,30,38.0,659,17.34,477,52,41,37,44,8,67,1.76,43,3,8,5,8,0,/en/squads/f25da7fb/2019-2020/Celta-Vigo-Stats,2020
ESP-La Liga,2019,Eibar,26,38.0,709,18.66,450,97,40,55,48,19,63,1.66,38,7,5,6,7,0,/en/squads/bea5c710/2019-2020/Eibar-Stats,2020
ESP-La Liga,2019,Espanyol,31,38.0,691,18.18,469,82,37,45,50,8,44,1.16,26,5,2,6,3,2,/en/squads/a8661628/2019-2020/Espanyol-Stats,2020
ESP-La Liga,2019,Getafe,30,38.0,691,18.18,464,83,36,35,63,10,70,1.84,43,7,7,6,6,1,/en/squads/7848bd64/2019-2020/Getafe-Stats,2020
ESP-La Liga,2019,Granada,27,38.0,670,17.63,434,89,32,38,58,19,86,2.26,52,9,5,8,8,4,/en/squads/a0435291/2019-2020/Granada-Stats,2020
ESP-La Liga,2019,Leganés,29,38.0,752,19.79,509,87,44,48,57,7,54,1.42,38,4,2,3,6,1,/en/squads/7c6f2c78/2019-2020/Leganes-Stats,2020
ESP-La Liga,2019,Levante,29,38.0,746,19.63,547,71,48,35,37,8,79,2.08,52,4,6,8,9,0,/en/squads/9800b6a1/2019-2020/Levante-Stats,2020
ESP-La Liga,2019,Mallorca,32,38.0,742,19.53,510,78,51,38,57,8,64,1.68,41,1,6,5,10,1,/en/squads/2aa12281/2019-2020/Mallorca-Stats,2020
ESP-La Liga,2019,Osasuna,31,38.0,783,20.61,553,94,40,42,42,12,73,1.92,49,9,4,5,5,1,/en/squads/03c57e2b/2019-2020/Osasuna-Stats,2020
ESP-La Liga,2019,Real Madrid,26,38.0,1021,26.87,780,68,73,46,42,12,125,3.29,90,7,7,5,15,1,/en/squads/53a2f082/2019-2020/Real-Madrid-Stats,2020
ESP-La Liga,2019,Real Sociedad,27,38.0,744,19.58,550,70,34,40,39,11,92,2.42,69,6,4,6,2,5,/en/squads/e31d1cd9/2019-2020/Real-Sociedad-Stats,2020
ESP-La Liga,2019,Sevilla,26,38.0,873,22.97,636,90,51,42,42,12,89,2.34,58,8,10,5,8,0,/en/squads/ad2be733/2019-2020/Sevilla-Stats,2020
ESP-La Liga,2019,Valencia,28,38.0,612,16.11,445,53,39,22,43,10,80,2.11,56,5,8,2,9,0,/en/squads/dcc91a7b/2019-2020/Valencia-Stats,2020
ESP-La Liga,2019,Valladolid,30,38.0,647,17.03,453,47,46,31,58,12,53,1.39,34,2,4,6,7,0,/en/squads/17859612/2019-2020/Valladolid-Stats,2020
ESP-La Liga,2019,Villarreal,25,38.0,864,22.74,642,66,60,44,37,15,108,2.84,71,5,10,10,11,1,/en/squads/2a8183b3/2019-2020/Villarreal-Stats,2020
ESP-La Liga,2020,Alavés,30,38.0,595,15.66,375,98,24,35,50,13,59,1.55,28,10,3,5,9,4,/en/squads/8d6fd021/2020-2021/Alaves-Stats,2021
ESP-La Liga,2020,Athletic Club,27,38.0,723,19.03,539,66,37,25,43,13,73,1.92,52,5,3,5,7,1,/en/squads/2b390eca/2020-2021/Athletic-Club-Stats,2021
ESP-La Liga,2020,Atlético Madrid,25,38.0,796,20.95,585,71,55,42,35,8,120,3.16,90,7,12,3,7,1,/en/squads/db3b9613/2020-2021/Atletico-Madrid-Stats,2021
ESP-La Liga,2020,Barcelona,25,38.0,1064,28.0,833,50,76,34,61,10,136,3.58,105,2,12,9,7,1,/en/squads/206d90db/2020-2021/Barcelona-Stats,2021
ESP-La Liga,2020,Betis,25,38.0,799,21.03,578,74,59,39,36,13,91,2.39,58,12,6,5,9,1,/en/squads/fc536746/2020-2021/Real-Betis-Stats,2021
ESP-La Liga,2020,Celta Vigo,30,38.0,624,16.42,460,51,31,36,38,8,98,2.58,69,6,5,6,10,2,/en/squads/f25da7fb/2020-2021/Celta-Vigo-Stats,2021
ESP-La Liga,2020,Cádiz,34,38.0,517,13.61,330,65,38,27,42,15,53,1.39,37,2,3,6,4,1,/en/squads/ee7c297c/2020-2021/Cadiz-Stats,2021
ESP-La Liga,2020,Eibar,30,38.0,758,19.95,503,88,49,52,51,15,48,1.26,30,3,6,4,2,3,/en/squads/bea5c710/2020-2021/Eibar-Stats,2021
ESP-La Liga,2020,Elche,30,38.0,460,12.11,318,60,22,25,30,5,54,1.42,35,8,3,4,3,1,/en/squads/6c8b07df/2020-2021/Elche-Stats,2021
ESP-La Liga,2020,Getafe,31,38.0,618,16.26,413,70,37,37,52,9,38,1.0,22,0,6,6,4,0,/en/squads/7848bd64/2020-2021/Getafe-Stats,2021
ESP-La Liga,2020,Granada,34,38.0,592,15.58,387,66,37,43,50,9,69,1.82,45,4,5,9,4,2,/en/squads/a0435291/2020-2021/Granada-Stats,2021
ESP-La Liga,2020,Huesca,27,38.0,719,18.92,517,71,44,34,43,10,56,1.47,41,6,2,4,1,2,/en/squads/c6c493e6/2020-2021/Huesca-Stats,2021
ESP-La Liga,2020,Levante,29,38.0,671,17.66,519,48,36,25,29,14,80,2.11,60,4,5,4,3,4,/en/squads/9800b6a1/2020-2021/Levante-Stats,2021
ESP-La Liga,2020,Osasuna,28,38.0,615,16.18,441,70,31,35,30,8,61,1.61,45,4,0,6,3,3,/en/squads/03c57e2b/2020-2021/Osasuna-Stats,2021
ESP-La Liga,2020,Real Madrid,30,38.0,981,25.82,745,79,55,51,41,10,114,3.0,89,6,8,5,4,2,/en/squads/53a2f082/2020-2021/Real-Madrid-Stats,2021
ESP-La Liga,2020,Real Sociedad,30,38.0,749,19.71,532,76,35,45,48,13,100,2.63,72,9,2,9,8,0,/en/squads/e31d1cd9/2020-2021/Real-Sociedad-Stats,2021
ESP-La Liga,2020,Sevilla,26,38.0,830,21.84,635,61,55,36,35,8,87,2.29,65,4,8,6,4,0,/en/squads/ad2be733/2020-2021/Sevilla-Stats,2021
ESP-La Liga,2020,Valencia,30,38.0,687,18.08,482,58,47,34,59,7,86,2.26,58,10,5,5,8,0,/en/squads/dcc91a7b/2020-2021/Valencia-Stats,2021
ESP-La Liga,2020,Valladolid,32,38.0,652,17.16,471,50,33,31,55,12,56,1.47,36,2,3,5,9,1,/en/squads/17859612/2020-2021/Valladolid-Stats,2021
ESP-La Liga,2020,Villarreal,29,38.0,742,19.53,576,46,49,27,37,7,99,2.61,69,3,12,7,7,1,/en/squads/2a8183b3/2020-2021/Villarreal-Stats,2021
ESP-La Liga,2021,Alavés,33,38.0,628,16.53,392,88,38,46,53,11,48,1.26,27,6,4,5,6,0,/en/squads/8d6fd021/2021-2022/Alaves-Stats,2022
ESP-La Liga,2021,Athletic Club,26,38.0,821,21.61,581,94,46,42,47,11,72,1.89,52,9,1,2,5,3,/en/squads/2b390eca/2021-2022/Athletic-Club-Stats,2022
ESP-La Liga,2021,Atlético Madrid,26,38.0,828,21.79,593,86,56,41,40,12,111,2.92,86,6,5,8,3,3,/en/squads/db3b9613/2021-2022/Atletico-Madrid-Stats,2022
ESP-La Liga,2021,Barcelona,38,38.0,942,24.79,728,62,68,34,41,9,123,3.24,95,5,7,8,6,2,/en/squads/206d90db/2021-2022/Barcelona-Stats,2022
ESP-La Liga,2021,Betis,31,38.0,902,23.74,670,75,55,46,41,15,94,2.47,65,5,10,5,8,1,/en/squads/fc536746/2021-2022/Real-Betis-Stats,2022
ESP-La Liga,2021,Celta Vigo,25,38.0,701,18.45,540,43,25,50,34,9,70,1.84,52,2,3,11,1,1,/en/squads/f25da7fb/2021-2022/Celta-Vigo-Stats,2022
ESP-La Liga,2021,Cádiz,33,38.0,687,18.08,459,86,38,47,41,16,55,1.45,32,7,3,5,6,2,/en/squads/ee7c297c/2021-2022/Cadiz-Stats,2022
ESP-La Liga,2021,Elche,28,38.0,592,15.58,426,60,42,23,28,13,68,1.79,50,4,7,3,2,2,/en/squads/6c8b07df/2021-2022/Elche-Stats,2022
ESP-La Liga,2021,Espanyol,34,38.0,721,18.97,521,59,47,40,41,13,67,1.76,45,5,4,8,3,2,/en/squads/a8661628/2021-2022/Espanyol-Stats,2022
ESP-La Liga,2021,Getafe,31,38.0,700,18.42,464,85,32,40,61,18,53,1.39,38,7,3,2,1,2,/en/squads/7848bd64/2021-2022/Getafe-Stats,2022
ESP-La Liga,2021,Granada,32,38.0,702,18.47,488,67,43,49,40,15,68,1.79,45,8,3,6,2,4,/en/squads/a0435291/2021-2022/Granada-Stats,2022
ESP-La Liga,2021,Levante,31,38.0,720,18.95,486,80,48,65,28,13,79,2.08,55,3,5,9,6,1,/en/squads/9800b6a1/2021-2022/Levante-Stats,2022
ESP-La Liga,2021,Mallorca,33,38.0,761,20.03,495,90,47,55,55,19,59,1.55,32,6,4,7,8,2,/en/squads/2aa12281/2021-2022/Mallorca-Stats,2022
ESP-La Liga,2021,Osasuna,29,38.0,721,18.97,502,85,28,49,44,13,62,1.63,42,7,0,7,4,2,/en/squads/03c57e2b/2021-2022/Osasuna-Stats,2022
ESP-La Liga,2021,Rayo Vallecano,28,38.0,862,22.68,603,98,37,54,52,18,63,1.66,36,5,7,8,5,2,/en/squads/98e8af82/2021-2022/Rayo-Vallecano-Stats,2022
ESP-La Liga,2021,Real Madrid,31,38.0,1195,31.45,922,68,83,56,49,17,139,3.66,102,2,13,11,8,3,/en/squads/53a2f082/2021-2022/Real-Madrid-Stats,2022
ESP-La Liga,2021,Real Sociedad,32,38.0,773,20.34,530,70,56,57,46,14,69,1.82,38,3,6,12,10,0,/en/squads/e31d1cd9/2021-2022/Real-Sociedad-Stats,2022
ESP-La Liga,2021,Sevilla,33,38.0,784,20.63,578,78,35,35,43,15,95,2.5,63,9,8,7,5,3,/en/squads/ad2be733/2021-2022/Sevilla-Stats,2022
ESP-La Liga,2021,Valencia,34,38.0,718,18.89,479,93,45,26,64,11,83,2.18,53,8,7,3,11,1,/en/squads/dcc91a7b/2021-2022/Valencia-Stats,2022
ESP-La Liga,2021,Villarreal,29,38.0,800,21.05,593,73,57,38,28,11,112,2.95,73,12,11,10,5,1,/en/squads/2a8183b3/2021-2022/Villarreal-Stats,2022
ESP-La Liga,2022,Almería,29,38.0,758,19.95,533,73,51,51,33,17,76,2.0,51,7,8,7,3,0,/en/squads/78ecf4bb/Almeria-Stats,2023
ESP-La Liga,2022,Athletic Club,26,38.0,945,24.87,678,96,56,59,40,16,78,2.05,54,3,6,7,7,1,/en/squads/2b390eca/Athletic-Club-Stats,2023
ESP-La Liga,2022,Atlético Madrid,27,38.0,958,25.21,756,59,47,51,32,13,116,3.05,82,7,9,13,3,2,/en/squads/db3b9613/Atletico-Madrid-Stats,2023
ESP-La Liga,2022,Barcelona,29,38.0,1049,27.61,824,65,62,58,29,11,125,3.29,106,2,6,11,0,0,/en/squads/206d90db/Barcelona-Stats,2023
ESP-La Liga,2022,Betis,30,38.0,741,19.5,547,55,53,44,35,7,69,1.82,47,3,5,9,5,0,/en/squads/fc536746/Real-Betis-Stats,2023
ESP-La Liga,2022,Celta Vigo,26,38.0,819,21.55,623,62,45,41,37,11,70,1.84,55,3,6,3,1,2,/en/squads/f25da7fb/Celta-Vigo-Stats,2023
ESP-La Liga,2022,Cádiz,38,38.0,663,17.45,461,69,36,42,38,17,49,1.29,32,2,8,5,2,0,/en/squads/ee7c297c/Cadiz-Stats,2023
ESP-La Liga,2022,Elche,32,38.0,726,19.11,495,103,47,37,33,11,54,1.42,36,7,0,4,5,2,/en/squads/6c8b07df/Elche-Stats,2023
ESP-La Liga,2022,Espanyol,33,38.0,735,19.34,506,79,43,53,41,13,84,2.21,58,2,5,13,3,3,/en/squads/a8661628/Espanyol-Stats,2023
ESP-La Liga,2022,Getafe,25,38.0,619,16.29,414,84,25,35,54,7,51,1.34,38,4,2,2,4,1,/en/squads/7848bd64/Getafe-Stats,2023
ESP-La Liga,2022,Girona,29,38.0,821,21.61,597,86,41,45,43,9,102,2.68,70,10,1,5,13,3,/en/squads/9024a00a/Girona-Stats,2023
ESP-La Liga,2022,Mallorca,31,38.0,563,14.82,373,76,33,30,42,9,63,1.66,37,11,4,4,5,2,/en/squads/2aa12281/Mallorca-Stats,2023
ESP-La Liga,2022,Osasuna,26,38.0,779,20.5,564,77,53,41,30,14,69,1.82,53,7,0,5,4,0,/en/squads/03c57e2b/Osasuna-Stats,2023
ESP-La Liga,2022,Rayo Vallecano,28,38.0,881,23.18,651,77,43,40,46,24,69,1.82,50,5,6,3,4,1,/en/squads/98e8af82/Rayo-Vallecano-Stats,2023
ESP-La Liga,2022,Real Madrid,26,38.0,1194,31.42,894,85,88,52,67,8,134,3.53,95,5,15,8,10,1,/en/squads/53a2f082/Real-Madrid-Stats,2023
ESP-La Liga,2022,Real Sociedad,30,38.0,800,21.05,594,71,41,39,38,17,82,2.16,64,3,5,4,3,3,/en/squads/e31d1cd9/Real-Sociedad-Stats,2023
ESP-La Liga,2022,Sevilla,35,38.0,837,22.03,640,74,26,41,39,17,82,2.16,56,8,7,6,5,0,/en/squads/ad2be733/Sevilla-Stats,2023
ESP-La Liga,2022,Valencia,28,38.0,859,22.61,607,80,59,46,51,16,62,1.63,40,6,2,7,6,1,/en/squads/dcc91a7b/Valencia-Stats,2023
ESP-La Liga,2022,Valladolid,36,38.0,792,20.84,581,77,39,36,46,13,59,1.55,40,6,4,4,5,0,/en/squads/17859612/Valladolid-Stats,2023
ESP-La Liga,2022,Villarreal,32,38.0,884,23.26,665,45,73,53,40,8,89,2.34,59,2,13,11,4,0,/en/squads/2a8183b3/Villarreal-Stats,2023
FRA-Ligue 1,2017,Amiens,30,38.0,621,16.34,423,79,46,23,43,7,58,1.53,36,3,7,5,6,1,/en/squads/25622401/2017-2018/Amiens-Stats,2018
FRA-Ligue 1,2017,Angers,27,38.0,798,21.0,536,80,69,49,55,9,69,1.82,43,8,3,8,7,0,/en/squads/69236f98/2017-2018/Angers-Stats,2018
FRA-Ligue 1,2017,Bordeaux,31,38.0,825,21.71,611,55,56,46,43,14,92,2.42,67,4,6,9,5,1,/en/squads/123f3efe/2017-2018/Bordeaux-Stats,2018
FRA-Ligue 1,2017,Caen,26,38.0,794,20.89,544,104,44,35,52,15,47,1.24,35,4,2,1,4,1,/en/squads/74229020/2017-2018/Caen-Stats,2018
FRA-Ligue 1,2017,Dijon,26,38.0,779,20.5,547,74,67,31,52,8,89,2.34,54,6,13,8,7,1,/en/squads/8dfb7350/2017-2018/Dijon-Stats,2018
FRA-Ligue 1,2017,Guingamp,23,38.0,764,20.11,524,75,47,47,61,10,74,1.95,48,4,3,11,8,0,/en/squads/d41b5f53/2017-2018/Guingamp-Stats,2018
FRA-Ligue 1,2017,Lille,25,38.0,790,20.79,576,61,66,32,44,11,73,1.92,53,2,12,3,3,0,/en/squads/cb188c0c/2017-2018/Lille-Stats,2018
FRA-Ligue 1,2017,Lyon,26,38.0,1036,27.26,681,77,107,70,72,29,151,3.97,104,7,14,10,11,5,/en/squads/d53c0b06/2017-2018/Lyon-Stats,2018
FRA-Ligue 1,2017,Marseille,26,38.0,1102,29.0,751,100,100,76,62,13,136,3.58,88,7,15,16,7,3,/en/squads/5725cc7b/2017-2018/Marseille-Stats,2018
FRA-Ligue 1,2017,Metz,36,38.0,763,20.08,518,80,65,37,38,25,57,1.5,43,4,3,3,1,3,/en/squads/f83960ae/2017-2018/Metz-Stats,2018
FRA-Ligue 1,2017,Monaco,32,38.0,835,21.97,549,78,74,49,68,17,138,3.63,82,9,19,16,11,1,/en/squads/fd6114db/2017-2018/Monaco-Stats,2018
FRA-Ligue 1,2017,Montpellier,23,38.0,870,22.89,608,90,66,42,50,14,65,1.71,53,2,4,5,1,0,/en/squads/281b0e73/2017-2018/Montpellier-Stats,2018
FRA-Ligue 1,2017,Nantes,30,38.0,880,23.16,598,83,58,63,61,17,62,1.63,41,3,3,9,6,0,/en/squads/d7a486cd/2017-2018/Nantes-Stats,2018
FRA-Ligue 1,2017,Nice,31,38.0,870,22.89,595,76,81,52,56,10,96,2.53,61,6,10,8,9,2,/en/squads/132ebc33/2017-2018/Nice-Stats,2018
FRA-Ligue 1,2017,Paris S-G,28,38.0,1115,29.34,824,69,89,51,59,23,181,4.76,136,6,20,8,10,1,/en/squads/e2d8892c/2017-2018/Paris-Saint-Germain-Stats,2018
FRA-Ligue 1,2017,Rennes,28,38.0,811,21.34,523,94,51,49,74,20,75,1.97,50,3,5,7,9,1,/en/squads/b3072e00/2017-2018/Rennes-Stats,2018
FRA-Ligue 1,2017,Saint-Étienne,30,38.0,738,19.42,521,68,52,34,51,12,75,1.97,47,4,9,4,9,2,/en/squads/d298ef2c/2017-2018/Saint-Etienne-Stats,2018
FRA-Ligue 1,2017,Strasbourg,25,38.0,789,20.76,526,97,44,46,62,14,78,2.05,47,5,6,7,11,2,/en/squads/c0d3eab4/2017-2018/Strasbourg-Stats,2018
FRA-Ligue 1,2017,Toulouse,25,38.0,771,20.29,499,77,67,45,66,17,63,1.66,40,3,4,5,9,2,/en/squads/3f8c4b5f/2017-2018/Toulouse-Stats,2018
FRA-Ligue 1,2017,Troyes,25,38.0,623,16.39,467,48,39,30,29,10,53,1.39,37,3,5,5,3,0,/en/squads/54195385/2017-2018/Troyes-Stats,2018
FRA-Ligue 1,2018,Amiens,26,38.0,665,17.5,465,66,33,36,53,12,54,1.42,39,4,4,2,3,2,/en/squads/25622401/2018-2019/Amiens-Stats,2019
FRA-Ligue 1,2018,Angers,24,38.0,781,20.55,531,77,56,44,59,14,68,1.79,46,6,4,7,5,0,/en/squads/69236f98/2018-2019/Angers-Stats,2019
FRA-Ligue 1,2018,Bordeaux,33,38.0,750,19.74,564,57,44,29,42,14,59,1.55,44,3,5,4,2,1,/en/squads/123f3efe/2018-2019/Bordeaux-Stats,2019
FRA-Ligue 1,2018,Caen,26,38.0,580,15.26,397,62,28,31,51,11,53,1.39,34,4,3,4,8,0,/en/squads/74229020/2018-2019/Caen-Stats,2019
FRA-Ligue 1,2018,Dijon,26,38.0,805,21.18,551,85,59,48,48,14,50,1.32,31,3,8,6,1,1,/en/squads/8dfb7350/2018-2019/Dijon-Stats,2019
FRA-Ligue 1,2018,Guingamp,30,38.0,718,18.89,495,83,39,37,54,10,50,1.32,31,8,1,4,6,0,/en/squads/d41b5f53/2018-2019/Guingamp-Stats,2019
FRA-Ligue 1,2018,Lille,25,38.0,895,23.55,655,75,58,36,56,15,124,3.26,80,8,16,5,13,2,/en/squads/cb188c0c/2018-2019/Lille-Stats,2019
FRA-Ligue 1,2018,Lyon,25,38.0,1215,31.97,890,86,79,77,74,9,129,3.39,98,1,9,11,8,2,/en/squads/d53c0b06/2018-2019/Lyon-Stats,2019
FRA-Ligue 1,2018,Marseille,24,38.0,925,24.34,647,113,36,62,54,13,101,2.66,69,10,4,15,3,0,/en/squads/5725cc7b/2018-2019/Marseille-Stats,2019
FRA-Ligue 1,2018,Monaco,42,38.0,818,21.53,571,80,54,51,44,18,64,1.68,44,3,4,5,6,2,/en/squads/fd6114db/2018-2019/Monaco-Stats,2019
FRA-Ligue 1,2018,Montpellier,25,38.0,889,23.39,633,91,60,41,53,11,84,2.21,55,6,7,9,5,2,/en/squads/281b0e73/2018-2019/Montpellier-Stats,2019
FRA-Ligue 1,2018,Nantes,33,38.0,905,23.82,630,101,32,47,76,19,72,1.89,46,5,5,9,7,0,/en/squads/d7a486cd/2018-2019/Nantes-Stats,2019
FRA-Ligue 1,2018,Nice,30,38.0,792,20.84,513,77,82,44,61,15,47,1.24,30,3,4,3,7,0,/en/squads/132ebc33/2018-2019/Nice-Stats,2019
FRA-Ligue 1,2018,Nîmes,23,38.0,886,23.32,594,95,66,57,61,13,89,2.34,46,12,11,9,10,1,/en/squads/1cbf5f9e/2018-2019/Nimes-Stats,2019
FRA-Ligue 1,2018,Paris S-G,30,38.0,997,26.24,753,68,66,43,50,17,181,4.76,134,7,14,12,11,3,/en/squads/e2d8892c/2018-2019/Paris-Saint-Germain-Stats,2019
FRA-Ligue 1,2018,Reims,27,38.0,689,18.13,487,68,50,41,33,10,70,1.84,49,4,8,4,4,1,/en/squads/7fdd64e0/2018-2019/Reims-Stats,2019
FRA-Ligue 1,2018,Rennes,28,38.0,837,22.03,566,61,63,42,86,19,90,2.37,55,8,8,9,10,0,/en/squads/b3072e00/2018-2019/Rennes-Stats,2019
FRA-Ligue 1,2018,Saint-Étienne,29,38.0,837,22.03,577,89,49,64,46,12,95,2.5,59,13,3,9,10,1,/en/squads/d298ef2c/2018-2019/Saint-Etienne-Stats,2019
FRA-Ligue 1,2018,Strasbourg,26,38.0,717,18.87,519,78,46,34,31,9,100,2.63,73,8,4,8,6,1,/en/squads/c0d3eab4/2018-2019/Strasbourg-Stats,2019
FRA-Ligue 1,2018,Toulouse,29,38.0,750,19.74,493,79,60,56,52,10,55,1.45,30,4,3,10,8,0,/en/squads/3f8c4b5f/2018-2019/Toulouse-Stats,2019
FRA-Ligue 1,2019,Amiens,27,28.0,405,14.46,283,33,35,12,31,11,50,1.79,36,0,4,4,5,1,/en/squads/25622401/2019-2020/Amiens-Stats,2020
FRA-Ligue 1,2019,Angers,26,28.0,629,22.46,452,65,35,33,35,9,48,1.71,36,2,3,4,3,0,/en/squads/69236f98/2019-2020/Angers-Stats,2020
FRA-Ligue 1,2019,Bordeaux,26,28.0,530,18.93,357,53,32,28,43,17,65,2.32,35,9,7,7,6,1,/en/squads/123f3efe/2019-2020/Bordeaux-Stats,2020
FRA-Ligue 1,2019,Brest,24,28.0,574,20.5,443,47,19,23,25,17,59,2.11,44,5,1,5,1,3,/en/squads/fb08dbb3/2019-2020/Brest-Stats,2020
FRA-Ligue 1,2019,Dijon,28,28.0,580,20.71,390,75,46,32,30,7,44,1.57,31,3,3,6,1,0,/en/squads/8dfb7350/2019-2020/Dijon-Stats,2020
FRA-Ligue 1,2019,Lille,25,28.0,615,21.96,414,65,57,33,37,9,58,2.07,38,5,5,4,5,1,/en/squads/cb188c0c/2019-2020/Lille-Stats,2020
FRA-Ligue 1,2019,Lyon,27,28.0,636,22.71,453,53,56,30,31,13,72,2.57,51,2,9,4,5,1,/en/squads/d53c0b06/2019-2020/Lyon-Stats,2020
FRA-Ligue 1,2019,Marseille,23,28.0,637,22.75,427,74,40,40,43,13,63,2.25,40,6,5,5,6,1,/en/squads/5725cc7b/2019-2020/Marseille-Stats,2020
FRA-Ligue 1,2019,Metz,24,28.0,544,19.43,379,44,49,25,34,13,46,1.64,29,5,6,3,1,2,/en/squads/f83960ae/2019-2020/Metz-Stats,2020
FRA-Ligue 1,2019,Monaco,28,28.0,668,23.86,462,58,55,41,40,12,75,2.68,52,5,5,7,6,0,/en/squads/fd6114db/2019-2020/Monaco-Stats,2020
FRA-Ligue 1,2019,Montpellier,27,28.0,617,22.04,418,70,25,40,51,13,58,2.07,39,6,2,5,5,1,/en/squads/281b0e73/2019-2020/Montpellier-Stats,2020
FRA-Ligue 1,2019,Nantes,29,28.0,583,20.82,407,57,40,30,36,13,40,1.43,30,2,4,2,1,1,/en/squads/d7a486cd/2019-2020/Nantes-Stats,2020
FRA-Ligue 1,2019,Nice,31,28.0,598,21.36,396,52,55,44,39,12,72,2.57,50,7,2,8,5,0,/en/squads/132ebc33/2019-2020/Nice-Stats,2020
FRA-Ligue 1,2019,Nîmes,28,28.0,593,21.18,391,77,35,41,36,13,47,1.68,30,4,3,6,4,0,/en/squads/1cbf5f9e/2019-2020/Nimes-Stats,2020
FRA-Ligue 1,2019,Paris S-G,31,27.0,795,29.44,606,42,61,36,37,13,124,4.59,91,6,12,8,7,0,/en/squads/e2d8892c/2019-2020/Paris-Saint-Germain-Stats,2020
FRA-Ligue 1,2019,Reims,26,28.0,594,21.21,433,61,34,26,31,9,45,1.61,29,5,2,2,7,0,/en/squads/7fdd64e0/2019-2020/Reims-Stats,2020
FRA-Ligue 1,2019,Rennes,26,28.0,602,21.5,422,40,51,30,52,7,62,2.21,44,3,6,5,4,0,/en/squads/b3072e00/2019-2020/Rennes-Stats,2020
FRA-Ligue 1,2019,Saint-Étienne,31,28.0,520,18.57,352,54,38,25,37,14,51,1.82,30,8,2,5,5,1,/en/squads/d298ef2c/2019-2020/Saint-Etienne-Stats,2020
FRA-Ligue 1,2019,Strasbourg,25,27.0,572,21.19,423,56,34,23,31,5,56,2.07,43,3,3,2,5,0,/en/squads/c0d3eab4/2019-2020/Strasbourg-Stats,2020
FRA-Ligue 1,2019,Toulouse,30,28.0,552,19.71,381,57,35,34,29,16,39,1.39,26,2,2,4,4,1,/en/squads/3f8c4b5f/2019-2020/Toulouse-Stats,2020
FRA-Ligue 1,2020,Angers,31,38.0,706,18.58,525,48,41,38,42,12,66,1.74,42,8,2,5,7,2,/en/squads/69236f98/2020-2021/Angers-Stats,2021
FRA-Ligue 1,2020,Bordeaux,28,38.0,740,19.47,476,82,63,45,57,17,76,2.0,45,10,6,5,9,1,/en/squads/123f3efe/2020-2021/Bordeaux-Stats,2021
FRA-Ligue 1,2020,Brest,26,38.0,789,20.76,561,80,45,43,50,10,84,2.21,61,7,3,6,6,1,/en/squads/fb08dbb3/2020-2021/Brest-Stats,2021
FRA-Ligue 1,2020,Dijon,33,38.0,587,15.45,398,64,42,35,42,6,40,1.05,21,5,3,6,4,1,/en/squads/8dfb7350/2020-2021/Dijon-Stats,2021
FRA-Ligue 1,2020,Lens,27,38.0,790,20.79,566,61,58,41,51,13,94,2.47,61,6,8,5,11,3,/en/squads/fd4e0f7d/2020-2021/Lens-Stats,2021
FRA-Ligue 1,2020,Lille,21,38.0,845,22.24,639,61,52,40,42,11,107,2.82,82,3,6,8,8,0,/en/squads/cb188c0c/2020-2021/Lille-Stats,2021
FRA-Ligue 1,2020,Lorient,27,38.0,726,19.11,498,62,47,53,58,8,80,2.11,47,4,5,11,12,1,/en/squads/d2c87802/2020-2021/Lorient-Stats,2021
FRA-Ligue 1,2020,Lyon,29,38.0,1075,28.29,776,83,81,63,53,19,130,3.42,89,5,10,9,14,3,/en/squads/d53c0b06/2020-2021/Lyon-Stats,2021
FRA-Ligue 1,2020,Marseille,31,38.0,672,17.68,487,59,31,31,49,15,97,2.55,68,9,3,4,10,3,/en/squads/5725cc7b/2020-2021/Marseille-Stats,2021
FRA-Ligue 1,2020,Metz,27,38.0,762,20.05,529,75,43,39,65,11,71,1.87,46,2,6,6,9,2,/en/squads/f83960ae/2020-2021/Metz-Stats,2021
FRA-Ligue 1,2020,Monaco,30,38.0,851,22.39,599,93,41,53,48,17,129,3.39,89,9,7,6,15,3,/en/squads/fd6114db/2020-2021/Monaco-Stats,2021
FRA-Ligue 1,2020,Montpellier,25,38.0,788,20.74,519,91,43,52,65,18,104,2.74,70,8,9,10,7,0,/en/squads/281b0e73/2020-2021/Montpellier-Stats,2021
FRA-Ligue 1,2020,Nantes,25,38.0,699,18.39,476,66,55,36,50,16,78,2.05,49,4,10,7,8,0,/en/squads/d7a486cd/2020-2021/Nantes-Stats,2021
FRA-Ligue 1,2020,Nice,31,38.0,707,18.61,488,62,58,42,45,12,79,2.08,51,4,5,8,10,1,/en/squads/132ebc33/2020-2021/Nice-Stats,2021
FRA-Ligue 1,2020,Nîmes,33,38.0,639,16.82,432,67,41,36,46,17,64,1.68,44,1,7,3,9,0,/en/squads/1cbf5f9e/2020-2021/Nimes-Stats,2021
FRA-Ligue 1,2020,Paris S-G,33,38.0,982,25.84,720,68,65,55,62,12,135,3.55,95,6,10,10,13,1,/en/squads/e2d8892c/2020-2021/Paris-Saint-Germain-Stats,2021
FRA-Ligue 1,2020,Reims,29,38.0,620,16.32,469,42,34,32,32,11,64,1.68,36,7,6,9,4,2,/en/squads/7fdd64e0/2020-2021/Reims-Stats,2021
FRA-Ligue 1,2020,Rennes,32,38.0,921,24.24,660,86,48,53,61,13,88,2.32,58,11,7,3,7,2,/en/squads/b3072e00/2020-2021/Rennes-Stats,2021
FRA-Ligue 1,2020,Saint-Étienne,40,38.0,769,20.24,492,107,60,47,49,14,66,1.74,40,6,7,9,4,0,/en/squads/d298ef2c/2020-2021/Saint-Etienne-Stats,2021
FRA-Ligue 1,2020,Strasbourg,26,38.0,693,18.24,466,80,36,56,44,11,75,1.97,49,4,4,11,6,1,/en/squads/c0d3eab4/2020-2021/Strasbourg-Stats,2021
FRA-Ligue 1,2021,Angers,30,38.0,671,17.66,439,76,58,36,45,17,71,1.87,38,6,6,9,10,2,/en/squads/69236f98/2021-2022/Angers-Stats,2022
FRA-Ligue 1,2021,Bordeaux,39,38.0,768,20.21,539,73,53,48,32,23,91,2.39,61,12,9,5,3,1,/en/squads/123f3efe/2021-2022/Bordeaux-Stats,2022
FRA-Ligue 1,2021,Brest,25,38.0,698,18.37,490,75,40,43,36,14,78,2.05,49,7,7,7,6,2,/en/squads/fb08dbb3/2021-2022/Brest-Stats,2022
FRA-Ligue 1,2021,Clermont Foot,28,38.0,771,20.29,553,76,53,49,30,10,64,1.68,43,7,5,6,3,0,/en/squads/d9676424/2021-2022/Clermont-Foot-Stats,2022
FRA-Ligue 1,2021,Lens,28,38.0,900,23.68,680,60,53,56,30,21,106,2.79,75,4,6,11,7,3,/en/squads/fd4e0f7d/2021-2022/Lens-Stats,2022
FRA-Ligue 1,2021,Lille,26,38.0,811,21.34,592,73,53,45,35,13,81,2.13,50,7,7,9,8,0,/en/squads/cb188c0c/2021-2022/Lille-Stats,2022
FRA-Ligue 1,2021,Lorient,29,38.0,758,19.95,531,62,45,50,48,22,60,1.58,39,2,8,4,7,0,/en/squads/d2c87802/2021-2022/Lorient-Stats,2022
FRA-Ligue 1,2021,Lyon,30,38.0,986,25.95,745,65,61,61,40,14,111,2.92,83,4,5,12,7,0,/en/squads/d53c0b06/2021-2022/Lyon-Stats,2022
FRA-Ligue 1,2021,Marseille,27,38.0,904,23.79,662,78,43,53,54,14,110,2.89,75,7,5,8,12,3,/en/squads/5725cc7b/2021-2022/Marseille-Stats,2022
FRA-Ligue 1,2021,Metz,36,38.0,634,16.68,449,62,33,36,41,13,55,1.45,39,3,3,5,5,0,/en/squads/f83960ae/2021-2022/Metz-Stats,2022
FRA-Ligue 1,2021,Monaco,27,38.0,779,20.5,572,74,39,40,41,13,107,2.82,87,3,4,5,8,0,/en/squads/fd6114db/2021-2022/Monaco-Stats,2022
FRA-Ligue 1,2021,Montpellier,26,38.0,736,19.37,516,60,41,41,61,17,85,2.24,59,7,6,6,6,1,/en/squads/281b0e73/2021-2022/Montpellier-Stats,2022
FRA-Ligue 1,2021,Nantes,26,38.0,723,19.03,498,81,45,48,38,13,89,2.34,62,6,7,6,7,1,/en/squads/d7a486cd/2021-2022/Nantes-Stats,2022
FRA-Ligue 1,2021,Nice,27,38.0,789,20.76,575,69,52,41,39,13,94,2.47,70,4,5,6,9,0,/en/squads/132ebc33/2021-2022/Nice-Stats,2022
FRA-Ligue 1,2021,Paris S-G,36,38.0,1018,26.79,767,56,83,54,44,14,159,4.18,119,6,18,9,6,1,/en/squads/e2d8892c/2021-2022/Paris-Saint-Germain-Stats,2022
FRA-Ligue 1,2021,Reims,35,38.0,692,18.21,498,59,52,32,38,13,71,1.87,46,7,4,6,8,0,/en/squads/7fdd64e0/2021-2022/Reims-Stats,2022
FRA-Ligue 1,2021,Rennes,28,38.0,971,25.55,712,103,32,74,37,13,151,3.97,120,7,6,10,6,2,/en/squads/b3072e00/2021-2022/Rennes-Stats,2022
FRA-Ligue 1,2021,Saint-Étienne,39,38.0,749,19.71,517,69,59,42,48,14,65,1.71,37,9,5,7,5,2,/en/squads/d298ef2c/2021-2022/Saint-Etienne-Stats,2022
FRA-Ligue 1,2021,Strasbourg,26,38.0,810,21.32,588,82,30,55,43,12,98,2.58,70,5,5,10,8,0,/en/squads/c0d3eab4/2021-2022/Strasbourg-Stats,2022
FRA-Ligue 1,2021,Troyes,35,38.0,668,17.58,472,60,44,43,38,11,54,1.42,33,4,2,9,6,0,/en/squads/54195385/2021-2022/Troyes-Stats,2022
FRA-Ligue 1,2022,Ajaccio,36,38.0,539,14.18,350,72,22,34,51,10,38,1.0,23,0,3,5,5,2,/en/squads/7a54bb4f/Ajaccio-Stats,2023
FRA-Ligue 1,2022,Angers,33,38.0,647,17.03,471,56,44,25,44,7,53,1.39,35,5,2,4,7,0,/en/squads/69236f98/Angers-Stats,2023
FRA-Ligue 1,2022,Auxerre,33,38.0,733,19.29,528,61,52,40,35,17,50,1.32,28,4,3,7,8,0,/en/squads/5ae09109/Auxerre-Stats,2023
FRA-Ligue 1,2022,Brest,29,38.0,736,19.37,495,98,33,50,41,19,73,1.92,39,10,4,8,9,3,/en/squads/fb08dbb3/Brest-Stats,2023
FRA-Ligue 1,2022,Clermont Foot,28,38.0,668,17.58,497,51,32,39,39,10,72,1.89,45,4,5,11,6,1,/en/squads/d9676424/Clermont-Foot-Stats,2023
FRA-Ligue 1,2022,Lens,29,38.0,921,24.24,681,80,50,49,40,21,116,3.05,85,8,9,6,5,3,/en/squads/fd4e0f7d/Lens-Stats,2023
FRA-Ligue 1,2022,Lille,26,38.0,996,26.21,735,79,50,70,51,11,111,2.92,76,6,2,15,12,0,/en/squads/cb188c0c/Lille-Stats,2023
FRA-Ligue 1,2022,Lorient,30,38.0,705,18.55,505,43,66,38,38,15,86,2.26,52,6,15,5,6,2,/en/squads/d2c87802/Lorient-Stats,2023
FRA-Ligue 1,2022,Lyon,29,38.0,902,23.74,668,67,61,52,39,15,109,2.87,85,6,3,8,6,1,/en/squads/d53c0b06/Lyon-Stats,2023
FRA-Ligue 1,2022,Marseille,30,38.0,954,25.11,693,71,61,71,38,20,98,2.58,55,8,9,16,6,4,/en/squads/5725cc7b/Marseille-Stats,2023
FRA-Ligue 1,2022,Monaco,27,38.0,834,21.95,620,69,47,46,35,17,117,3.08,78,9,7,11,9,3,/en/squads/fd6114db/Monaco-Stats,2023
FRA-Ligue 1,2022,Montpellier,31,38.0,748,19.68,515,74,45,49,52,13,106,2.79,77,5,4,11,8,1,/en/squads/281b0e73/Montpellier-Stats,2023
FRA-Ligue 1,2022,Nantes,29,38.0,771,20.29,558,70,52,49,33,9,63,1.66,45,6,3,4,4,1,/en/squads/d7a486cd/Nantes-Stats,2023
FRA-Ligue 1,2022,Nice,34,38.0,894,23.53,654,77,66,55,25,17,82,2.16,52,6,10,10,4,0,/en/squads/132ebc33/Nice-Stats,2023
FRA-Ligue 1,2022,Paris S-G,26,38.0,1024,26.95,791,60,57,58,47,11,151,3.97,116,5,9,11,8,2,/en/squads/e2d8892c/Paris-Saint-Germain-Stats,2023
FRA-Ligue 1,2022,Reims,34,38.0,900,23.68,687,54,50,54,33,22,79,2.08,55,2,8,7,7,0,/en/squads/7fdd64e0/Reims-Stats,2023
FRA-Ligue 1,2022,Rennes,32,38.0,932,24.53,679,69,70,66,30,18,114,3.0,79,3,15,9,6,2,/en/squads/b3072e00/Rennes-Stats,2023
FRA-Ligue 1,2022,Strasbourg,29,38.0,774,20.37,550,69,38,45,53,19,78,2.05,52,2,5,9,7,3,/en/squads/c0d3eab4/Strasbourg-Stats,2023
FRA-Ligue 1,2022,Toulouse,29,38.0,768,20.21,558,70,30,66,33,11,81,2.13,59,5,3,10,4,0,/en/squads/3f8c4b5f/Toulouse-Stats,2023
FRA-Ligue 1,2022,Troyes,32,38.0,696,18.32,503,59,47,40,34,13,72,1.89,48,3,6,8,7,0,/en/squads/54195385/Troyes-Stats,2023
GER-Bundesliga,2017,Augsburg,27,34.0,747,21.97,518,90,27,48,46,18,68,2.0,45,6,1,9,6,1,/en/squads/0cdc4311/2017-2018/Augsburg-Stats,2018
GER-Bundesliga,2017,Bayern Munich,28,34.0,1105,32.5,863,86,37,52,54,13,169,4.97,134,7,9,9,8,2,/en/squads/054efa67/2017-2018/Bayern-Munich-Stats,2018
GER-Bundesliga,2017,Dortmund,30,34.0,857,25.21,658,53,39,60,28,19,102,3.0,72,1,10,15,2,2,/en/squads/add600ae/2017-2018/Dortmund-Stats,2018
GER-Bundesliga,2017,Eint Frankfurt,28,34.0,678,19.94,479,81,26,42,32,18,83,2.44,61,7,2,5,6,2,/en/squads/f0ac8ee6/2017-2018/Eintracht-Frankfurt-Stats,2018
GER-Bundesliga,2017,Freiburg,29,34.0,670,19.71,460,81,26,37,55,11,56,1.65,31,10,4,2,7,2,/en/squads/a486e511/2017-2018/Freiburg-Stats,2018
GER-Bundesliga,2017,Hamburger SV,29,34.0,678,19.94,445,83,45,37,49,19,46,1.35,26,2,3,8,4,3,/en/squads/26790c6a/2017-2018/Hamburger-SV-Stats,2018
GER-Bundesliga,2017,Hannover 96,26,34.0,763,22.44,509,89,36,55,59,15,78,2.29,53,7,2,8,8,0,/en/squads/60b5e41f/2017-2018/Hannover-96-Stats,2018
GER-Bundesliga,2017,Hertha BSC,25,34.0,562,16.53,401,59,28,29,39,6,79,2.32,49,10,4,6,9,1,/en/squads/2818f8bc/2017-2018/Hertha-BSC-Stats,2018
GER-Bundesliga,2017,Hoffenheim,26,34.0,843,24.79,648,61,44,47,31,12,105,3.09,72,6,7,11,6,3,/en/squads/033ea6b8/2017-2018/Hoffenheim-Stats,2018
GER-Bundesliga,2017,Köln,31,34.0,669,19.68,487,56,31,38,41,16,63,1.85,37,9,5,3,8,1,/en/squads/bc357bf7/2017-2018/Koln-Stats,2018
GER-Bundesliga,2017,Leverkusen,24,34.0,913,26.85,689,65,50,40,49,20,105,3.09,75,6,13,2,5,4,/en/squads/c7a9f859/2017-2018/Bayer-Leverkusen-Stats,2018
GER-Bundesliga,2017,M'Gladbach,27,34.0,795,23.38,566,72,46,53,41,17,77,2.26,44,7,6,11,7,2,/en/squads/32f3ee20/2017-2018/Monchengladbach-Stats,2018
GER-Bundesliga,2017,Mainz 05,27,34.0,724,21.29,525,63,38,29,47,22,66,1.94,45,7,4,4,6,0,/en/squads/a224b06a/2017-2018/Mainz-05-Stats,2018
GER-Bundesliga,2017,RB Leipzig,23,34.0,872,25.65,638,71,60,42,42,19,104,3.06,78,5,7,8,5,1,/en/squads/acbb6a5b/2017-2018/RB-Leipzig-Stats,2018
GER-Bundesliga,2017,Schalke 04,24,34.0,730,21.47,476,82,55,42,53,22,89,2.62,47,10,7,8,15,2,/en/squads/c539e393/2017-2018/Schalke-04-Stats,2018
GER-Bundesliga,2017,Stuttgart,26,34.0,628,18.47,431,59,37,40,34,27,58,1.71,28,5,9,10,3,3,/en/squads/598bc722/2017-2018/Stuttgart-Stats,2018
GER-Bundesliga,2017,Werder Bremen,25,34.0,789,23.21,566,78,32,63,39,11,58,1.71,33,8,2,10,2,3,/en/squads/62add3bf/2017-2018/Werder-Bremen-Stats,2018
GER-Bundesliga,2017,Wolfsburg,29,34.0,625,18.38,460,49,23,34,46,13,66,1.94,51,5,2,2,5,1,/en/squads/4eaa11d7/2017-2018/Wolfsburg-Stats,2018
GER-Bundesliga,2018,Augsburg,30,34.0,766,22.53,540,75,37,54,42,18,81,2.38,54,4,3,12,6,2,/en/squads/0cdc4311/2018-2019/Augsburg-Stats,2019
GER-Bundesliga,2018,Bayern Munich,24,34.0,1135,33.38,794,103,84,88,54,12,147,4.32,98,10,13,19,4,3,/en/squads/054efa67/2018-2019/Bayern-Munich-Stats,2019
GER-Bundesliga,2018,Dortmund,23,34.0,796,23.41,583,57,50,46,48,12,142,4.18,105,6,7,11,10,3,/en/squads/add600ae/2018-2019/Dortmund-Stats,2019
GER-Bundesliga,2018,Düsseldorf,24,34.0,731,21.5,511,78,38,50,39,15,85,2.5,57,4,9,6,4,5,/en/squads/b1278397/2018-2019/Dusseldorf-Stats,2019
GER-Bundesliga,2018,Eint Frankfurt,30,34.0,710,20.88,481,83,57,38,40,11,97,2.85,70,7,7,10,2,1,/en/squads/f0ac8ee6/2018-2019/Eintracht-Frankfurt-Stats,2019
GER-Bundesliga,2018,Freiburg,28,34.0,734,21.59,515,71,42,47,46,13,71,2.09,44,6,0,10,9,2,/en/squads/a486e511/2018-2019/Freiburg-Stats,2019
GER-Bundesliga,2018,Hannover 96,32,34.0,662,19.47,457,64,41,36,49,15,55,1.62,43,2,4,2,4,0,/en/squads/60b5e41f/2018-2019/Hannover-96-Stats,2019
GER-Bundesliga,2018,Hertha BSC,26,34.0,711,20.91,496,66,52,51,37,9,83,2.44,51,4,9,10,7,2,/en/squads/2818f8bc/2018-2019/Hertha-BSC-Stats,2019
GER-Bundesliga,2018,Hoffenheim,29,34.0,1081,31.79,786,80,80,69,44,22,118,3.47,84,6,8,12,8,0,/en/squads/033ea6b8/2018-2019/Hoffenheim-Stats,2019
GER-Bundesliga,2018,Leverkusen,21,34.0,894,26.29,683,55,44,57,40,15,117,3.44,94,5,1,11,6,0,/en/squads/c7a9f859/2018-2019/Bayer-Leverkusen-Stats,2019
GER-Bundesliga,2018,M'Gladbach,22,34.0,804,23.65,596,63,41,63,32,9,97,2.85,73,5,9,7,3,0,/en/squads/32f3ee20/2018-2019/Monchengladbach-Stats,2019
GER-Bundesliga,2018,Mainz 05,28,34.0,861,25.32,630,67,59,49,41,15,77,2.26,54,3,9,4,4,3,/en/squads/a224b06a/2018-2019/Mainz-05-Stats,2019
GER-Bundesliga,2018,Nürnberg,27,34.0,624,18.35,426,72,21,48,50,7,39,1.15,24,4,1,7,3,0,/en/squads/6f2c108c/2018-2019/Nurnberg-Stats,2019
GER-Bundesliga,2018,RB Leipzig,23,34.0,861,25.32,626,75,58,48,46,8,101,2.97,63,3,16,10,5,4,/en/squads/acbb6a5b/2018-2019/RB-Leipzig-Stats,2019
GER-Bundesliga,2018,Schalke 04,32,34.0,707,20.79,442,93,42,43,69,18,60,1.76,34,6,6,6,7,1,/en/squads/c539e393/2018-2019/Schalke-04-Stats,2019
GER-Bundesliga,2018,Stuttgart,26,34.0,714,21.0,517,73,36,39,34,15,58,1.71,41,6,4,6,1,0,/en/squads/598bc722/2018-2019/Stuttgart-Stats,2019
GER-Bundesliga,2018,Werder Bremen,24,34.0,832,24.47,636,61,44,48,30,13,102,3.0,68,3,14,9,7,1,/en/squads/62add3bf/2018-2019/Werder-Bremen-Stats,2019
GER-Bundesliga,2018,Wolfsburg,25,34.0,754,22.18,543,83,37,40,45,6,100,2.94,64,9,6,13,6,2,/en/squads/4eaa11d7/2018-2019/Wolfsburg-Stats,2019
GER-Bundesliga,2019,Augsburg,28,34.0,599,17.62,391,71,42,34,49,12,68,2.0,43,4,7,4,8,2,/en/squads/0cdc4311/2019-2020/Augsburg-Stats,2020
GER-Bundesliga,2019,Bayern Munich,29,34.0,1108,32.59,862,72,70,56,34,14,176,5.18,140,7,11,7,9,2,/en/squads/054efa67/2019-2020/Bayern-Munich-Stats,2020
GER-Bundesliga,2019,Dortmund,27,34.0,794,23.35,598,59,57,43,29,8,155,4.56,129,5,13,6,2,0,/en/squads/add600ae/2019-2020/Dortmund-Stats,2020
GER-Bundesliga,2019,Düsseldorf,28,34.0,747,21.97,491,89,52,41,59,15,64,1.88,45,7,4,4,4,0,/en/squads/b1278397/2019-2020/Dusseldorf-Stats,2020
GER-Bundesliga,2019,Eint Frankfurt,27,34.0,878,25.82,611,95,63,60,39,10,100,2.94,61,16,6,13,2,2,/en/squads/f0ac8ee6/2019-2020/Eintracht-Frankfurt-Stats,2020
GER-Bundesliga,2019,Freiburg,26,34.0,784,23.06,517,89,50,56,67,5,75,2.21,38,9,5,8,15,0,/en/squads/a486e511/2019-2020/Freiburg-Stats,2020
GER-Bundesliga,2019,Hertha BSC,32,34.0,636,18.71,446,63,46,39,34,8,83,2.44,52,8,11,8,4,0,/en/squads/2818f8bc/2019-2020/Hertha-BSC-Stats,2020
GER-Bundesliga,2019,Hoffenheim,31,34.0,797,23.44,538,83,56,55,55,10,91,2.68,60,6,7,12,4,2,/en/squads/033ea6b8/2019-2020/Hoffenheim-Stats,2020
GER-Bundesliga,2019,Köln,29,34.0,724,21.29,500,73,44,47,45,15,83,2.44,54,7,7,9,6,0,/en/squads/bc357bf7/2019-2020/Koln-Stats,2020
GER-Bundesliga,2019,Leverkusen,24,34.0,853,25.09,614,91,59,53,25,11,108,3.18,80,8,9,4,5,2,/en/squads/c7a9f859/2019-2020/Bayer-Leverkusen-Stats,2020
GER-Bundesliga,2019,M'Gladbach,25,34.0,827,24.32,589,66,56,47,56,13,114,3.35,82,8,10,5,8,1,/en/squads/32f3ee20/2019-2020/Monchengladbach-Stats,2020
GER-Bundesliga,2019,Mainz 05,25,34.0,795,23.38,552,81,66,41,44,11,76,2.24,51,5,9,6,4,1,/en/squads/a224b06a/2019-2020/Mainz-05-Stats,2020
GER-Bundesliga,2019,Paderborn 07,27,34.0,730,21.47,487,76,61,43,47,16,59,1.74,40,3,5,9,2,0,/en/squads/d9f93f02/2019-2020/Paderborn-07-Stats,2020
GER-Bundesliga,2019,RB Leipzig,29,34.0,981,28.85,726,73,65,61,42,14,138,4.06,92,9,17,11,8,1,/en/squads/acbb6a5b/2019-2020/RB-Leipzig-Stats,2020
GER-Bundesliga,2019,Schalke 04,29,34.0,639,18.79,431,69,44,42,37,16,58,1.71,43,5,4,1,5,0,/en/squads/c539e393/2019-2020/Schalke-04-Stats,2020
GER-Bundesliga,2019,Union Berlin,26,34.0,659,19.38,424,86,41,49,49,10,66,1.94,37,8,3,8,8,2,/en/squads/7a41008f/2019-2020/Union-Berlin-Stats,2020
GER-Bundesliga,2019,Werder Bremen,30,34.0,756,22.24,536,68,44,52,37,19,69,2.03,43,4,6,11,2,3,/en/squads/62add3bf/2019-2020/Werder-Bremen-Stats,2020
GER-Bundesliga,2019,Wolfsburg,26,34.0,814,23.94,542,94,50,59,57,12,80,2.35,49,6,9,7,9,0,/en/squads/4eaa11d7/2019-2020/Wolfsburg-Stats,2020
GER-Bundesliga,2020,Arminia,26,34.0,558,16.41,371,60,40,27,48,12,38,1.12,27,2,4,2,2,1,/en/squads/247c4b67/2020-2021/Arminia-Stats,2021
GER-Bundesliga,2020,Augsburg,25,34.0,566,16.65,377,65,39,28,44,13,57,1.68,40,4,4,5,4,0,/en/squads/0cdc4311/2020-2021/Augsburg-Stats,2021
GER-Bundesliga,2020,Bayern Munich,29,34.0,1040,30.59,823,67,59,55,27,9,171,5.03,134,8,13,8,7,1,/en/squads/054efa67/2020-2021/Bayern-Munich-Stats,2021
GER-Bundesliga,2020,Dortmund,26,34.0,879,25.85,655,61,57,46,47,13,131,3.85,99,7,11,7,5,2,/en/squads/add600ae/2020-2021/Dortmund-Stats,2021
GER-Bundesliga,2020,Eint Frankfurt,25,34.0,806,23.71,595,81,35,43,41,11,114,3.35,75,11,5,10,11,2,/en/squads/f0ac8ee6/2020-2021/Eintracht-Frankfurt-Stats,2021
GER-Bundesliga,2020,Freiburg,24,34.0,666,19.59,474,73,22,47,44,6,83,2.44,55,8,3,10,6,1,/en/squads/a486e511/2020-2021/Freiburg-Stats,2021
GER-Bundesliga,2020,Hertha BSC,32,34.0,644,18.94,447,62,47,31,44,13,68,2.0,50,3,3,5,7,0,/en/squads/2818f8bc/2020-2021/Hertha-BSC-Stats,2021
GER-Bundesliga,2020,Hoffenheim,30,34.0,768,22.59,584,63,34,35,42,10,91,2.68,62,6,9,7,7,0,/en/squads/033ea6b8/2020-2021/Hoffenheim-Stats,2021
GER-Bundesliga,2020,Köln,28,34.0,630,18.53,444,69,33,36,43,5,56,1.65,36,5,4,7,4,0,/en/squads/bc357bf7/2020-2021/Koln-Stats,2021
GER-Bundesliga,2020,Leverkusen,30,34.0,781,22.97,580,61,60,46,27,7,92,2.71,62,7,11,9,3,0,/en/squads/c7a9f859/2020-2021/Bayer-Leverkusen-Stats,2021
GER-Bundesliga,2020,M'Gladbach,23,34.0,779,22.91,556,77,39,53,46,8,109,3.21,70,9,3,14,13,0,/en/squads/32f3ee20/2020-2021/Monchengladbach-Stats,2021
GER-Bundesliga,2020,Mainz 05,31,34.0,628,18.47,440,68,34,31,42,13,64,1.88,42,6,2,8,6,0,/en/squads/a224b06a/2020-2021/Mainz-05-Stats,2021
GER-Bundesliga,2020,RB Leipzig,25,34.0,973,28.62,731,67,47,60,55,13,104,3.06,71,4,8,10,8,3,/en/squads/acbb6a5b/2020-2021/RB-Leipzig-Stats,2021
GER-Bundesliga,2020,Schalke 04,42,34.0,519,15.26,340,65,27,39,40,8,41,1.21,30,4,3,2,2,0,/en/squads/c539e393/2020-2021/Schalke-04-Stats,2021
GER-Bundesliga,2020,Stuttgart,29,34.0,805,23.68,580,73,41,49,45,17,93,2.74,63,8,6,5,9,2,/en/squads/598bc722/2020-2021/Stuttgart-Stats,2021
GER-Bundesliga,2020,Union Berlin,27,34.0,683,20.09,475,73,26,41,50,18,86,2.53,59,10,2,4,8,3,/en/squads/7a41008f/2020-2021/Union-Berlin-Stats,2021
GER-Bundesliga,2020,Werder Bremen,27,34.0,619,18.21,448,54,31,34,41,11,62,1.82,44,7,2,3,5,1,/en/squads/62add3bf/2020-2021/Werder-Bremen-Stats,2021
GER-Bundesliga,2020,Wolfsburg,26,34.0,811,23.85,593,72,45,54,39,8,99,2.91,76,4,6,8,4,1,/en/squads/4eaa11d7/2020-2021/Wolfsburg-Stats,2021
GER-Bundesliga,2021,Arminia,26,34.0,586,17.24,410,52,41,39,34,10,42,1.24,32,2,1,4,3,0,/en/squads/247c4b67/2021-2022/Arminia-Stats,2022
GER-Bundesliga,2021,Augsburg,26,34.0,608,17.88,433,70,24,35,29,17,59,1.74,37,8,2,8,4,0,/en/squads/0cdc4311/2021-2022/Augsburg-Stats,2022
GER-Bundesliga,2021,Bayern Munich,30,34.0,1170,34.41,874,93,64,84,36,19,161,4.74,122,13,9,10,5,2,/en/squads/054efa67/2021-2022/Bayern-Munich-Stats,2022
GER-Bundesliga,2021,Bochum,28,34.0,662,19.47,451,75,27,39,56,14,60,1.76,38,5,4,5,6,2,/en/squads/b42c6323/2021-2022/Bochum-Stats,2022
GER-Bundesliga,2021,Dortmund,33,34.0,796,23.41,570,71,51,51,43,10,141,4.15,96,7,12,12,10,4,/en/squads/add600ae/2021-2022/Dortmund-Stats,2022
GER-Bundesliga,2021,Eint Frankfurt,27,34.0,762,22.41,528,88,36,61,38,11,75,2.21,51,8,4,8,4,0,/en/squads/f0ac8ee6/2021-2022/Eintracht-Frankfurt-Stats,2022
GER-Bundesliga,2021,Freiburg,26,34.0,775,22.79,526,99,21,65,57,7,90,2.65,57,12,2,8,10,1,/en/squads/a486e511/2021-2022/Freiburg-Stats,2022
GER-Bundesliga,2021,Greuther Fürth,29,34.0,525,15.44,357,48,37,30,35,18,43,1.26,27,3,4,4,5,0,/en/squads/12192a4c/2021-2022/Greuther-Furth-Stats,2022
GER-Bundesliga,2021,Hertha BSC,36,34.0,639,18.79,432,77,31,41,42,16,58,1.71,35,8,1,4,8,2,/en/squads/2818f8bc/2021-2022/Hertha-BSC-Stats,2022
GER-Bundesliga,2021,Hoffenheim,32,34.0,785,23.09,583,71,39,52,27,13,100,2.94,81,3,5,8,1,2,/en/squads/033ea6b8/2021-2022/Hoffenheim-Stats,2022
GER-Bundesliga,2021,Köln,26,34.0,796,23.41,590,88,26,43,37,12,91,2.68,67,8,5,8,2,1,/en/squads/bc357bf7/2021-2022/Koln-Stats,2022
GER-Bundesliga,2021,Leverkusen,29,34.0,804,23.65,596,63,55,52,30,8,134,3.94,100,5,14,10,5,0,/en/squads/c7a9f859/2021-2022/Bayer-Leverkusen-Stats,2022
GER-Bundesliga,2021,M'Gladbach,26,34.0,870,25.59,642,80,34,46,52,16,89,2.62,66,3,4,10,5,1,/en/squads/32f3ee20/2021-2022/Monchengladbach-Stats,2022
GER-Bundesliga,2021,Mainz 05,28,34.0,760,22.35,526,82,32,59,48,13,81,2.38,63,4,3,6,4,1,/en/squads/a224b06a/2021-2022/Mainz-05-Stats,2022
GER-Bundesliga,2021,RB Leipzig,29,34.0,762,22.41,551,75,44,45,42,5,129,3.79,88,10,10,7,13,1,/en/squads/acbb6a5b/2021-2022/RB-Leipzig-Stats,2022
GER-Bundesliga,2021,Stuttgart,34,34.0,794,23.35,552,77,52,57,42,14,70,2.06,43,8,5,10,4,0,/en/squads/598bc722/2021-2022/Stuttgart-Stats,2022
GER-Bundesliga,2021,Union Berlin,28,34.0,688,20.24,496,61,30,58,36,7,70,2.06,49,2,6,11,2,0,/en/squads/7a41008f/2021-2022/Union-Berlin-Stats,2022
GER-Bundesliga,2021,Wolfsburg,30,34.0,723,21.26,502,70,43,51,51,6,68,2.0,47,3,3,8,7,0,/en/squads/4eaa11d7/2021-2022/Wolfsburg-Stats,2022
GER-Bundesliga,2022,Augsburg,34,34.0,578,17.0,383,76,26,42,37,14,70,2.06,42,6,3,10,5,4,/en/squads/0cdc4311/Augsburg-Stats,2023
GER-Bundesliga,2022,Bayern Munich,28,34.0,1094,32.18,841,63,68,78,24,20,153,4.5,114,2,12,16,5,4,/en/squads/054efa67/Bayern-Munich-Stats,2023
GER-Bundesliga,2022,Bochum,26,34.0,678,19.94,464,92,22,41,46,13,67,1.97,44,10,4,4,5,0,/en/squads/b42c6323/Bochum-Stats,2023
GER-Bundesliga,2022,Dortmund,30,34.0,1014,29.82,735,74,80,72,41,12,144,4.24,102,5,16,10,8,3,/en/squads/add600ae/Dortmund-Stats,2023
GER-Bundesliga,2022,Eint Frankfurt,28,34.0,711,20.91,507,62,50,47,35,10,95,2.79,64,2,10,11,8,0,/en/squads/f0ac8ee6/Eintracht-Frankfurt-Stats,2023
GER-Bundesliga,2022,Freiburg,27,34.0,724,21.29,499,87,31,51,45,11,87,2.56,57,11,3,7,9,0,/en/squads/a486e511/Freiburg-Stats,2023
GER-Bundesliga,2022,Hertha BSC,32,34.0,652,19.18,436,65,56,38,42,15,70,2.06,49,4,5,3,9,0,/en/squads/2818f8bc/Hertha-BSC-Stats,2023
GER-Bundesliga,2022,Hoffenheim,31,34.0,719,21.15,513,65,46,36,47,12,83,2.44,57,3,9,7,6,1,/en/squads/033ea6b8/Hoffenheim-Stats,2023
GER-Bundesliga,2022,Köln,27,34.0,705,20.74,505,78,37,50,27,8,78,2.29,57,4,5,7,5,0,/en/squads/bc357bf7/Koln-Stats,2023
GER-Bundesliga,2022,Leverkusen,27,34.0,792,23.29,576,59,57,47,42,11,105,3.09,72,3,15,4,8,3,/en/squads/c7a9f859/Bayer-Leverkusen-Stats,2023
GER-Bundesliga,2022,M'Gladbach,27,34.0,725,21.32,509,89,32,43,40,12,81,2.38,60,7,4,7,3,0,/en/squads/32f3ee20/Monchengladbach-Stats,2023
GER-Bundesliga,2022,Mainz 05,27,34.0,696,20.47,483,77,32,54,38,12,84,2.47,51,9,3,13,6,2,/en/squads/a224b06a/Mainz-05-Stats,2023
GER-Bundesliga,2022,RB Leipzig,25,34.0,874,25.71,629,70,55,63,46,11,108,3.18,76,5,6,10,9,2,/en/squads/acbb6a5b/RB-Leipzig-Stats,2023
GER-Bundesliga,2022,Schalke 04,35,34.0,715,21.03,487,92,26,51,48,11,56,1.65,38,6,2,2,7,1,/en/squads/c539e393/Schalke-04-Stats,2023
GER-Bundesliga,2022,Stuttgart,30,34.0,810,23.82,561,85,52,54,46,12,83,2.44,64,3,5,4,5,2,/en/squads/598bc722/Stuttgart-Stats,2023
GER-Bundesliga,2022,Union Berlin,28,34.0,650,19.12,469,67,29,32,43,10,86,2.53,56,11,3,5,9,2,/en/squads/7a41008f/Union-Berlin-Stats,2023
GER-Bundesliga,2022,Werder Bremen,25,34.0,649,19.09,502,46,30,25,41,5,90,2.65,71,6,3,4,6,0,/en/squads/62add3bf/Werder-Bremen-Stats,2023
GER-Bundesliga,2022,Wolfsburg,28,34.0,713,20.97,510,63,40,46,47,7,102,3.0,75,7,6,5,9,0,/en/squads/4eaa11d7/Wolfsburg-Stats,2023
ITA-Serie A,2017,Atalanta,25,38.0,1015,26.71,725,92,72,77,35,14,98,2.58,67,6,8,9,6,2,/en/squads/922493f3/2017-2018/Atalanta-Stats,2018
ITA-Serie A,2017,Benevento,41,38.0,825,21.71,581,73,60,51,43,17,58,1.53,36,5,4,7,4,2,/en/squads/4fcb34fd/2017-2018/Benevento-Stats,2018
ITA-Serie A,2017,Bologna,30,38.0,643,16.92,464,39,43,32,51,14,62,1.63,38,4,4,8,7,1,/en/squads/1d8099f8/2017-2018/Bologna-Stats,2018
ITA-Serie A,2017,Cagliari,29,38.0,657,17.29,466,77,27,43,36,8,54,1.42,38,6,2,5,3,0,/en/squads/c4260e09/2017-2018/Cagliari-Stats,2018
ITA-Serie A,2017,Chievo,25,38.0,700,18.42,542,53,34,25,32,14,65,1.71,48,7,3,4,3,0,/en/squads/cc919b35/2017-2018/Chievo-Stats,2018
ITA-Serie A,2017,Crotone,29,38.0,651,17.13,442,76,34,33,46,20,64,1.68,47,3,1,8,4,1,/en/squads/3074d7b1/2017-2018/Crotone-Stats,2018
ITA-Serie A,2017,Fiorentina,27,38.0,1083,28.5,814,86,64,61,38,20,96,2.53,65,4,10,7,9,1,/en/squads/421387cf/2017-2018/Fiorentina-Stats,2018
ITA-Serie A,2017,Genoa,33,38.0,750,19.74,561,58,49,40,32,10,54,1.42,36,3,5,4,4,2,/en/squads/658bf2de/2017-2018/Genoa-Stats,2018
ITA-Serie A,2017,Hellas Verona,32,38.0,611,16.08,413,61,45,37,38,17,48,1.26,30,3,3,6,4,2,/en/squads/0e72edf2/2017-2018/Hellas-Verona-Stats,2018
ITA-Serie A,2017,Inter,22,38.0,1031,27.13,786,93,51,47,37,17,111,2.92,73,12,4,10,11,1,/en/squads/d609edc0/2017-2018/Internazionale-Stats,2018
ITA-Serie A,2017,Juventus,24,38.0,1011,26.61,746,73,74,44,63,11,154,4.05,115,6,13,8,11,1,/en/squads/e0652b02/2017-2018/Juventus-Stats,2018
ITA-Serie A,2017,Lazio,24,38.0,1009,26.55,776,72,76,45,33,7,150,3.95,105,9,17,9,10,0,/en/squads/7213da33/2017-2018/Lazio-Stats,2018
ITA-Serie A,2017,Milan,23,38.0,1097,28.87,841,60,65,77,45,9,96,2.53,68,4,3,13,7,1,/en/squads/dc56fe14/2017-2018/Milan-Stats,2018
ITA-Serie A,2017,Napoli,23,38.0,1186,31.21,958,58,68,51,34,17,130,3.42,91,10,10,9,8,2,/en/squads/d48ad4ff/2017-2018/Napoli-Stats,2018
ITA-Serie A,2017,Roma,27,38.0,1152,30.32,837,101,78,59,52,25,102,2.68,72,4,8,3,7,8,/en/squads/cf74a709/2017-2018/Roma-Stats,2018
ITA-Serie A,2017,SPAL,29,38.0,663,17.45,442,73,47,29,54,18,64,1.68,37,5,1,10,10,1,/en/squads/1d2fe027/2017-2018/SPAL-Stats,2018
ITA-Serie A,2017,Sampdoria,27,38.0,819,21.55,572,76,53,49,52,17,89,2.34,57,4,8,7,10,3,/en/squads/8ff9e3b3/2017-2018/Sampdoria-Stats,2018
ITA-Serie A,2017,Sassuolo,28,38.0,867,22.82,622,76,53,54,48,14,50,1.32,33,3,5,4,5,0,/en/squads/e2befd26/2017-2018/Sassuolo-Stats,2018
ITA-Serie A,2017,Torino,27,38.0,793,20.87,561,77,58,43,45,9,95,2.5,66,7,7,10,4,1,/en/squads/105360fe/2017-2018/Torino-Stats,2018
ITA-Serie A,2017,Udinese,27,38.0,783,20.61,568,62,54,42,38,19,80,2.11,50,6,6,6,8,4,/en/squads/04eea015/2017-2018/Udinese-Stats,2018
ITA-Serie A,2018,Atalanta,27,38.0,1148,30.21,864,92,71,75,31,15,137,3.61,100,8,10,12,3,4,/en/squads/922493f3/2018-2019/Atalanta-Stats,2019
ITA-Serie A,2018,Bologna,29,38.0,879,23.13,615,101,40,54,53,16,79,2.08,57,9,3,4,4,2,/en/squads/1d8099f8/2018-2019/Bologna-Stats,2019
ITA-Serie A,2018,Cagliari,30,38.0,757,19.92,541,96,24,48,34,14,64,1.68,43,8,3,5,4,1,/en/squads/c4260e09/2018-2019/Cagliari-Stats,2019
ITA-Serie A,2018,Chievo,36,38.0,688,18.11,515,60,33,41,33,6,40,1.05,27,4,0,6,3,0,/en/squads/cc919b35/2018-2019/Chievo-Stats,2019
ITA-Serie A,2018,Empoli,29,38.0,787,20.71,587,55,56,47,30,12,85,2.24,62,5,9,5,4,0,/en/squads/a3d88bd8/2018-2019/Empoli-Stats,2019
ITA-Serie A,2018,Fiorentina,27,38.0,1002,26.37,722,92,56,69,45,18,69,1.82,44,2,10,6,6,1,/en/squads/421387cf/2018-2019/Fiorentina-Stats,2019
ITA-Serie A,2018,Frosinone,33,38.0,789,20.76,558,89,25,44,62,11,48,1.26,28,6,3,7,4,0,/en/squads/6a7ad59d/2018-2019/Frosinone-Stats,2019
ITA-Serie A,2018,Genoa,31,38.0,931,24.5,636,103,43,60,60,29,63,1.66,44,7,2,3,4,3,/en/squads/658bf2de/2018-2019/Genoa-Stats,2019
ITA-Serie A,2018,Inter,23,38.0,1129,29.71,866,98,42,67,38,18,98,2.58,66,8,6,9,7,2,/en/squads/d609edc0/2018-2019/Internazionale-Stats,2019
ITA-Serie A,2018,Juventus,31,38.0,1103,29.03,816,87,53,72,58,17,108,2.84,71,7,4,14,9,3,/en/squads/e0652b02/2018-2019/Juventus-Stats,2019
ITA-Serie A,2018,Lazio,30,38.0,1093,28.76,834,81,53,64,44,17,89,2.34,60,7,7,9,4,2,/en/squads/7213da33/2018-2019/Lazio-Stats,2019
ITA-Serie A,2018,Milan,23,38.0,1052,27.68,838,61,55,45,35,18,90,2.37,69,3,5,7,5,1,/en/squads/dc56fe14/2018-2019/Milan-Stats,2019
ITA-Serie A,2018,Napoli,26,38.0,1266,33.32,1045,55,56,58,27,25,129,3.39,100,5,7,11,4,2,/en/squads/d48ad4ff/2018-2019/Napoli-Stats,2019
ITA-Serie A,2018,Parma,31,38.0,601,15.82,383,63,54,42,45,14,61,1.61,30,6,7,9,8,1,/en/squads/eab4234c/2018-2019/Parma-Stats,2019
ITA-Serie A,2018,Roma,26,38.0,1107,29.13,785,110,71,74,48,19,116,3.05,80,8,8,7,12,1,/en/squads/cf74a709/2018-2019/Roma-Stats,2019
ITA-Serie A,2018,SPAL,28,38.0,831,21.87,604,83,33,40,57,14,82,2.16,50,14,4,5,9,0,/en/squads/1d2fe027/2018-2019/SPAL-Stats,2019
ITA-Serie A,2018,Sampdoria,24,38.0,838,22.05,642,54,35,44,44,19,104,2.74,81,2,7,6,8,0,/en/squads/8ff9e3b3/2018-2019/Sampdoria-Stats,2019
ITA-Serie A,2018,Sassuolo,29,38.0,882,23.21,678,58,43,54,34,15,79,2.08,52,6,2,12,7,0,/en/squads/e2befd26/2018-2019/Sassuolo-Stats,2019
ITA-Serie A,2018,Torino,25,38.0,916,24.11,646,99,56,49,51,15,86,2.26,55,10,4,5,9,3,/en/squads/105360fe/2018-2019/Torino-Stats,2019
ITA-Serie A,2018,Udinese,31,38.0,818,21.53,599,61,66,38,39,15,65,1.71,45,6,5,4,5,0,/en/squads/04eea015/2018-2019/Udinese-Stats,2019
ITA-Serie A,2019,Atalanta,30,38.0,1242,32.68,938,91,67,75,51,20,170,4.47,120,8,10,16,12,4,/en/squads/922493f3/2019-2020/Atalanta-Stats,2020
ITA-Serie A,2019,Bologna,31,38.0,967,25.45,726,68,62,47,50,14,85,2.24,54,4,10,10,7,0,/en/squads/1d8099f8/2019-2020/Bologna-Stats,2020
ITA-Serie A,2019,Brescia,32,38.0,725,19.08,482,88,27,50,70,8,58,1.53,36,8,0,6,7,1,/en/squads/4ef57aeb/2019-2020/Brescia-Stats,2020
ITA-Serie A,2019,Cagliari,33,38.0,771,20.29,574,71,50,32,32,12,82,2.16,61,5,3,6,4,3,/en/squads/c4260e09/2019-2020/Cagliari-Stats,2020
ITA-Serie A,2019,Fiorentina,33,38.0,970,25.53,676,93,61,59,69,12,83,2.18,48,9,6,11,9,0,/en/squads/421387cf/2019-2020/Fiorentina-Stats,2020
ITA-Serie A,2019,Genoa,34,38.0,754,19.84,540,59,41,51,48,15,80,2.11,53,4,5,6,10,2,/en/squads/658bf2de/2019-2020/Genoa-Stats,2020
ITA-Serie A,2019,Hellas Verona,30,38.0,766,20.16,562,70,42,56,31,5,77,2.03,51,5,7,6,7,1,/en/squads/0e72edf2/2019-2020/Hellas-Verona-Stats,2020
ITA-Serie A,2019,Inter,29,38.0,1078,28.37,786,79,65,81,50,17,137,3.61,98,6,9,11,12,1,/en/squads/d609edc0/2019-2020/Internazionale-Stats,2020
ITA-Serie A,2019,Juventus,30,38.0,1209,31.82,901,79,75,69,69,16,125,3.29,82,7,13,10,12,1,/en/squads/e0652b02/2019-2020/Juventus-Stats,2020
ITA-Serie A,2019,Lazio,27,38.0,1038,27.32,770,76,71,60,44,17,135,3.55,98,2,10,9,13,3,/en/squads/7213da33/2019-2020/Lazio-Stats,2020
ITA-Serie A,2019,Lecce,30,38.0,935,24.61,711,79,38,45,51,11,93,2.45,55,8,7,9,12,2,/en/squads/ffcbe334/2019-2020/Lecce-Stats,2020
ITA-Serie A,2019,Milan,32,38.0,1089,28.66,817,77,75,60,47,13,102,2.68,67,6,8,10,10,1,/en/squads/dc56fe14/2019-2020/Milan-Stats,2020
ITA-Serie A,2019,Napoli,25,38.0,1242,32.68,982,75,65,65,41,14,103,2.71,71,9,3,11,7,2,/en/squads/d48ad4ff/2019-2020/Napoli-Stats,2020
ITA-Serie A,2019,Parma,25,38.0,808,21.26,587,71,58,38,42,12,95,2.5,66,7,10,5,5,2,/en/squads/eab4234c/2019-2020/Parma-Stats,2020
ITA-Serie A,2019,Roma,31,38.0,1133,29.82,801,101,78,76,57,20,128,3.37,90,7,9,11,11,0,/en/squads/cf74a709/2019-2020/Roma-Stats,2020
ITA-Serie A,2019,SPAL,34,38.0,822,21.63,579,91,49,36,56,11,45,1.18,25,4,5,5,6,0,/en/squads/1d2fe027/2019-2020/SPAL-Stats,2020
ITA-Serie A,2019,Sampdoria,31,38.0,972,25.58,693,91,46,68,62,12,80,2.11,53,4,3,6,12,2,/en/squads/8ff9e3b3/2019-2020/Sampdoria-Stats,2020
ITA-Serie A,2019,Sassuolo,31,38.0,968,25.47,721,57,65,59,50,16,116,3.05,82,2,13,11,8,0,/en/squads/e2befd26/2019-2020/Sassuolo-Stats,2020
ITA-Serie A,2019,Torino,27,38.0,786,20.68,542,91,43,43,53,14,73,1.92,44,8,5,12,4,0,/en/squads/105360fe/2019-2020/Torino-Stats,2020
ITA-Serie A,2019,Udinese,25,38.0,826,21.74,628,69,48,37,32,12,61,1.61,43,4,6,4,1,3,/en/squads/04eea015/2019-2020/Udinese-Stats,2020
ITA-Serie A,2020,Atalanta,30,38.0,1115,29.34,866,68,60,61,43,17,162,4.26,127,8,10,9,5,3,/en/squads/922493f3/2020-2021/Atalanta-Stats,2021
ITA-Serie A,2020,Benevento,29,38.0,686,18.05,486,66,36,52,36,10,66,1.74,43,8,3,5,5,2,/en/squads/4fcb34fd/2020-2021/Benevento-Stats,2021
ITA-Serie A,2020,Bologna,37,38.0,862,22.68,629,72,48,52,43,18,83,2.18,62,6,1,8,5,1,/en/squads/1d8099f8/2020-2021/Bologna-Stats,2021
ITA-Serie A,2020,Cagliari,32,38.0,730,19.21,521,72,38,54,35,10,75,1.97,52,4,4,10,5,0,/en/squads/c4260e09/2020-2021/Cagliari-Stats,2021
ITA-Serie A,2020,Crotone,31,38.0,623,16.39,433,53,56,29,41,11,75,1.97,44,6,9,5,8,3,/en/squads/3074d7b1/2020-2021/Crotone-Stats,2021
ITA-Serie A,2020,Fiorentina,30,38.0,655,17.24,472,71,29,26,50,7,77,2.03,53,5,4,6,9,0,/en/squads/421387cf/2020-2021/Fiorentina-Stats,2021
ITA-Serie A,2020,Genoa,34,38.0,585,15.39,439,38,38,35,22,13,73,1.92,55,3,5,6,2,2,/en/squads/658bf2de/2020-2021/Genoa-Stats,2021
ITA-Serie A,2020,Hellas Verona,32,38.0,682,17.95,485,75,33,34,47,8,71,1.87,54,3,6,3,4,1,/en/squads/0e72edf2/2020-2021/Hellas-Verona-Stats,2021
ITA-Serie A,2020,Inter,25,38.0,985,25.92,754,76,44,55,38,18,150,3.95,114,6,8,12,8,2,/en/squads/d609edc0/2020-2021/Internazionale-Stats,2021
ITA-Serie A,2020,Juventus,30,38.0,1061,27.92,777,86,74,68,46,10,134,3.53,94,4,13,14,6,3,/en/squads/e0652b02/2020-2021/Juventus-Stats,2021
ITA-Serie A,2020,Lazio,30,38.0,937,24.66,733,53,47,55,33,16,103,2.71,75,1,8,9,9,1,/en/squads/7213da33/2020-2021/Lazio-Stats,2021
ITA-Serie A,2020,Milan,29,38.0,983,25.87,684,86,54,75,75,9,129,3.39,85,11,5,10,15,3,/en/squads/dc56fe14/2020-2021/Milan-Stats,2021
ITA-Serie A,2020,Napoli,25,38.0,1119,29.45,834,67,74,69,53,22,142,3.74,90,6,18,12,13,3,/en/squads/d48ad4ff/2020-2021/Napoli-Stats,2021
ITA-Serie A,2020,Parma,42,38.0,696,18.32,495,60,51,38,42,10,70,1.84,51,4,6,3,6,0,/en/squads/eab4234c/2020-2021/Parma-Stats,2021
ITA-Serie A,2020,Roma,31,38.0,911,23.97,663,70,60,69,31,18,121,3.18,90,8,10,6,6,1,/en/squads/cf74a709/2020-2021/Roma-Stats,2021
ITA-Serie A,2020,Sampdoria,27,38.0,717,18.87,503,73,31,53,38,19,85,2.24,57,7,7,9,5,0,/en/squads/8ff9e3b3/2020-2021/Sampdoria-Stats,2021
ITA-Serie A,2020,Sassuolo,28,38.0,951,25.03,705,61,66,53,53,13,109,2.87,71,5,7,9,14,3,/en/squads/e2befd26/2020-2021/Sassuolo-Stats,2021
ITA-Serie A,2020,Spezia,35,38.0,664,17.47,488,55,33,47,29,12,88,2.32,57,8,3,12,6,2,/en/squads/68449f6d/2020-2021/Spezia-Stats,2021
ITA-Serie A,2020,Torino,29,38.0,794,20.89,503,84,48,70,74,15,80,2.11,45,8,5,13,8,1,/en/squads/105360fe/2020-2021/Torino-Stats,2021
ITA-Serie A,2020,Udinese,33,38.0,706,18.58,509,53,44,42,44,14,67,1.76,45,3,9,5,5,0,/en/squads/04eea015/2020-2021/Udinese-Stats,2021
ITA-Serie A,2021,Atalanta,32,38.0,1078,28.37,776,98,69,87,32,16,110,2.89,88,2,8,8,3,1,/en/squads/922493f3/2021-2022/Atalanta-Stats,2022
ITA-Serie A,2021,Bologna,36,38.0,777,20.45,599,71,26,41,34,6,76,2.0,59,7,2,5,3,0,/en/squads/1d8099f8/2021-2022/Bologna-Stats,2022
ITA-Serie A,2021,Cagliari,33,38.0,742,19.53,521,86,25,63,34,13,61,1.61,43,5,2,5,5,1,/en/squads/c4260e09/2021-2022/Cagliari-Stats,2022
ITA-Serie A,2021,Empoli,28,38.0,835,21.97,622,67,40,51,42,13,84,2.21,59,6,5,8,6,0,/en/squads/a3d88bd8/2021-2022/Empoli-Stats,2022
ITA-Serie A,2021,Fiorentina,28,38.0,908,23.89,655,85,40,60,59,9,99,2.61,67,3,4,13,9,3,/en/squads/421387cf/2021-2022/Fiorentina-Stats,2022
ITA-Serie A,2021,Genoa,40,38.0,684,18.0,462,75,35,40,53,19,48,1.26,33,4,5,0,5,1,/en/squads/658bf2de/2021-2022/Genoa-Stats,2022
ITA-Serie A,2021,Hellas Verona,31,38.0,796,20.95,607,65,34,42,32,16,106,2.79,89,3,5,4,5,0,/en/squads/0e72edf2/2021-2022/Hellas-Verona-Stats,2022
ITA-Serie A,2021,Inter,27,38.0,1184,31.16,885,104,44,93,37,21,149,3.92,114,12,4,14,5,0,/en/squads/d609edc0/2021-2022/Internazionale-Stats,2022
ITA-Serie A,2021,Juventus,32,38.0,917,24.13,677,60,62,57,49,12,99,2.61,73,5,9,7,5,0,/en/squads/e0652b02/2021-2022/Juventus-Stats,2022
ITA-Serie A,2021,Lazio,27,38.0,798,21.0,610,55,40,42,41,10,128,3.37,82,11,12,12,9,2,/en/squads/7213da33/2021-2022/Lazio-Stats,2022
ITA-Serie A,2021,Milan,28,38.0,1026,27.0,717,75,71,85,59,19,105,2.76,75,2,7,14,5,2,/en/squads/dc56fe14/2021-2022/Milan-Stats,2022
ITA-Serie A,2021,Napoli,27,38.0,1021,26.87,778,63,57,53,48,22,126,3.32,89,9,3,11,10,4,/en/squads/d48ad4ff/2021-2022/Napoli-Stats,2022
ITA-Serie A,2021,Roma,29,38.0,1031,27.13,695,110,60,93,56,17,94,2.47,54,9,9,13,9,0,/en/squads/cf74a709/2021-2022/Roma-Stats,2022
ITA-Serie A,2021,Salernitana,42,38.0,739,19.45,500,85,35,55,54,10,58,1.53,33,7,3,8,7,0,/en/squads/c5577084/2021-2022/Salernitana-Stats,2022
ITA-Serie A,2021,Sampdoria,34,38.0,680,17.89,496,65,33,41,35,10,69,1.82,47,6,3,7,5,1,/en/squads/8ff9e3b3/2021-2022/Sampdoria-Stats,2022
ITA-Serie A,2021,Sassuolo,29,38.0,1010,26.58,795,56,72,37,38,12,104,2.74,80,4,10,2,8,0,/en/squads/e2befd26/2021-2022/Sassuolo-Stats,2022
ITA-Serie A,2021,Spezia,30,38.0,663,17.45,469,59,45,40,38,12,61,1.61,39,4,3,9,3,3,/en/squads/68449f6d/2021-2022/Spezia-Stats,2022
ITA-Serie A,2021,Torino,31,38.0,827,21.76,589,92,35,61,41,9,74,1.95,50,3,6,9,5,1,/en/squads/105360fe/2021-2022/Torino-Stats,2022
ITA-Serie A,2021,Udinese,29,38.0,860,22.63,582,88,58,68,51,13,92,2.42,54,8,8,13,8,1,/en/squads/04eea015/2021-2022/Udinese-Stats,2022
ITA-Serie A,2021,Venezia,39,38.0,617,16.24,440,56,30,31,46,14,57,1.5,41,4,1,5,6,0,/en/squads/af5d5982/2021-2022/Venezia-Stats,2022
ITA-Serie A,2022,Atalanta,27,38.0,928,24.42,681,87,64,51,33,12,113,2.97,83,5,6,11,7,1,/en/squads/922493f3/Atalanta-Stats,2023
ITA-Serie A,2022,Bologna,27,38.0,866,22.79,642,72,45,49,46,12,91,2.39,64,11,3,7,6,0,/en/squads/1d8099f8/Bologna-Stats,2023
ITA-Serie A,2022,Cremonese,33,38.0,789,20.76,551,81,37,61,45,14,53,1.39,31,5,4,9,4,0,/en/squads/9aad3a77/Cremonese-Stats,2023
ITA-Serie A,2022,Empoli,32,38.0,767,20.18,537,77,46,46,47,14,60,1.58,39,6,6,5,4,0,/en/squads/a3d88bd8/Empoli-Stats,2023
ITA-Serie A,2022,Fiorentina,30,38.0,1068,28.11,763,113,54,70,53,15,89,2.34,64,6,7,7,4,1,/en/squads/421387cf/Fiorentina-Stats,2023
ITA-Serie A,2022,Hellas Verona,36,38.0,704,18.53,482,90,41,42,29,20,50,1.32,31,4,5,7,2,1,/en/squads/0e72edf2/Hellas-Verona-Stats,2023
ITA-Serie A,2022,Inter,25,38.0,1104,29.05,816,117,29,79,52,11,118,3.11,88,4,7,10,7,2,/en/squads/d609edc0/Internazionale-Stats,2023
ITA-Serie A,2022,Juventus,29,38.0,911,23.97,638,94,50,77,38,14,91,2.39,61,7,3,9,9,2,/en/squads/e0652b02/Juventus-Stats,2023
ITA-Serie A,2022,Lazio,24,38.0,760,20.0,576,56,44,43,32,9,103,2.71,78,3,6,11,5,0,/en/squads/7213da33/Lazio-Stats,2023
ITA-Serie A,2022,Lecce,29,38.0,699,18.39,483,84,43,42,38,9,50,1.32,38,2,4,3,2,1,/en/squads/ffcbe334/Lecce-Stats,2023
ITA-Serie A,2022,Milan,30,38.0,985,25.92,688,91,65,68,58,15,111,2.92,76,6,15,7,4,3,/en/squads/dc56fe14/Milan-Stats,2023
ITA-Serie A,2022,Monza,31,38.0,714,18.79,537,60,30,40,35,12,86,2.26,62,5,6,4,8,1,/en/squads/21680aa4/Monza-Stats,2023
ITA-Serie A,2022,Napoli,27,38.0,1105,29.08,819,92,58,66,47,23,131,3.45,98,8,4,14,6,1,/en/squads/d48ad4ff/Napoli-Stats,2023
ITA-Serie A,2022,Roma,30,38.0,861,22.66,574,110,43,68,53,13,85,2.24,52,10,5,12,5,1,/en/squads/cf74a709/Roma-Stats,2023
ITA-Serie A,2022,Salernitana,30,38.0,656,17.26,489,58,27,44,30,8,81,2.13,64,4,4,7,2,0,/en/squads/c5577084/Salernitana-Stats,2023
ITA-Serie A,2022,Sampdoria,40,38.0,637,16.76,456,52,28,46,39,16,36,0.95,26,2,1,4,1,2,/en/squads/8ff9e3b3/Sampdoria-Stats,2023
ITA-Serie A,2022,Sassuolo,31,38.0,871,22.92,684,50,49,41,34,13,81,2.13,56,4,4,10,7,0,/en/squads/e2befd26/Sassuolo-Stats,2023
ITA-Serie A,2022,Spezia,34,38.0,710,18.68,511,61,39,43,38,18,42,1.11,29,1,3,5,4,0,/en/squads/68449f6d/Spezia-Stats,2023
ITA-Serie A,2022,Torino,28,38.0,821,21.61,635,61,52,40,21,12,74,1.95,58,2,7,4,3,0,/en/squads/105360fe/Torino-Stats,2023
ITA-Serie A,2022,Udinese,30,38.0,889,23.39,625,87,53,58,51,15,80,2.11,61,6,3,3,5,2,/en/squads/04eea015/Udinese-Stats,2023
