league,season,team,players_used,Playing Time_MP,Playing Time_Starts,Playing Time_Min,90s,Performance_GA,Performance_GA90,Performance_SoTA,Performance_Saves,Performance_Save%,Performance_W,Performance_D,Performance_L,Performance_CS,Performance_CS%,Penalty Kicks_PKatt,Penalty Kicks_PKA,Penalty Kicks_PKsv,Penalty Kicks_PKm,Penalty Kicks_Save%,url,nextSeason
ENG-Premier League,2017,Arsenal,2,38,38,3420,38.0,51,1.34,147,94,68.7,19,6,13,13,34.2,6,5,1,0,16.7,/en/squads/18bb7c10/2017-2018/Arsenal-Stats,2018
ENG-Premier League,2017,Bournemouth,1,38,38,3420,38.0,61,1.61,170,109,65.3,11,11,16,6,15.8,3,2,1,0,33.3,/en/squads/4ba7cbea/2017-2018/Bournemouth-Stats,2018
ENG-Premier League,2017,Brighton,1,38,38,3420,38.0,54,1.42,172,121,69.2,9,13,16,10,26.3,3,1,2,0,66.7,/en/squads/d07537b9/2017-2018/Brighton-and-Hove-Albion-Stats,2018
ENG-Premier League,2017,Burnley,2,38,38,3420,38.0,39,1.03,160,121,77.5,14,12,12,12,31.6,5,3,1,1,25.0,/en/squads/943e8050/2017-2018/Burnley-Stats,2018
ENG-Premier League,2017,Chelsea,2,38,38,3420,38.0,38,1.0,117,81,69.2,21,7,10,16,42.1,2,2,0,0,0.0,/en/squads/cff3d9bb/2017-2018/Chelsea-Stats,2018
ENG-Premier League,2017,Crystal Palace,2,38,38,3420,38.0,55,1.45,170,117,68.8,11,11,16,9,23.7,2,2,0,0,0.0,/en/squads/47c64c55/2017-2018/Crystal-Palace-Stats,2018
ENG-Premier League,2017,Everton,1,38,38,3420,38.0,58,1.53,178,119,69.1,13,10,15,10,26.3,5,3,1,1,25.0,/en/squads/d3fd31cc/2017-2018/Everton-Stats,2018
ENG-Premier League,2017,Huddersfield,1,38,38,3420,38.0,58,1.53,158,99,65.8,9,10,19,10,26.3,6,4,2,0,33.3,/en/squads/f5922ca5/2017-2018/Huddersfield-Town-Stats,2018
ENG-Premier League,2017,Leicester City,3,38,38,3420,38.0,60,1.58,164,104,64.6,12,11,15,9,23.7,4,2,2,0,50.0,/en/squads/a2d435b3/2017-2018/Leicester-City-Stats,2018
ENG-Premier League,2017,Liverpool,2,38,38,3420,38.0,38,1.0,104,64,67.3,21,12,5,17,44.7,6,4,2,0,33.3,/en/squads/822bd0ba/2017-2018/Liverpool-Stats,2018
ENG-Premier League,2017,Manchester City,2,38,38,3420,38.0,27,0.71,85,58,68.2,32,4,2,18,47.4,2,0,2,0,100.0,/en/squads/b8fd03ef/2017-2018/Manchester-City-Stats,2018
ENG-Premier League,2017,Manchester Utd,2,38,38,3420,38.0,28,0.74,143,117,81.1,25,6,7,19,50.0,1,1,0,0,0.0,/en/squads/19538871/2017-2018/Manchester-United-Stats,2018
ENG-Premier League,2017,Newcastle Utd,3,38,38,3420,38.0,47,1.24,148,102,70.9,12,8,18,9,23.7,6,4,2,0,33.3,/en/squads/b2b47a98/2017-2018/Newcastle-United-Stats,2018
ENG-Premier League,2017,Southampton,2,38,38,3420,38.0,56,1.47,165,108,66.7,7,15,16,8,21.1,2,1,1,0,50.0,/en/squads/33c895d4/2017-2018/Southampton-Stats,2018
ENG-Premier League,2017,Stoke City,2,38,38,3420,38.0,68,1.79,216,150,70.8,7,12,19,6,15.8,5,5,0,0,0.0,/en/squads/17892952/2017-2018/Stoke-City-Stats,2018
ENG-Premier League,2017,Swansea City,1,38,38,3420,38.0,56,1.47,190,133,72.1,8,9,21,9,23.7,6,3,3,0,50.0,/en/squads/fb10988f/2017-2018/Swansea-City-Stats,2018
ENG-Premier League,2017,Tottenham,3,38,38,3420,38.0,36,0.95,124,89,72.6,23,8,7,16,42.1,3,2,0,1,0.0,/en/squads/361ca564/2017-2018/Tottenham-Hotspur-Stats,2018
ENG-Premier League,2017,Watford,2,38,38,3420,38.0,64,1.68,156,93,62.8,11,8,19,9,23.7,6,6,0,0,0.0,/en/squads/2abfe087/2017-2018/Watford-Stats,2018
ENG-Premier League,2017,West Brom,2,38,38,3420,38.0,56,1.47,154,100,64.3,6,13,19,10,26.3,1,1,0,0,0.0,/en/squads/60c6b05f/2017-2018/West-Bromwich-Albion-Stats,2018
ENG-Premier League,2017,West Ham,2,38,38,3420,38.0,68,1.79,187,119,66.3,10,12,16,10,26.3,6,5,1,0,16.7,/en/squads/7c21e445/2017-2018/West-Ham-United-Stats,2018
ENG-Premier League,2018,Arsenal,2,38,38,3420,38.0,51,1.34,182,132,75.8,21,7,10,8,21.1,7,7,0,0,0.0,/en/squads/18bb7c10/2018-2019/Arsenal-Stats,2019
ENG-Premier League,2018,Bournemouth,3,38,38,3420,38.0,70,1.84,173,106,62.4,13,6,19,10,26.3,5,5,0,0,0.0,/en/squads/4ba7cbea/2018-2019/Bournemouth-Stats,2019
ENG-Premier League,2018,Brighton,2,38,38,3420,38.0,60,1.58,170,110,70.6,9,9,20,7,18.4,10,10,0,0,0.0,/en/squads/d07537b9/2018-2019/Brighton-and-Hove-Albion-Stats,2019
ENG-Premier League,2018,Burnley,2,38,38,3420,38.0,68,1.79,199,134,66.8,11,7,20,8,21.1,3,2,1,0,33.3,/en/squads/943e8050/2018-2019/Burnley-Stats,2019
ENG-Premier League,2018,Cardiff City,1,38,38,3420,38.0,69,1.82,207,135,68.6,10,4,24,10,26.3,7,4,3,0,42.9,/en/squads/75fae011/2018-2019/Cardiff-City-Stats,2019
ENG-Premier League,2018,Chelsea,2,38,38,3420,38.0,39,1.03,124,84,69.4,21,9,8,16,42.1,2,1,1,0,50.0,/en/squads/cff3d9bb/2018-2019/Chelsea-Stats,2019
ENG-Premier League,2018,Crystal Palace,3,38,38,3420,38.0,53,1.39,163,110,69.9,14,7,17,12,31.6,5,4,1,0,20.0,/en/squads/47c64c55/2018-2019/Crystal-Palace-Stats,2019
ENG-Premier League,2018,Everton,1,38,38,3420,38.0,46,1.21,136,89,67.6,15,9,14,14,36.8,5,2,3,0,60.0,/en/squads/d3fd31cc/2018-2019/Everton-Stats,2019
ENG-Premier League,2018,Fulham,3,38,38,3420,38.0,81,2.13,226,146,66.4,7,5,26,5,13.2,7,5,1,1,16.7,/en/squads/fd962109/2018-2019/Fulham-Stats,2019
ENG-Premier League,2018,Huddersfield,3,38,38,3420,38.0,76,2.0,186,110,62.9,3,7,28,5,13.2,8,7,1,0,12.5,/en/squads/f5922ca5/2018-2019/Huddersfield-Town-Stats,2019
ENG-Premier League,2018,Leicester City,1,38,38,3420,38.0,48,1.26,138,90,68.8,15,7,16,10,26.3,5,5,0,0,0.0,/en/squads/a2d435b3/2018-2019/Leicester-City-Stats,2019
ENG-Premier League,2018,Liverpool,1,38,38,3420,38.0,22,0.58,96,74,77.1,30,7,1,21,55.3,1,0,0,1,,/en/squads/822bd0ba/2018-2019/Liverpool-Stats,2019
ENG-Premier League,2018,Manchester City,1,38,38,3420,38.0,23,0.61,81,58,76.5,32,2,4,20,52.6,4,4,0,0,0.0,/en/squads/b8fd03ef/2018-2019/Manchester-City-Stats,2019
ENG-Premier League,2018,Manchester Utd,1,38,38,3420,38.0,54,1.42,171,120,71.9,19,9,10,7,18.4,6,6,0,0,0.0,/en/squads/19538871/2018-2019/Manchester-United-Stats,2019
ENG-Premier League,2018,Newcastle Utd,1,38,38,3420,38.0,48,1.26,140,93,70.0,12,9,17,11,28.9,6,6,0,0,0.0,/en/squads/b2b47a98/2018-2019/Newcastle-United-Stats,2019
ENG-Premier League,2018,Southampton,3,38,38,3420,38.0,65,1.71,175,112,64.0,9,12,17,7,18.4,3,2,1,0,33.3,/en/squads/33c895d4/2018-2019/Southampton-Stats,2019
ENG-Premier League,2018,Tottenham,3,38,38,3420,38.0,39,1.03,156,118,76.9,23,2,13,13,34.2,5,3,2,0,40.0,/en/squads/361ca564/2018-2019/Tottenham-Hotspur-Stats,2019
ENG-Premier League,2018,Watford,1,38,38,3420,38.0,59,1.55,180,123,69.4,14,8,16,7,18.4,5,4,1,0,20.0,/en/squads/2abfe087/2018-2019/Watford-Stats,2019
ENG-Premier League,2018,West Ham,1,38,38,3420,38.0,55,1.45,198,143,74.2,15,7,16,7,18.4,5,4,1,0,20.0,/en/squads/7c21e445/2018-2019/West-Ham-United-Stats,2019
ENG-Premier League,2018,Wolves,3,38,38,3420,38.0,46,1.21,141,99,69.5,16,9,13,9,23.7,4,3,0,1,0.0,/en/squads/8cec06e1/2018-2019/Wolverhampton-Wanderers-Stats,2019
ENG-Premier League,2019,Arsenal,2,38,38,3420,38.0,48,1.26,193,144,78.8,14,14,10,10,26.3,8,7,1,0,12.5,/en/squads/18bb7c10/2019-2020/Arsenal-Stats,2020
ENG-Premier League,2019,Aston Villa,4,38,38,3420,38.0,67,1.76,182,115,65.9,9,8,21,7,18.4,6,5,1,0,16.7,/en/squads/8602292d/2019-2020/Aston-Villa-Stats,2020
ENG-Premier League,2019,Bournemouth,2,38,38,3420,38.0,65,1.71,192,126,68.8,9,7,22,5,13.2,6,5,1,0,16.7,/en/squads/4ba7cbea/2019-2020/Bournemouth-Stats,2020
ENG-Premier League,2019,Brighton,1,38,38,3420,38.0,54,1.42,168,116,69.0,9,14,15,9,23.7,2,2,0,0,0.0,/en/squads/d07537b9/2019-2020/Brighton-and-Hove-Albion-Stats,2020
ENG-Premier League,2019,Burnley,1,38,38,3420,38.0,50,1.32,167,117,72.5,15,9,14,15,39.5,5,4,1,0,20.0,/en/squads/943e8050/2019-2020/Burnley-Stats,2020
ENG-Premier League,2019,Chelsea,2,38,38,3420,38.0,54,1.42,115,64,54.8,20,6,12,9,23.7,2,2,0,0,0.0,/en/squads/cff3d9bb/2019-2020/Chelsea-Stats,2020
ENG-Premier League,2019,Crystal Palace,2,38,38,3420,38.0,50,1.32,172,124,70.9,11,10,17,10,26.3,1,0,0,1,,/en/squads/47c64c55/2019-2020/Crystal-Palace-Stats,2020
ENG-Premier League,2019,Everton,1,38,38,3420,38.0,56,1.47,147,94,63.9,13,10,15,9,23.7,4,3,0,1,0.0,/en/squads/d3fd31cc/2019-2020/Everton-Stats,2020
ENG-Premier League,2019,Leicester City,1,38,38,3420,38.0,41,1.08,135,94,75.6,18,8,12,13,34.2,10,8,2,0,20.0,/en/squads/a2d435b3/2019-2020/Leicester-City-Stats,2020
ENG-Premier League,2019,Liverpool,2,38,38,3418,38.0,33,0.87,107,75,70.1,32,3,3,15,39.5,1,1,0,0,0.0,/en/squads/822bd0ba/2019-2020/Liverpool-Stats,2020
ENG-Premier League,2019,Manchester City,2,38,38,3418,38.0,35,0.92,110,76,70.9,26,3,9,17,44.7,3,3,0,0,0.0,/en/squads/b8fd03ef/2019-2020/Manchester-City-Stats,2020
ENG-Premier League,2019,Manchester Utd,1,38,38,3420,38.0,36,0.95,131,96,74.8,18,12,8,13,34.2,3,3,0,0,0.0,/en/squads/19538871/2019-2020/Manchester-United-Stats,2020
ENG-Premier League,2019,Newcastle Utd,1,38,38,3420,38.0,58,1.53,195,139,71.3,11,11,16,11,28.9,2,2,0,0,0.0,/en/squads/b2b47a98/2019-2020/Newcastle-United-Stats,2020
ENG-Premier League,2019,Norwich City,3,38,38,3420,38.0,75,1.97,210,135,66.2,5,6,27,5,13.2,7,4,3,0,42.9,/en/squads/1c781004/2019-2020/Norwich-City-Stats,2020
ENG-Premier League,2019,Sheffield Utd,2,38,38,3420,38.0,39,1.03,139,99,72.7,14,12,12,13,34.2,3,1,1,1,50.0,/en/squads/1df6b87e/2019-2020/Sheffield-United-Stats,2020
ENG-Premier League,2019,Southampton,2,38,38,3420,38.0,60,1.58,168,108,66.1,15,7,16,9,23.7,4,3,1,0,25.0,/en/squads/33c895d4/2019-2020/Southampton-Stats,2020
ENG-Premier League,2019,Tottenham,2,38,38,3420,38.0,47,1.24,181,134,76.8,16,11,11,8,21.1,7,5,2,0,28.6,/en/squads/361ca564/2019-2020/Tottenham-Hotspur-Stats,2020
ENG-Premier League,2019,Watford,1,38,38,3420,38.0,64,1.68,178,116,68.5,8,10,20,9,23.7,9,8,1,0,11.1,/en/squads/2abfe087/2019-2020/Watford-Stats,2020
ENG-Premier League,2019,West Ham,4,38,38,3420,38.0,62,1.63,187,127,69.5,10,9,19,7,18.4,6,5,1,0,16.7,/en/squads/7c21e445/2019-2020/West-Ham-United-Stats,2020
ENG-Premier League,2019,Wolves,1,38,38,3420,38.0,40,1.05,129,88,69.8,15,14,9,13,34.2,3,1,2,0,66.7,/en/squads/8cec06e1/2019-2020/Wolverhampton-Wanderers-Stats,2020
ENG-Premier League,2020,Arsenal,3,38,38,3417,38.0,39,1.03,129,93,71.3,18,7,13,12,31.6,3,2,1,0,33.3,/en/squads/18bb7c10/2020-2021/Arsenal-Stats,2021
ENG-Premier League,2020,Aston Villa,1,38,38,3420,38.0,46,1.21,186,133,78.0,16,7,15,15,39.5,6,5,1,0,16.7,/en/squads/8602292d/2020-2021/Aston-Villa-Stats,2021
ENG-Premier League,2020,Brighton,2,38,38,3420,38.0,46,1.21,125,81,68.0,9,14,15,12,31.6,7,6,0,1,0.0,/en/squads/d07537b9/2020-2021/Brighton-and-Hove-Albion-Stats,2021
ENG-Premier League,2020,Burnley,3,38,38,3420,38.0,55,1.45,179,125,70.9,10,9,19,11,28.9,3,3,0,0,0.0,/en/squads/943e8050/2020-2021/Burnley-Stats,2021
ENG-Premier League,2020,Chelsea,3,38,38,3420,38.0,36,0.95,107,71,69.2,19,10,9,18,47.4,4,3,1,0,25.0,/en/squads/cff3d9bb/2020-2021/Chelsea-Stats,2021
ENG-Premier League,2020,Crystal Palace,2,38,38,3420,38.0,66,1.74,174,107,63.8,12,8,18,8,21.1,4,3,1,0,25.0,/en/squads/47c64c55/2020-2021/Crystal-Palace-Stats,2021
ENG-Premier League,2020,Everton,3,38,38,3420,38.0,48,1.26,161,114,72.0,17,8,13,12,31.6,4,3,0,1,0.0,/en/squads/d3fd31cc/2020-2021/Everton-Stats,2021
ENG-Premier League,2020,Fulham,2,38,38,3420,38.0,53,1.39,170,118,72.9,5,13,20,9,23.7,7,7,0,0,0.0,/en/squads/fd962109/2020-2021/Fulham-Stats,2021
ENG-Premier League,2020,Leeds United,2,38,38,3420,38.0,54,1.42,198,145,76.8,18,5,15,12,31.6,9,8,1,0,11.1,/en/squads/5bfb9659/2020-2021/Leeds-United-Stats,2021
ENG-Premier League,2020,Leicester City,1,38,38,3420,38.0,50,1.32,136,88,66.2,20,6,12,11,28.9,4,4,0,0,0.0,/en/squads/a2d435b3/2020-2021/Leicester-City-Stats,2021
ENG-Premier League,2020,Liverpool,3,38,38,3420,38.0,42,1.11,140,97,72.9,20,9,9,12,31.6,8,4,1,3,20.0,/en/squads/822bd0ba/2020-2021/Liverpool-Stats,2021
ENG-Premier League,2020,Manchester City,3,38,38,3420,38.0,32,0.84,100,67,76.0,27,5,6,19,50.0,10,8,2,0,20.0,/en/squads/b8fd03ef/2020-2021/Manchester-City-Stats,2021
ENG-Premier League,2020,Manchester Utd,2,38,38,3420,38.0,44,1.16,141,98,71.6,21,11,6,13,34.2,4,4,0,0,0.0,/en/squads/19538871/2020-2021/Manchester-United-Stats,2021
ENG-Premier League,2020,Newcastle Utd,2,38,38,3420,38.0,62,1.63,188,128,69.1,12,9,17,7,18.4,5,4,1,0,20.0,/en/squads/b2b47a98/2020-2021/Newcastle-United-Stats,2021
ENG-Premier League,2020,Sheffield Utd,1,38,38,3420,38.0,63,1.66,206,145,70.9,7,2,29,5,13.2,4,3,0,1,0.0,/en/squads/1df6b87e/2020-2021/Sheffield-United-Stats,2021
ENG-Premier League,2020,Southampton,2,38,38,3420,38.0,68,1.79,178,110,66.3,12,7,19,9,23.7,9,8,1,0,11.1,/en/squads/33c895d4/2020-2021/Southampton-Stats,2021
ENG-Premier League,2020,Tottenham,1,38,38,3420,38.0,45,1.18,155,113,77.4,18,8,12,12,31.6,10,10,0,0,0.0,/en/squads/361ca564/2020-2021/Tottenham-Hotspur-Stats,2021
ENG-Premier League,2020,West Brom,2,38,38,3420,38.0,76,2.0,240,166,71.3,5,11,22,6,15.8,11,7,1,3,12.5,/en/squads/60c6b05f/2020-2021/West-Bromwich-Albion-Stats,2021
ENG-Premier League,2020,West Ham,2,38,38,3420,38.0,47,1.24,147,103,70.1,19,8,11,11,28.9,5,3,1,1,25.0,/en/squads/7c21e445/2020-2021/West-Ham-United-Stats,2021
ENG-Premier League,2020,Wolves,2,38,38,3420,38.0,52,1.37,152,102,70.4,12,9,17,10,26.3,8,7,1,0,12.5,/en/squads/8cec06e1/2020-2021/Wolverhampton-Wanderers-Stats,2021
ENG-Premier League,2021,Arsenal,2,38,38,3420,38.0,48,1.26,147,100,70.7,22,3,13,13,34.2,6,5,0,1,0.0,/en/squads/18bb7c10/2021-2022/Arsenal-Stats,2022
ENG-Premier League,2021,Aston Villa,3,38,38,3420,38.0,54,1.42,149,96,66.4,13,6,19,11,28.9,6,4,1,1,20.0,/en/squads/8602292d/2021-2022/Aston-Villa-Stats,2022
ENG-Premier League,2021,Brentford,3,38,38,3420,38.0,56,1.47,179,125,71.5,13,7,18,9,23.7,5,5,0,0,0.0,/en/squads/cd051869/2021-2022/Brentford-Stats,2022
ENG-Premier League,2021,Brighton,2,38,38,3419,38.0,44,1.16,146,102,71.9,12,15,11,11,28.9,4,3,0,1,0.0,/en/squads/d07537b9/2021-2022/Brighton-and-Hove-Albion-Stats,2022
ENG-Premier League,2021,Burnley,2,38,38,3420,38.0,53,1.39,178,127,73.0,7,14,17,9,23.7,5,5,0,0,0.0,/en/squads/943e8050/2021-2022/Burnley-Stats,2022
ENG-Premier League,2021,Chelsea,2,38,38,3420,38.0,33,0.87,115,83,76.5,21,11,6,16,42.1,6,6,0,0,0.0,/en/squads/cff3d9bb/2021-2022/Chelsea-Stats,2022
ENG-Premier League,2021,Crystal Palace,2,38,38,3420,38.0,46,1.21,144,99,70.1,11,15,12,12,31.6,4,3,1,0,25.0,/en/squads/47c64c55/2021-2022/Crystal-Palace-Stats,2022
ENG-Premier League,2021,Everton,2,38,38,3420,38.0,66,1.74,188,127,66.0,11,6,21,8,21.1,2,2,0,0,0.0,/en/squads/d3fd31cc/2021-2022/Everton-Stats,2022
ENG-Premier League,2021,Leeds United,2,38,38,3420,38.0,79,2.08,224,146,67.0,9,11,18,5,13.2,5,5,0,0,0.0,/en/squads/5bfb9659/2021-2022/Leeds-United-Stats,2022
ENG-Premier League,2021,Leicester City,2,38,38,3420,38.0,59,1.55,192,132,72.9,14,10,14,7,18.4,9,7,2,0,22.2,/en/squads/a2d435b3/2021-2022/Leicester-City-Stats,2022
ENG-Premier League,2021,Liverpool,2,38,38,3420,38.0,26,0.68,107,82,75.7,28,8,2,21,55.3,0,0,0,0,,/en/squads/822bd0ba/2021-2022/Liverpool-Stats,2022
ENG-Premier League,2021,Manchester City,2,38,38,3420,38.0,26,0.68,85,59,70.6,29,6,3,21,55.3,1,1,0,0,0.0,/en/squads/b8fd03ef/2021-2022/Manchester-City-Stats,2022
ENG-Premier League,2021,Manchester Utd,1,38,38,3420,38.0,57,1.5,180,124,70.0,16,10,12,8,21.1,5,3,2,0,40.0,/en/squads/19538871/2021-2022/Manchester-United-Stats,2022
ENG-Premier League,2021,Newcastle Utd,3,38,38,3420,38.0,62,1.63,165,104,65.5,13,10,15,8,21.1,6,5,1,0,16.7,/en/squads/b2b47a98/2021-2022/Newcastle-United-Stats,2022
ENG-Premier League,2021,Norwich City,2,38,38,3420,38.0,84,2.21,222,139,66.2,5,7,26,6,15.8,12,9,1,2,10.0,/en/squads/1c781004/2021-2022/Norwich-City-Stats,2022
ENG-Premier League,2021,Southampton,3,38,38,3420,38.0,67,1.76,183,118,64.5,9,13,16,8,21.1,2,2,0,0,0.0,/en/squads/33c895d4/2021-2022/Southampton-Stats,2022
ENG-Premier League,2021,Tottenham,1,38,38,3420,38.0,40,1.05,137,98,72.3,22,5,11,16,42.1,2,2,0,0,0.0,/en/squads/361ca564/2021-2022/Tottenham-Hotspur-Stats,2022
ENG-Premier League,2021,Watford,2,38,38,3420,38.0,77,2.03,188,113,62.2,6,5,27,4,10.5,7,6,1,0,14.3,/en/squads/2abfe087/2021-2022/Watford-Stats,2022
ENG-Premier League,2021,West Ham,2,38,38,3420,38.0,51,1.34,165,113,70.3,16,8,14,8,21.1,6,2,3,1,60.0,/en/squads/7c21e445/2021-2022/West-Ham-United-Stats,2022
ENG-Premier League,2021,Wolves,2,38,38,3420,38.0,43,1.13,167,125,79.6,15,6,17,11,28.9,10,9,0,1,0.0,/en/squads/8cec06e1/2021-2022/Wolverhampton-Wanderers-Stats,2022
ENG-Premier League,2022,Arsenal,1,38,38,3420,38.0,43,1.13,136,94,70.6,26,6,6,14,36.8,5,3,0,2,0.0,/en/squads/18bb7c10/Arsenal-Stats,2023
ENG-Premier League,2022,Aston Villa,2,38,38,3420,38.0,46,1.21,151,108,72.8,18,7,13,12,31.6,6,5,1,0,16.7,/en/squads/8602292d/Aston-Villa-Stats,2023
ENG-Premier League,2022,Bournemouth,2,38,38,3420,38.0,71,1.87,204,136,68.1,11,6,21,8,21.1,7,6,0,1,0.0,/en/squads/4ba7cbea/Bournemouth-Stats,2023
ENG-Premier League,2022,Brentford,1,38,38,3420,38.0,46,1.21,197,154,77.7,15,14,9,12,31.6,2,2,0,0,0.0,/en/squads/cd051869/Brentford-Stats,2023
ENG-Premier League,2022,Brighton,2,38,38,3420,38.0,53,1.39,131,82,64.1,18,8,12,12,31.6,8,6,2,0,25.0,/en/squads/d07537b9/Brighton-and-Hove-Albion-Stats,2023
ENG-Premier League,2022,Chelsea,2,38,38,3420,38.0,47,1.24,159,115,71.1,11,11,16,10,26.3,1,1,0,0,0.0,/en/squads/cff3d9bb/Chelsea-Stats,2023
ENG-Premier League,2022,Crystal Palace,3,38,38,3420,38.0,49,1.29,160,114,71.9,11,12,15,9,23.7,4,4,0,0,0.0,/en/squads/47c64c55/Crystal-Palace-Stats,2023
ENG-Premier League,2022,Everton,2,38,38,3420,38.0,57,1.5,185,127,71.9,8,12,18,9,23.7,6,5,1,0,16.7,/en/squads/d3fd31cc/Everton-Stats,2023
ENG-Premier League,2022,Fulham,2,38,38,3420,38.0,53,1.39,196,144,76.5,15,7,16,9,23.7,8,7,1,0,12.5,/en/squads/fd962109/Fulham-Stats,2023
ENG-Premier League,2022,Leeds United,2,38,38,3420,38.0,78,2.05,185,108,60.5,7,10,21,5,13.2,6,5,0,1,0.0,/en/squads/5bfb9659/Leeds-United-Stats,2023
ENG-Premier League,2022,Leicester City,2,38,38,3420,38.0,68,1.79,178,113,64.0,9,7,22,7,18.4,5,4,1,0,20.0,/en/squads/a2d435b3/Leicester-City-Stats,2023
ENG-Premier League,2022,Liverpool,2,38,38,3420,38.0,47,1.24,157,111,71.3,19,10,9,14,36.8,4,2,1,1,33.3,/en/squads/822bd0ba/Liverpool-Stats,2023
ENG-Premier League,2022,Manchester City,2,38,38,3420,38.0,33,0.87,92,60,67.4,28,5,5,13,34.2,3,3,0,0,0.0,/en/squads/b8fd03ef/Manchester-City-Stats,2023
ENG-Premier League,2022,Manchester Utd,1,38,38,3420,38.0,43,1.13,142,99,71.1,23,6,9,17,44.7,3,2,1,0,33.3,/en/squads/19538871/Manchester-United-Stats,2023
ENG-Premier League,2022,Newcastle Utd,2,38,38,3418,38.0,33,0.87,127,94,75.6,19,14,5,14,36.8,5,2,2,1,50.0,/en/squads/b2b47a98/Newcastle-United-Stats,2023
ENG-Premier League,2022,Nott'ham Forest,3,38,38,3420,38.0,68,1.79,182,112,65.9,9,11,18,8,21.1,9,6,2,1,25.0,/en/squads/e4a775cb/Nottingham-Forest-Stats,2023
ENG-Premier League,2022,Southampton,2,38,38,3420,38.0,73,1.92,150,81,52.7,6,7,25,4,10.5,3,2,1,0,33.3,/en/squads/33c895d4/Southampton-Stats,2023
ENG-Premier League,2022,Tottenham,2,38,38,3420,38.0,63,1.66,172,109,65.1,18,6,14,10,26.3,4,3,1,0,25.0,/en/squads/361ca564/Tottenham-Hotspur-Stats,2023
ENG-Premier League,2022,West Ham,2,38,38,3420,38.0,55,1.45,170,115,70.0,11,7,20,9,23.7,6,4,1,1,20.0,/en/squads/7c21e445/West-Ham-United-Stats,2023
ENG-Premier League,2022,Wolves,2,38,38,3420,38.0,58,1.53,174,115,67.8,11,8,19,11,28.9,4,2,2,0,50.0,/en/squads/8cec06e1/Wolverhampton-Wanderers-Stats,2023
ESP-La Liga,2017,Alavés,2,38,38,3420,38.0,50,1.32,172,122,75.0,15,2,21,12,31.6,10,7,2,1,22.2,/en/squads/8d6fd021/2017-2018/Alaves-Stats,2018
ESP-La Liga,2017,Athletic Club,2,38,38,3420,38.0,49,1.29,166,117,72.3,10,13,15,11,28.9,6,3,3,0,50.0,/en/squads/2b390eca/2017-2018/Athletic-Club-Stats,2018
ESP-La Liga,2017,Atlético Madrid,2,38,38,3420,38.0,22,0.58,129,105,83.7,23,10,5,23,60.5,4,1,3,0,75.0,/en/squads/db3b9613/2017-2018/Atletico-Madrid-Stats,2018
ESP-La Liga,2017,Barcelona,2,38,38,3420,38.0,29,0.76,133,104,79.7,28,9,1,19,50.0,2,2,0,0,0.0,/en/squads/206d90db/2017-2018/Barcelona-Stats,2018
ESP-La Liga,2017,Betis,3,38,38,3420,38.0,61,1.61,156,98,62.8,18,6,14,13,34.2,4,3,1,0,25.0,/en/squads/fc536746/2017-2018/Real-Betis-Stats,2018
ESP-La Liga,2017,Celta Vigo,3,38,38,3416,38.0,60,1.58,161,102,65.2,13,10,15,7,18.4,5,4,0,1,0.0,/en/squads/f25da7fb/2017-2018/Celta-Vigo-Stats,2018
ESP-La Liga,2017,Eibar,3,38,38,3420,38.0,50,1.32,134,87,65.7,14,9,15,11,28.9,4,4,0,0,0.0,/en/squads/bea5c710/2017-2018/Eibar-Stats,2018
ESP-La Liga,2017,Espanyol,2,38,38,3420,38.0,42,1.11,164,122,76.8,12,13,13,12,31.6,6,4,2,0,33.3,/en/squads/a8661628/2017-2018/Espanyol-Stats,2018
ESP-La Liga,2017,Getafe,2,38,38,3420,38.0,33,0.87,130,96,76.2,15,10,13,14,36.8,4,2,1,1,33.3,/en/squads/7848bd64/2017-2018/Getafe-Stats,2018
ESP-La Liga,2017,Girona,2,38,38,3420,38.0,59,1.55,175,119,68.6,14,9,15,11,28.9,5,4,0,1,0.0,/en/squads/9024a00a/2017-2018/Girona-Stats,2018
ESP-La Liga,2017,La Coruña,5,38,38,3415,38.0,76,2.0,179,105,59.8,6,11,21,6,15.8,5,4,1,0,20.0,/en/squads/2a60ed82/2017-2018/Deportivo-La-Coruna-Stats,2018
ESP-La Liga,2017,Las Palmas,2,38,38,3420,38.0,74,1.95,215,142,67.9,5,7,26,5,13.2,5,5,0,0,0.0,/en/squads/0049d422/2017-2018/Las-Palmas-Stats,2018
ESP-La Liga,2017,Leganés,3,38,38,3420,38.0,51,1.34,156,104,71.2,12,7,19,14,36.8,7,6,1,0,14.3,/en/squads/7c6f2c78/2017-2018/Leganes-Stats,2018
ESP-La Liga,2017,Levante,3,38,38,3420,38.0,58,1.53,183,127,71.0,11,13,14,10,26.3,6,5,0,1,0.0,/en/squads/9800b6a1/2017-2018/Levante-Stats,2018
ESP-La Liga,2017,Málaga,2,38,38,3420,38.0,61,1.61,170,108,67.6,5,5,28,6,15.8,7,6,1,0,14.3,/en/squads/1c896955/2017-2018/Malaga-Stats,2018
ESP-La Liga,2017,Real Madrid,3,38,38,3420,38.0,44,1.16,144,100,70.8,22,10,6,10,26.3,4,2,2,0,50.0,/en/squads/53a2f082/2017-2018/Real-Madrid-Stats,2018
ESP-La Liga,2017,Real Sociedad,3,38,38,3420,38.0,59,1.55,149,90,64.4,14,7,17,10,26.3,8,6,2,0,25.0,/en/squads/e31d1cd9/2017-2018/Real-Sociedad-Stats,2018
ESP-La Liga,2017,Sevilla,2,38,38,3420,38.0,58,1.53,150,92,64.7,17,7,14,14,36.8,8,5,1,2,16.7,/en/squads/ad2be733/2017-2018/Sevilla-Stats,2018
ESP-La Liga,2017,Valencia,2,38,38,3420,38.0,38,1.0,164,124,78.7,22,7,9,12,31.6,5,3,2,0,40.0,/en/squads/dcc91a7b/2017-2018/Valencia-Stats,2018
ESP-La Liga,2017,Villarreal,3,38,38,3420,38.0,50,1.32,157,104,71.3,18,7,13,11,28.9,8,5,3,0,37.5,/en/squads/2a8183b3/2017-2018/Villarreal-Stats,2018
ESP-La Liga,2018,Alavés,2,38,38,3420,38.0,50,1.32,167,119,73.7,13,11,14,8,21.1,6,6,0,0,0.0,/en/squads/8d6fd021/2018-2019/Alaves-Stats,2019
ESP-La Liga,2018,Athletic Club,2,38,38,3420,38.0,45,1.18,120,75,66.7,13,14,11,10,26.3,5,5,0,0,0.0,/en/squads/2b390eca/2018-2019/Athletic-Club-Stats,2019
ESP-La Liga,2018,Atlético Madrid,2,38,38,3420,38.0,29,0.76,136,109,82.4,22,10,6,20,52.6,5,5,0,0,0.0,/en/squads/db3b9613/2018-2019/Atletico-Madrid-Stats,2019
ESP-La Liga,2018,Barcelona,2,38,38,3420,38.0,36,0.95,130,95,73.8,26,9,3,17,44.7,2,2,0,0,0.0,/en/squads/206d90db/2018-2019/Barcelona-Stats,2019
ESP-La Liga,2018,Betis,2,38,38,3420,38.0,52,1.37,155,102,69.0,14,8,16,11,28.9,5,4,1,0,20.0,/en/squads/fc536746/2018-2019/Real-Betis-Stats,2019
ESP-La Liga,2018,Celta Vigo,2,38,38,3420,38.0,62,1.63,167,106,66.5,10,11,17,8,21.1,7,6,0,1,0.0,/en/squads/f25da7fb/2018-2019/Celta-Vigo-Stats,2019
ESP-La Liga,2018,Eibar,2,38,38,3420,38.0,50,1.32,132,82,64.4,11,14,13,9,23.7,4,3,1,0,25.0,/en/squads/bea5c710/2018-2019/Eibar-Stats,2019
ESP-La Liga,2018,Espanyol,1,38,38,3420,38.0,50,1.32,167,117,73.7,14,11,13,10,26.3,8,6,2,0,25.0,/en/squads/a8661628/2018-2019/Espanyol-Stats,2019
ESP-La Liga,2018,Getafe,2,38,38,3420,38.0,35,0.92,134,99,76.9,15,14,9,13,34.2,6,4,1,1,20.0,/en/squads/7848bd64/2018-2019/Getafe-Stats,2019
ESP-La Liga,2018,Girona,2,38,38,3420,38.0,53,1.39,206,154,78.2,9,10,19,9,23.7,8,8,0,0,0.0,/en/squads/9024a00a/2018-2019/Girona-Stats,2019
ESP-La Liga,2018,Huesca,3,38,38,3420,38.0,65,1.71,174,112,67.8,7,12,19,6,15.8,9,9,0,0,0.0,/en/squads/c6c493e6/2018-2019/Huesca-Stats,2019
ESP-La Liga,2018,Leganés,2,38,38,3420,38.0,43,1.13,134,91,70.1,11,12,15,11,28.9,4,3,1,0,25.0,/en/squads/7c6f2c78/2018-2019/Leganes-Stats,2019
ESP-La Liga,2018,Levante,3,38,38,3420,38.0,66,1.74,226,161,74.3,11,11,16,7,18.4,9,8,1,0,11.1,/en/squads/9800b6a1/2018-2019/Levante-Stats,2019
ESP-La Liga,2018,Rayo Vallecano,2,38,38,3420,38.0,70,1.84,182,109,65.4,8,8,22,7,18.4,11,7,4,0,36.4,/en/squads/98e8af82/2018-2019/Rayo-Vallecano-Stats,2019
ESP-La Liga,2018,Real Madrid,3,38,38,3420,38.0,46,1.21,138,91,71.0,21,5,12,12,31.6,8,6,1,1,14.3,/en/squads/53a2f082/2018-2019/Real-Madrid-Stats,2019
ESP-La Liga,2018,Real Sociedad,2,38,38,3420,38.0,46,1.21,142,97,69.0,13,11,14,9,23.7,3,2,1,0,33.3,/en/squads/e31d1cd9/2018-2019/Real-Sociedad-Stats,2019
ESP-La Liga,2018,Sevilla,3,38,38,3419,38.0,47,1.24,156,108,73.7,17,8,13,10,26.3,7,6,1,0,14.3,/en/squads/ad2be733/2018-2019/Sevilla-Stats,2019
ESP-La Liga,2018,Valencia,2,38,38,3420,38.0,35,0.92,152,118,81.6,15,16,7,13,34.2,8,7,1,0,12.5,/en/squads/dcc91a7b/2018-2019/Valencia-Stats,2019
ESP-La Liga,2018,Valladolid,2,38,38,3420,38.0,51,1.34,155,102,71.0,10,11,17,9,23.7,9,6,3,0,33.3,/en/squads/17859612/2018-2019/Valladolid-Stats,2019
ESP-La Liga,2018,Villarreal,2,38,38,3420,38.0,52,1.37,185,135,73.5,10,14,14,11,28.9,5,3,1,1,25.0,/en/squads/2a8183b3/2018-2019/Villarreal-Stats,2019
ESP-La Liga,2019,Alavés,3,38,38,3418,38.0,59,1.55,161,99,70.8,10,9,19,9,23.7,15,12,3,0,20.0,/en/squads/8d6fd021/2019-2020/Alaves-Stats,2020
ESP-La Liga,2019,Athletic Club,2,38,38,3416,38.0,38,1.0,128,92,74.2,13,12,13,12,31.6,7,5,0,2,0.0,/en/squads/2b390eca/2019-2020/Athletic-Club-Stats,2020
ESP-La Liga,2019,Atlético Madrid,2,38,38,3420,38.0,27,0.71,112,88,78.6,18,16,4,17,44.7,4,3,0,1,0.0,/en/squads/db3b9613/2019-2020/Atletico-Madrid-Stats,2020
ESP-La Liga,2019,Barcelona,2,38,38,3420,38.0,38,1.0,119,80,73.1,25,7,6,15,39.5,7,6,1,0,14.3,/en/squads/206d90db/2019-2020/Barcelona-Stats,2020
ESP-La Liga,2019,Betis,2,38,38,3418,38.0,60,1.58,154,95,68.2,10,11,17,6,15.8,11,11,0,0,0.0,/en/squads/fc536746/2019-2020/Real-Betis-Stats,2020
ESP-La Liga,2019,Celta Vigo,3,38,38,3420,38.0,49,1.29,149,100,70.5,7,16,15,12,31.6,5,5,0,0,0.0,/en/squads/f25da7fb/2019-2020/Celta-Vigo-Stats,2020
ESP-La Liga,2019,Eibar,2,38,38,3420,38.0,56,1.47,138,81,62.3,11,9,18,11,28.9,6,4,2,0,33.3,/en/squads/bea5c710/2019-2020/Eibar-Stats,2020
ESP-La Liga,2019,Espanyol,2,38,38,3412,38.0,58,1.53,163,106,68.1,5,10,23,6,15.8,7,6,1,0,14.3,/en/squads/a8661628/2019-2020/Espanyol-Stats,2020
ESP-La Liga,2019,Getafe,1,38,38,3420,38.0,37,0.97,109,73,70.6,14,12,12,15,39.5,6,5,1,0,16.7,/en/squads/7848bd64/2019-2020/Getafe-Stats,2020
ESP-La Liga,2019,Granada,2,38,38,3420,38.0,45,1.18,156,110,73.7,16,8,14,13,34.2,5,4,1,0,20.0,/en/squads/a0435291/2019-2020/Granada-Stats,2020
ESP-La Liga,2019,Leganés,2,38,38,3419,38.0,51,1.34,138,87,67.4,8,12,18,9,23.7,7,6,1,0,14.3,/en/squads/7c6f2c78/2019-2020/Leganes-Stats,2020
ESP-La Liga,2019,Levante,2,38,38,3420,38.0,53,1.39,215,161,76.7,14,7,17,6,15.8,6,3,2,1,40.0,/en/squads/9800b6a1/2019-2020/Levante-Stats,2020
ESP-La Liga,2019,Mallorca,3,38,38,3420,38.0,65,1.71,190,125,73.7,9,6,23,5,13.2,16,15,1,0,6.3,/en/squads/2aa12281/2019-2020/Mallorca-Stats,2020
ESP-La Liga,2019,Osasuna,3,38,38,3418,38.0,54,1.42,143,89,65.7,13,13,12,11,28.9,5,5,0,0,0.0,/en/squads/03c57e2b/2019-2020/Osasuna-Stats,2020
ESP-La Liga,2019,Real Madrid,2,38,38,3420,38.0,25,0.66,110,85,79.1,26,9,3,19,50.0,2,2,0,0,0.0,/en/squads/53a2f082/2019-2020/Real-Madrid-Stats,2020
ESP-La Liga,2019,Real Sociedad,2,38,38,3420,38.0,48,1.26,144,96,71.5,16,8,14,9,23.7,9,7,1,1,12.5,/en/squads/e31d1cd9/2019-2020/Real-Sociedad-Stats,2020
ESP-La Liga,2019,Sevilla,2,38,38,3420,38.0,34,0.89,117,83,73.5,19,13,6,17,44.7,4,3,1,0,25.0,/en/squads/ad2be733/2019-2020/Sevilla-Stats,2020
ESP-La Liga,2019,Valencia,2,38,38,3420,38.0,53,1.39,190,136,75.8,14,11,13,8,21.1,9,7,2,0,22.2,/en/squads/dcc91a7b/2019-2020/Valencia-Stats,2020
ESP-La Liga,2019,Valladolid,3,38,38,3420,38.0,43,1.13,139,95,74.1,9,15,14,12,31.6,8,7,1,0,12.5,/en/squads/17859612/2019-2020/Valladolid-Stats,2020
ESP-La Liga,2019,Villarreal,2,38,38,3420,38.0,49,1.29,164,116,75.0,18,6,14,12,31.6,9,8,1,0,11.1,/en/squads/2a8183b3/2019-2020/Villarreal-Stats,2020
ESP-La Liga,2020,Alavés,2,38,38,3420,38.0,57,1.5,142,85,62.0,9,11,18,9,23.7,3,3,0,0,0.0,/en/squads/8d6fd021/2020-2021/Alaves-Stats,2021
ESP-La Liga,2020,Athletic Club,2,38,38,3420,38.0,42,1.11,111,69,66.7,11,13,14,9,23.7,6,5,1,0,16.7,/en/squads/2b390eca/2020-2021/Athletic-Club-Stats,2021
ESP-La Liga,2020,Atlético Madrid,1,38,38,3420,38.0,25,0.66,122,98,80.3,26,8,4,18,47.4,4,1,2,1,66.7,/en/squads/db3b9613/2020-2021/Atletico-Madrid-Stats,2021
ESP-La Liga,2020,Barcelona,2,38,38,3420,38.0,38,1.0,130,94,74.6,24,7,7,14,36.8,5,5,0,0,0.0,/en/squads/206d90db/2020-2021/Barcelona-Stats,2021
ESP-La Liga,2020,Betis,2,38,38,3420,38.0,50,1.32,136,87,69.1,17,10,11,13,34.2,10,8,2,0,20.0,/en/squads/fc536746/2020-2021/Real-Betis-Stats,2021
ESP-La Liga,2020,Celta Vigo,2,38,38,3418,38.0,57,1.5,138,81,63.8,14,11,13,9,23.7,8,7,1,0,12.5,/en/squads/f25da7fb/2020-2021/Celta-Vigo-Stats,2021
ESP-La Liga,2020,Cádiz,3,38,38,3420,38.0,58,1.53,150,91,67.3,11,11,16,10,26.3,10,9,1,0,10.0,/en/squads/ee7c297c/2020-2021/Cadiz-Stats,2021
ESP-La Liga,2020,Eibar,2,38,38,3420,38.0,52,1.37,135,82,63.7,6,12,20,9,23.7,5,3,1,1,25.0,/en/squads/bea5c710/2020-2021/Eibar-Stats,2021
ESP-La Liga,2020,Elche,2,38,38,3420,38.0,55,1.45,163,106,69.9,8,12,18,7,18.4,10,6,3,1,33.3,/en/squads/6c8b07df/2020-2021/Elche-Stats,2021
ESP-La Liga,2020,Getafe,2,38,38,3420,38.0,43,1.13,111,70,67.6,9,11,18,14,36.8,8,7,1,0,12.5,/en/squads/7848bd64/2020-2021/Getafe-Stats,2021
ESP-La Liga,2020,Granada,3,38,38,3420,38.0,65,1.71,170,101,65.3,13,7,18,9,23.7,12,6,5,1,45.5,/en/squads/a0435291/2020-2021/Granada-Stats,2021
ESP-La Liga,2020,Huesca,2,38,38,3420,38.0,53,1.39,149,98,67.8,7,13,18,9,23.7,5,5,0,0,0.0,/en/squads/c6c493e6/2020-2021/Huesca-Stats,2021
ESP-La Liga,2020,Levante,3,38,38,3420,38.0,57,1.5,163,108,66.9,9,14,15,4,10.5,4,3,0,1,0.0,/en/squads/9800b6a1/2020-2021/Levante-Stats,2021
ESP-La Liga,2020,Osasuna,3,38,38,3415,38.0,48,1.27,142,94,69.7,11,11,16,11,28.9,8,5,2,1,28.6,/en/squads/03c57e2b/2020-2021/Osasuna-Stats,2021
ESP-La Liga,2020,Real Madrid,1,38,38,3420,38.0,28,0.74,116,88,81.9,25,9,4,17,44.7,8,7,1,0,12.5,/en/squads/53a2f082/2020-2021/Real-Madrid-Stats,2021
ESP-La Liga,2020,Real Sociedad,1,38,38,3420,38.0,38,1.0,105,67,66.7,17,11,10,14,36.8,5,3,1,1,25.0,/en/squads/e31d1cd9/2020-2021/Real-Sociedad-Stats,2021
ESP-La Liga,2020,Sevilla,2,38,38,3420,38.0,33,0.87,120,87,75.8,24,5,9,17,44.7,6,4,2,0,33.3,/en/squads/ad2be733/2020-2021/Sevilla-Stats,2021
ESP-La Liga,2020,Valencia,2,38,38,3420,38.0,53,1.39,175,121,72.6,10,13,15,7,18.4,8,5,3,0,37.5,/en/squads/dcc91a7b/2020-2021/Valencia-Stats,2021
ESP-La Liga,2020,Valladolid,2,38,38,3420,38.0,57,1.5,161,104,68.3,5,16,17,3,7.9,7,6,0,1,0.0,/en/squads/17859612/2020-2021/Valladolid-Stats,2021
ESP-La Liga,2020,Villarreal,2,38,38,3420,38.0,44,1.16,126,83,70.6,15,13,10,10,26.3,9,7,1,1,12.5,/en/squads/2a8183b3/2020-2021/Villarreal-Stats,2021
ESP-La Liga,2021,Alavés,3,38,38,3420,38.0,65,1.71,168,100,64.9,8,7,23,6,15.8,9,6,3,0,33.3,/en/squads/8d6fd021/2021-2022/Alaves-Stats,2022
ESP-La Liga,2021,Athletic Club,2,38,38,3420,38.0,36,0.95,131,96,74.8,14,13,11,13,34.2,3,3,0,0,0.0,/en/squads/2b390eca/2021-2022/Athletic-Club-Stats,2022
ESP-La Liga,2021,Atlético Madrid,1,38,38,3420,38.0,43,1.13,106,65,66.0,21,8,9,12,31.6,8,7,1,0,12.5,/en/squads/db3b9613/2021-2022/Atletico-Madrid-Stats,2022
ESP-La Liga,2021,Barcelona,2,38,38,3420,38.0,38,1.0,123,84,70.7,21,10,7,11,28.9,3,2,1,0,33.3,/en/squads/206d90db/2021-2022/Barcelona-Stats,2022
ESP-La Liga,2021,Betis,2,38,38,3420,38.0,40,1.05,132,94,72.0,19,8,11,13,34.2,3,3,0,0,0.0,/en/squads/fc536746/2021-2022/Real-Betis-Stats,2022
ESP-La Liga,2021,Celta Vigo,1,38,38,3420,38.0,43,1.13,136,91,71.3,12,10,16,14,36.8,8,4,4,0,50.0,/en/squads/f25da7fb/2021-2022/Celta-Vigo-Stats,2022
ESP-La Liga,2021,Cádiz,1,38,38,3420,38.0,51,1.34,170,117,76.5,8,15,15,13,34.2,13,11,2,0,15.4,/en/squads/ee7c297c/2021-2022/Cadiz-Stats,2022
ESP-La Liga,2021,Elche,2,38,38,3420,38.0,52,1.37,174,121,74.1,11,9,18,8,21.1,9,7,1,1,12.5,/en/squads/6c8b07df/2021-2022/Elche-Stats,2022
ESP-La Liga,2021,Espanyol,3,38,38,3420,38.0,53,1.39,169,118,71.0,10,12,16,10,26.3,5,4,0,1,0.0,/en/squads/a8661628/2021-2022/Espanyol-Stats,2022
ESP-La Liga,2021,Getafe,2,38,38,3420,38.0,41,1.08,132,91,70.5,8,15,15,14,36.8,4,2,1,1,33.3,/en/squads/7848bd64/2021-2022/Getafe-Stats,2022
ESP-La Liga,2021,Granada,2,38,38,3420,38.0,61,1.61,193,132,72.0,8,14,16,8,21.1,9,7,2,0,22.2,/en/squads/a0435291/2021-2022/Granada-Stats,2022
ESP-La Liga,2021,Levante,4,38,38,3420,38.0,76,2.0,203,126,65.0,8,11,19,7,18.4,6,5,1,0,16.7,/en/squads/9800b6a1/2021-2022/Levante-Stats,2022
ESP-La Liga,2021,Mallorca,4,38,38,3420,38.0,63,1.66,152,91,62.5,10,9,19,9,23.7,8,6,2,0,25.0,/en/squads/2aa12281/2021-2022/Mallorca-Stats,2022
ESP-La Liga,2021,Osasuna,2,38,38,3420,38.0,51,1.34,151,99,68.9,12,11,15,12,31.6,7,4,3,0,42.9,/en/squads/03c57e2b/2021-2022/Osasuna-Stats,2022
ESP-La Liga,2021,Rayo Vallecano,2,38,38,3417,38.0,50,1.32,163,112,73.6,11,9,18,9,23.7,9,7,2,0,22.2,/en/squads/98e8af82/2021-2022/Rayo-Vallecano-Stats,2022
ESP-La Liga,2021,Real Madrid,2,38,38,3420,38.0,31,0.82,129,97,78.3,26,8,4,16,42.1,5,3,2,0,40.0,/en/squads/53a2f082/2021-2022/Real-Madrid-Stats,2022
ESP-La Liga,2021,Real Sociedad,2,38,38,3420,38.0,37,0.97,127,89,74.8,17,11,10,20,52.6,6,5,1,0,16.7,/en/squads/e31d1cd9/2021-2022/Real-Sociedad-Stats,2022
ESP-La Liga,2021,Sevilla,3,38,38,3420,38.0,30,0.79,121,90,76.9,18,16,4,17,44.7,4,2,1,1,33.3,/en/squads/ad2be733/2021-2022/Sevilla-Stats,2022
ESP-La Liga,2021,Valencia,3,38,38,3420,38.0,53,1.39,163,112,71.8,11,15,12,12,31.6,8,7,1,0,12.5,/en/squads/dcc91a7b/2021-2022/Valencia-Stats,2022
ESP-La Liga,2021,Villarreal,2,38,38,3420,38.0,37,0.97,128,91,74.2,16,11,11,14,36.8,5,4,1,0,20.0,/en/squads/2a8183b3/2021-2022/Villarreal-Stats,2022
ESP-La Liga,2022,Almería,3,38,38,3420,38.0,65,1.71,203,138,70.0,11,8,19,4,10.5,6,4,1,1,20.0,/en/squads/78ecf4bb/Almeria-Stats,2023
ESP-La Liga,2022,Athletic Club,2,38,38,3420,38.0,43,1.13,123,83,67.5,14,9,15,11,28.9,3,3,0,0,0.0,/en/squads/2b390eca/Athletic-Club-Stats,2023
ESP-La Liga,2022,Atlético Madrid,3,38,38,3420,38.0,33,0.87,128,95,77.3,23,8,7,13,34.2,5,4,0,1,0.0,/en/squads/db3b9613/Atletico-Madrid-Stats,2023
ESP-La Liga,2022,Barcelona,2,38,38,3420,38.0,20,0.53,102,85,83.3,28,4,6,26,68.4,3,3,0,0,0.0,/en/squads/206d90db/Barcelona-Stats,2023
ESP-La Liga,2022,Betis,2,38,38,3420,38.0,41,1.08,146,106,74.0,17,9,12,13,34.2,3,3,0,0,0.0,/en/squads/fc536746/Real-Betis-Stats,2023
ESP-La Liga,2022,Celta Vigo,2,38,38,3420,38.0,53,1.39,134,80,64.2,11,10,17,10,26.3,8,5,2,1,28.6,/en/squads/f25da7fb/Celta-Vigo-Stats,2023
ESP-La Liga,2022,Cádiz,2,38,38,3420,38.0,53,1.39,202,148,78.2,10,12,16,13,34.2,10,9,1,0,10.0,/en/squads/ee7c297c/Cadiz-Stats,2023
ESP-La Liga,2022,Elche,2,38,38,3420,38.0,67,1.76,208,140,71.2,5,10,23,4,10.5,10,7,3,0,30.0,/en/squads/6c8b07df/Elche-Stats,2023
ESP-La Liga,2022,Espanyol,4,38,38,3419,38.0,69,1.82,183,115,65.0,8,13,17,6,15.8,6,5,1,0,16.7,/en/squads/a8661628/Espanyol-Stats,2023
ESP-La Liga,2022,Getafe,1,38,38,3420,38.0,45,1.18,166,119,75.3,10,12,16,13,34.2,8,4,4,0,50.0,/en/squads/7848bd64/Getafe-Stats,2023
ESP-La Liga,2022,Girona,2,38,38,3420,38.0,55,1.45,168,112,70.8,13,10,15,4,10.5,8,6,1,1,14.3,/en/squads/9024a00a/Girona-Stats,2023
ESP-La Liga,2022,Mallorca,3,38,38,3420,38.0,43,1.13,145,101,74.5,14,8,16,13,34.2,7,6,1,0,14.3,/en/squads/2aa12281/Mallorca-Stats,2023
ESP-La Liga,2022,Osasuna,2,38,38,3420,38.0,42,1.11,148,107,72.3,15,8,15,11,28.9,4,1,1,2,50.0,/en/squads/03c57e2b/Osasuna-Stats,2023
ESP-La Liga,2022,Rayo Vallecano,2,38,38,3420,38.0,53,1.39,144,95,66.0,13,10,15,9,23.7,5,4,0,1,0.0,/en/squads/98e8af82/Rayo-Vallecano-Stats,2023
ESP-La Liga,2022,Real Madrid,2,38,38,3420,38.0,36,0.95,136,100,76.5,24,6,8,13,34.2,5,4,1,0,20.0,/en/squads/53a2f082/Real-Madrid-Stats,2023
ESP-La Liga,2022,Real Sociedad,1,38,38,3420,38.0,35,0.92,133,99,74.4,21,8,9,15,39.5,2,1,1,0,50.0,/en/squads/e31d1cd9/Real-Sociedad-Stats,2023
ESP-La Liga,2022,Sevilla,2,38,38,3420,38.0,54,1.42,161,109,67.7,13,10,15,9,23.7,3,2,1,0,33.3,/en/squads/ad2be733/Sevilla-Stats,2023
ESP-La Liga,2022,Valencia,1,38,38,3420,38.0,45,1.18,148,105,70.9,11,9,18,7,18.4,5,2,0,3,0.0,/en/squads/dcc91a7b/Valencia-Stats,2023
ESP-La Liga,2022,Valladolid,3,38,38,3420,38.0,63,1.66,199,134,71.4,11,7,20,9,23.7,10,6,3,1,33.3,/en/squads/17859612/Valladolid-Stats,2023
ESP-La Liga,2022,Villarreal,3,38,38,3420,38.0,40,1.05,149,110,75.8,19,7,12,12,31.6,4,4,0,0,0.0,/en/squads/2a8183b3/Villarreal-Stats,2023
FRA-Ligue 1,2017,Amiens,2,38,38,3420,38.0,42,1.11,178,136,78.7,12,9,17,11,28.9,4,4,0,0,0.0,/en/squads/25622401/2017-2018/Amiens-Stats,2018
FRA-Ligue 1,2017,Angers,3,38,38,3420,38.0,52,1.37,138,90,67.4,9,14,15,6,15.8,7,7,0,0,0.0,/en/squads/69236f98/2017-2018/Angers-Stats,2018
FRA-Ligue 1,2017,Bordeaux,2,38,38,3420,38.0,48,1.26,132,81,66.7,16,7,15,10,26.3,8,4,4,0,50.0,/en/squads/123f3efe/2017-2018/Bordeaux-Stats,2018
FRA-Ligue 1,2017,Caen,2,38,38,3418,38.0,52,1.37,151,103,68.9,10,8,20,13,34.2,5,5,0,0,0.0,/en/squads/74229020/2017-2018/Caen-Stats,2018
FRA-Ligue 1,2017,Dijon,1,38,38,3420,38.0,73,1.92,201,128,69.2,13,9,16,5,13.2,14,11,3,0,21.4,/en/squads/8dfb7350/2017-2018/Dijon-Stats,2018
FRA-Ligue 1,2017,Guingamp,1,38,38,3420,38.0,59,1.55,171,111,68.4,12,11,15,11,28.9,7,5,2,0,28.6,/en/squads/d41b5f53/2017-2018/Guingamp-Stats,2018
FRA-Ligue 1,2017,Lille,4,38,38,3420,38.0,67,1.76,185,119,66.5,10,8,20,5,13.2,7,5,2,0,28.6,/en/squads/cb188c0c/2017-2018/Lille-Stats,2018
FRA-Ligue 1,2017,Lyon,2,38,38,3420,38.0,43,1.13,150,108,74.7,23,9,6,15,39.5,8,5,2,1,28.6,/en/squads/d53c0b06/2017-2018/Lyon-Stats,2018
FRA-Ligue 1,2017,Marseille,2,38,38,3420,38.0,47,1.24,141,95,69.5,22,11,5,14,36.8,6,4,1,1,20.0,/en/squads/5725cc7b/2017-2018/Marseille-Stats,2018
FRA-Ligue 1,2017,Metz,3,38,38,3417,38.0,76,2.0,206,130,64.6,6,8,24,4,10.5,5,3,2,0,40.0,/en/squads/f83960ae/2017-2018/Metz-Stats,2018
FRA-Ligue 1,2017,Monaco,3,38,38,3420,38.0,45,1.18,147,103,72.8,24,8,6,14,36.8,5,5,0,0,0.0,/en/squads/fd6114db/2017-2018/Monaco-Stats,2018
FRA-Ligue 1,2017,Montpellier,1,38,38,3420,38.0,33,0.87,117,84,76.1,11,18,9,14,36.8,6,5,0,1,0.0,/en/squads/281b0e73/2017-2018/Montpellier-Stats,2018
FRA-Ligue 1,2017,Nantes,2,38,38,3420,38.0,41,1.08,138,98,72.5,14,10,14,12,31.6,4,3,0,1,0.0,/en/squads/d7a486cd/2017-2018/Nantes-Stats,2018
FRA-Ligue 1,2017,Nice,2,38,38,3420,38.0,52,1.37,154,102,68.2,15,9,14,10,26.3,5,3,2,0,40.0,/en/squads/132ebc33/2017-2018/Nice-Stats,2018
FRA-Ligue 1,2017,Paris S-G,2,38,38,3420,38.0,29,0.76,119,90,78.2,29,6,3,18,47.4,5,3,1,1,25.0,/en/squads/e2d8892c/2017-2018/Paris-Saint-Germain-Stats,2018
FRA-Ligue 1,2017,Rennes,3,38,38,3420,38.0,44,1.16,148,104,73.6,16,10,12,10,26.3,8,5,2,1,28.6,/en/squads/b3072e00/2017-2018/Rennes-Stats,2018
FRA-Ligue 1,2017,Saint-Étienne,2,38,38,3416,38.0,50,1.32,179,129,75.4,15,10,13,13,34.2,7,6,1,0,14.3,/en/squads/d298ef2c/2017-2018/Saint-Etienne-Stats,2018
FRA-Ligue 1,2017,Strasbourg,3,38,38,3420,38.0,67,1.76,174,106,64.9,9,11,18,4,10.5,7,6,1,0,14.3,/en/squads/c0d3eab4/2017-2018/Strasbourg-Stats,2018
FRA-Ligue 1,2017,Toulouse,1,38,38,3420,38.0,54,1.42,158,106,69.6,9,10,19,12,31.6,6,6,0,0,0.0,/en/squads/3f8c4b5f/2017-2018/Toulouse-Stats,2018
FRA-Ligue 1,2017,Troyes,2,38,38,3420,38.0,59,1.55,193,134,71.5,9,6,23,8,21.1,5,4,1,0,20.0,/en/squads/54195385/2017-2018/Troyes-Stats,2018
FRA-Ligue 1,2018,Amiens,1,38,38,3420,38.0,52,1.37,166,114,72.3,9,11,18,11,28.9,9,6,2,1,25.0,/en/squads/25622401/2018-2019/Amiens-Stats,2019
FRA-Ligue 1,2018,Angers,2,38,38,3419,38.0,49,1.29,165,116,72.1,10,16,12,13,34.2,5,3,2,0,40.0,/en/squads/69236f98/2018-2019/Angers-Stats,2019
FRA-Ligue 1,2018,Bordeaux,2,38,38,3420,38.0,42,1.11,153,110,76.5,10,11,17,10,26.3,7,6,1,0,14.3,/en/squads/123f3efe/2018-2019/Bordeaux-Stats,2019
FRA-Ligue 1,2018,Caen,1,38,38,3420,38.0,54,1.42,193,139,75.1,7,12,19,9,23.7,8,6,2,0,25.0,/en/squads/74229020/2018-2019/Caen-Stats,2019
FRA-Ligue 1,2018,Dijon,2,38,38,3420,38.0,60,1.58,171,112,66.7,9,7,22,6,15.8,3,3,0,0,0.0,/en/squads/8dfb7350/2018-2019/Dijon-Stats,2019
FRA-Ligue 1,2018,Guingamp,2,38,38,3420,38.0,68,1.79,171,101,62.0,5,12,21,10,26.3,6,3,2,1,40.0,/en/squads/d41b5f53/2018-2019/Guingamp-Stats,2019
FRA-Ligue 1,2018,Lille,1,38,38,3420,38.0,33,0.87,125,90,78.4,22,9,7,15,39.5,10,6,2,2,25.0,/en/squads/cb188c0c/2018-2019/Lille-Stats,2019
FRA-Ligue 1,2018,Lyon,2,38,38,3420,38.0,47,1.24,149,105,71.8,21,9,8,10,26.3,5,5,0,0,0.0,/en/squads/d53c0b06/2018-2019/Lyon-Stats,2019
FRA-Ligue 1,2018,Marseille,2,38,38,3416,38.0,52,1.37,138,84,69.6,18,7,13,12,31.6,12,10,2,0,16.7,/en/squads/5725cc7b/2018-2019/Marseille-Stats,2019
FRA-Ligue 1,2018,Monaco,3,38,38,3420,38.0,57,1.5,147,89,64.6,8,12,18,8,21.1,8,5,3,0,37.5,/en/squads/fd6114db/2018-2019/Monaco-Stats,2019
FRA-Ligue 1,2018,Montpellier,2,38,38,3420,38.0,42,1.11,144,103,72.9,15,14,9,12,31.6,5,3,1,1,25.0,/en/squads/281b0e73/2018-2019/Montpellier-Stats,2019
FRA-Ligue 1,2018,Nantes,3,38,38,3420,38.0,48,1.26,130,78,66.2,13,9,16,8,21.1,8,4,4,0,50.0,/en/squads/d7a486cd/2018-2019/Nantes-Stats,2019
FRA-Ligue 1,2018,Nice,2,38,38,3420,38.0,35,0.92,155,118,79.4,15,11,12,16,42.1,6,3,3,0,50.0,/en/squads/132ebc33/2018-2019/Nice-Stats,2019
FRA-Ligue 1,2018,Nîmes,1,38,38,3420,38.0,58,1.53,180,122,70.0,15,8,15,10,26.3,5,4,1,0,20.0,/en/squads/1cbf5f9e/2018-2019/Nimes-Stats,2019
FRA-Ligue 1,2018,Paris S-G,2,38,38,3420,38.0,35,0.92,131,99,77.1,29,4,5,17,44.7,6,5,1,0,16.7,/en/squads/e2d8892c/2018-2019/Paris-Saint-Germain-Stats,2019
FRA-Ligue 1,2018,Reims,1,38,38,3420,38.0,42,1.11,150,110,76.7,13,16,9,14,36.8,7,7,0,0,0.0,/en/squads/7fdd64e0/2018-2019/Reims-Stats,2019
FRA-Ligue 1,2018,Rennes,2,38,38,3420,38.0,52,1.37,158,106,69.6,13,13,12,11,28.9,5,4,1,0,20.0,/en/squads/b3072e00/2018-2019/Rennes-Stats,2019
FRA-Ligue 1,2018,Saint-Étienne,2,38,38,3420,38.0,41,1.08,153,112,77.8,19,9,10,13,34.2,9,7,1,1,12.5,/en/squads/d298ef2c/2018-2019/Saint-Etienne-Stats,2019
FRA-Ligue 1,2018,Strasbourg,2,38,38,3420,38.0,48,1.26,149,100,72.5,11,16,11,9,23.7,9,7,2,0,22.2,/en/squads/c0d3eab4/2018-2019/Strasbourg-Stats,2019
FRA-Ligue 1,2018,Toulouse,2,38,38,3416,38.0,57,1.5,178,121,70.8,8,14,16,9,23.7,6,5,1,0,16.7,/en/squads/3f8c4b5f/2018-2019/Toulouse-Stats,2019
FRA-Ligue 1,2019,Amiens,1,28,28,2520,28.0,50,1.79,142,93,65.5,4,11,13,5,17.9,1,1,0,0,0.0,/en/squads/25622401/2019-2020/Amiens-Stats,2020
FRA-Ligue 1,2019,Angers,2,28,28,2520,28.0,33,1.18,90,57,66.7,11,6,11,12,42.9,3,3,0,0,0.0,/en/squads/69236f98/2019-2020/Angers-Stats,2020
FRA-Ligue 1,2019,Bordeaux,1,28,28,2520,28.0,34,1.21,108,74,70.4,9,10,9,6,21.4,3,2,1,0,33.3,/en/squads/123f3efe/2019-2020/Bordeaux-Stats,2020
FRA-Ligue 1,2019,Brest,2,28,28,2520,28.0,37,1.32,143,104,76.9,8,10,10,8,28.6,6,4,2,0,33.3,/en/squads/fb08dbb3/2019-2020/Brest-Stats,2020
FRA-Ligue 1,2019,Dijon,2,28,28,2520,28.0,37,1.32,128,93,71.9,7,9,12,6,21.4,1,1,0,0,0.0,/en/squads/8dfb7350/2019-2020/Dijon-Stats,2020
FRA-Ligue 1,2019,Lille,1,28,28,2520,28.0,27,0.96,83,58,72.3,15,4,9,12,42.9,6,4,1,1,20.0,/en/squads/cb188c0c/2019-2020/Lille-Stats,2020
FRA-Ligue 1,2019,Lyon,2,28,28,2520,28.0,27,0.96,97,73,74.2,11,7,10,9,32.1,3,2,0,1,0.0,/en/squads/d53c0b06/2019-2020/Lyon-Stats,2020
FRA-Ligue 1,2019,Marseille,2,28,28,2520,28.0,29,1.04,99,71,74.7,16,8,4,11,39.3,5,4,1,0,20.0,/en/squads/5725cc7b/2019-2020/Marseille-Stats,2020
FRA-Ligue 1,2019,Metz,2,28,28,2520,28.0,35,1.25,135,100,77.0,8,10,10,8,28.6,4,4,0,0,0.0,/en/squads/f83960ae/2019-2020/Metz-Stats,2020
FRA-Ligue 1,2019,Monaco,1,28,28,2520,28.0,44,1.57,134,91,71.6,11,7,10,7,25.0,6,6,0,0,0.0,/en/squads/fd6114db/2019-2020/Monaco-Stats,2020
FRA-Ligue 1,2019,Montpellier,3,28,28,2517,28.0,34,1.22,132,98,76.5,11,7,10,8,28.6,5,3,2,0,40.0,/en/squads/281b0e73/2019-2020/Montpellier-Stats,2020
FRA-Ligue 1,2019,Nantes,2,28,28,2520,28.0,31,1.11,101,68,72.3,11,4,13,10,35.7,6,3,2,1,40.0,/en/squads/d7a486cd/2019-2020/Nantes-Stats,2020
FRA-Ligue 1,2019,Nice,2,28,28,2520,28.0,38,1.36,137,100,75.9,11,8,9,4,14.3,7,5,1,1,16.7,/en/squads/132ebc33/2019-2020/Nice-Stats,2020
FRA-Ligue 1,2019,Nîmes,2,28,28,2520,28.0,44,1.57,127,84,68.5,7,6,15,7,25.0,4,4,0,0,0.0,/en/squads/1cbf5f9e/2019-2020/Nimes-Stats,2020
FRA-Ligue 1,2019,Paris S-G,4,27,27,2430,27.0,24,0.89,81,58,70.4,22,2,3,14,51.9,0,0,0,0,,/en/squads/e2d8892c/2019-2020/Paris-Saint-Germain-Stats,2020
FRA-Ligue 1,2019,Reims,2,28,28,2520,28.0,21,0.75,91,66,79.1,10,11,7,12,42.9,6,2,4,0,66.7,/en/squads/7fdd64e0/2019-2020/Reims-Stats,2020
FRA-Ligue 1,2019,Rennes,2,28,28,2520,28.0,24,0.86,98,73,78.6,15,5,8,10,35.7,5,3,2,0,40.0,/en/squads/b3072e00/2019-2020/Rennes-Stats,2020
FRA-Ligue 1,2019,Saint-Étienne,3,28,28,2520,28.0,45,1.61,125,80,68.0,8,6,14,5,17.9,6,5,0,1,0.0,/en/squads/d298ef2c/2019-2020/Saint-Etienne-Stats,2020
FRA-Ligue 1,2019,Strasbourg,1,27,27,2430,27.0,32,1.19,104,71,75.0,11,5,11,8,29.6,7,6,1,0,14.3,/en/squads/c0d3eab4/2019-2020/Strasbourg-Stats,2020
FRA-Ligue 1,2019,Toulouse,3,28,28,2520,28.0,58,2.07,146,87,62.3,3,4,21,3,10.7,5,3,2,0,40.0,/en/squads/3f8c4b5f/2019-2020/Toulouse-Stats,2020
FRA-Ligue 1,2020,Angers,1,38,38,3420,38.0,58,1.53,139,82,63.3,12,8,18,9,23.7,8,7,1,0,12.5,/en/squads/69236f98/2020-2021/Angers-Stats,2021
FRA-Ligue 1,2020,Bordeaux,1,38,38,3420,38.0,56,1.47,156,100,68.6,13,6,19,14,36.8,8,7,1,0,12.5,/en/squads/123f3efe/2020-2021/Bordeaux-Stats,2021
FRA-Ligue 1,2020,Brest,2,38,38,3420,38.0,66,1.74,180,115,68.3,11,8,19,7,18.4,11,9,1,1,10.0,/en/squads/fb08dbb3/2020-2021/Brest-Stats,2021
FRA-Ligue 1,2020,Dijon,3,38,38,3420,38.0,73,1.92,190,117,65.3,4,9,25,6,15.8,10,7,2,1,22.2,/en/squads/8dfb7350/2020-2021/Dijon-Stats,2021
FRA-Ligue 1,2020,Lens,2,38,38,3420,38.0,54,1.42,143,92,69.9,15,12,11,8,21.1,11,11,0,0,0.0,/en/squads/fd4e0f7d/2020-2021/Lens-Stats,2021
FRA-Ligue 1,2020,Lille,1,38,38,3420,38.0,23,0.61,107,85,79.4,24,11,3,21,55.3,2,1,1,0,50.0,/en/squads/cb188c0c/2020-2021/Lille-Stats,2021
FRA-Ligue 1,2020,Lorient,2,38,38,3420,38.0,68,1.79,167,100,65.3,11,9,18,5,13.2,11,10,0,1,0.0,/en/squads/d2c87802/2020-2021/Lorient-Stats,2021
FRA-Ligue 1,2020,Lyon,1,38,38,3420,38.0,43,1.13,134,92,71.6,22,10,6,11,28.9,7,5,1,1,16.7,/en/squads/d53c0b06/2020-2021/Lyon-Stats,2021
FRA-Ligue 1,2020,Marseille,2,38,38,3420,38.0,47,1.24,132,86,66.7,16,12,10,8,21.1,3,3,0,0,0.0,/en/squads/5725cc7b/2020-2021/Marseille-Stats,2021
FRA-Ligue 1,2020,Metz,2,38,38,3419,38.0,48,1.26,150,102,76.0,12,11,15,8,21.1,13,12,1,0,7.7,/en/squads/f83960ae/2020-2021/Metz-Stats,2021
FRA-Ligue 1,2020,Monaco,3,38,38,3420,38.0,42,1.11,103,62,64.1,24,6,8,15,39.5,5,5,0,0,0.0,/en/squads/fd6114db/2020-2021/Monaco-Stats,2021
FRA-Ligue 1,2020,Montpellier,2,38,38,3418,38.0,62,1.63,197,137,74.6,14,12,12,5,13.2,12,12,0,0,0.0,/en/squads/281b0e73/2020-2021/Montpellier-Stats,2021
FRA-Ligue 1,2020,Nantes,1,38,38,3420,38.0,55,1.45,168,113,73.2,9,13,16,5,13.2,12,10,1,1,9.1,/en/squads/d7a486cd/2020-2021/Nantes-Stats,2021
FRA-Ligue 1,2020,Nice,1,38,38,3420,38.0,53,1.39,176,123,73.9,15,7,16,9,23.7,7,7,0,0,0.0,/en/squads/132ebc33/2020-2021/Nice-Stats,2021
FRA-Ligue 1,2020,Nîmes,1,38,38,3420,38.0,71,1.87,196,122,66.8,9,8,21,8,21.1,10,6,3,1,33.3,/en/squads/1cbf5f9e/2020-2021/Nimes-Stats,2021
FRA-Ligue 1,2020,Paris S-G,3,38,38,3420,38.0,28,0.74,131,103,79.4,26,4,8,19,50.0,2,1,1,0,50.0,/en/squads/e2d8892c/2020-2021/Paris-Saint-Germain-Stats,2021
FRA-Ligue 1,2020,Reims,2,38,38,3420,38.0,50,1.32,168,117,73.2,9,15,14,10,26.3,8,5,2,1,28.6,/en/squads/7fdd64e0/2020-2021/Reims-Stats,2021
FRA-Ligue 1,2020,Rennes,3,38,38,3420,38.0,40,1.05,131,92,71.8,16,10,12,10,26.3,4,3,0,1,0.0,/en/squads/b3072e00/2020-2021/Rennes-Stats,2021
FRA-Ligue 1,2020,Saint-Étienne,3,38,38,3420,38.0,54,1.42,132,79,63.6,12,10,16,12,31.6,9,6,1,2,14.3,/en/squads/d298ef2c/2020-2021/Saint-Etienne-Stats,2021
FRA-Ligue 1,2020,Strasbourg,3,38,38,3420,38.0,58,1.53,149,91,65.1,11,9,18,10,26.3,8,6,1,1,14.3,/en/squads/c0d3eab4/2020-2021/Strasbourg-Stats,2021
FRA-Ligue 1,2021,Angers,3,38,38,3420,38.0,55,1.45,155,103,67.7,10,11,17,8,21.1,5,5,0,0,0.0,/en/squads/69236f98/2021-2022/Angers-Stats,2022
FRA-Ligue 1,2021,Bordeaux,2,38,38,3420,38.0,91,2.39,194,104,56.7,6,13,19,2,5.3,9,7,2,0,22.2,/en/squads/123f3efe/2021-2022/Bordeaux-Stats,2022
FRA-Ligue 1,2021,Brest,1,38,38,3420,38.0,57,1.5,170,115,68.8,13,9,16,7,18.4,4,4,0,0,0.0,/en/squads/fb08dbb3/2021-2022/Brest-Stats,2022
FRA-Ligue 1,2021,Clermont Foot,2,38,38,3420,38.0,69,1.82,165,99,61.2,9,9,20,8,21.1,5,5,0,0,0.0,/en/squads/d9676424/2021-2022/Clermont-Foot-Stats,2022
FRA-Ligue 1,2021,Lens,2,38,38,3418,38.0,48,1.26,145,96,69.7,17,11,10,8,21.1,5,4,1,0,20.0,/en/squads/fd4e0f7d/2021-2022/Lens-Stats,2022
FRA-Ligue 1,2021,Lille,2,38,38,3420,38.0,48,1.26,147,105,71.4,14,13,11,10,26.3,7,6,1,0,14.3,/en/squads/cb188c0c/2021-2022/Lille-Stats,2022
FRA-Ligue 1,2021,Lorient,2,38,38,3420,38.0,63,1.66,148,88,60.8,8,12,18,11,28.9,6,5,0,1,0.0,/en/squads/d2c87802/2021-2022/Lorient-Stats,2022
FRA-Ligue 1,2021,Lyon,2,38,38,3418,38.0,51,1.34,173,124,74.6,17,11,10,9,23.7,8,7,1,0,12.5,/en/squads/d53c0b06/2021-2022/Lyon-Stats,2022
FRA-Ligue 1,2021,Marseille,2,38,38,3420,38.0,38,1.0,112,75,69.6,21,8,9,15,39.5,4,4,0,0,0.0,/en/squads/5725cc7b/2021-2022/Marseille-Stats,2022
FRA-Ligue 1,2021,Metz,2,38,38,3417,38.0,69,1.82,178,111,64.0,6,13,19,8,21.1,5,5,0,0,0.0,/en/squads/f83960ae/2021-2022/Metz-Stats,2022
FRA-Ligue 1,2021,Monaco,1,38,38,3420,38.0,40,1.05,141,104,77.3,20,9,9,11,28.9,9,8,0,1,0.0,/en/squads/fd6114db/2021-2022/Monaco-Stats,2022
FRA-Ligue 1,2021,Montpellier,2,38,38,3420,38.0,61,1.61,215,154,74.0,12,7,19,10,26.3,6,5,1,0,16.7,/en/squads/281b0e73/2021-2022/Montpellier-Stats,2022
FRA-Ligue 1,2021,Nantes,1,38,38,3420,38.0,48,1.26,155,105,71.6,15,10,13,8,21.1,7,4,3,0,42.9,/en/squads/d7a486cd/2021-2022/Nantes-Stats,2022
FRA-Ligue 1,2021,Nice,2,38,38,3420,38.0,36,0.95,146,109,78.1,20,7,11,14,36.8,5,4,1,0,20.0,/en/squads/132ebc33/2021-2022/Nice-Stats,2022
FRA-Ligue 1,2021,Paris S-G,4,38,38,3417,38.0,36,0.95,142,107,76.8,26,8,4,13,34.2,3,3,0,0,0.0,/en/squads/e2d8892c/2021-2022/Paris-Saint-Germain-Stats,2022
FRA-Ligue 1,2021,Reims,1,38,38,3420,38.0,44,1.16,161,116,75.8,11,13,14,11,28.9,7,5,1,1,16.7,/en/squads/7fdd64e0/2021-2022/Reims-Stats,2022
FRA-Ligue 1,2021,Rennes,3,38,38,3420,38.0,40,1.05,106,66,67.0,20,6,12,14,36.8,6,5,1,0,16.7,/en/squads/b3072e00/2021-2022/Rennes-Stats,2022
FRA-Ligue 1,2021,Saint-Étienne,3,38,38,3417,38.0,77,2.03,189,116,63.5,7,11,20,4,10.5,8,8,0,0,0.0,/en/squads/d298ef2c/2021-2022/Saint-Etienne-Stats,2022
FRA-Ligue 1,2021,Strasbourg,2,38,38,3420,38.0,43,1.13,131,89,70.2,17,12,9,14,36.8,4,4,0,0,0.0,/en/squads/c0d3eab4/2021-2022/Strasbourg-Stats,2022
FRA-Ligue 1,2021,Troyes,2,38,38,3420,38.0,53,1.39,159,108,73.0,9,11,18,9,23.7,10,10,0,0,0.0,/en/squads/54195385/2021-2022/Troyes-Stats,2022
FRA-Ligue 1,2022,Ajaccio,3,38,38,3420,38.0,74,1.95,161,89,59.6,7,5,26,6,15.8,10,9,0,1,0.0,/en/squads/7a54bb4f/Ajaccio-Stats,2023
FRA-Ligue 1,2022,Angers,2,38,38,3420,38.0,81,2.13,197,119,63.5,4,6,28,4,10.5,11,9,1,1,10.0,/en/squads/69236f98/Angers-Stats,2023
FRA-Ligue 1,2022,Auxerre,3,38,38,3420,38.0,63,1.66,181,117,67.4,8,11,19,7,18.4,6,4,2,0,33.3,/en/squads/5ae09109/Auxerre-Stats,2023
FRA-Ligue 1,2022,Brest,2,38,38,3420,38.0,54,1.42,179,125,73.7,11,11,16,9,23.7,9,7,2,0,22.2,/en/squads/fb08dbb3/Brest-Stats,2023
FRA-Ligue 1,2022,Clermont Foot,2,38,38,3420,38.0,49,1.29,164,111,75.0,17,8,13,10,26.3,12,8,4,0,33.3,/en/squads/d9676424/Clermont-Foot-Stats,2023
FRA-Ligue 1,2022,Lens,2,38,38,3420,38.0,29,0.76,129,101,79.8,25,9,4,15,39.5,3,3,0,0,0.0,/en/squads/fd4e0f7d/Lens-Stats,2023
FRA-Ligue 1,2022,Lille,2,38,38,3420,38.0,44,1.16,120,80,66.7,19,10,9,10,26.3,5,4,1,0,20.0,/en/squads/cb188c0c/Lille-Stats,2023
FRA-Ligue 1,2022,Lorient,2,38,38,3420,38.0,53,1.39,182,130,72.0,15,10,13,8,21.1,2,2,0,0,0.0,/en/squads/d2c87802/Lorient-Stats,2023
FRA-Ligue 1,2022,Lyon,2,38,38,3417,38.0,47,1.24,155,111,76.8,18,8,12,8,21.1,11,11,0,0,0.0,/en/squads/d53c0b06/Lyon-Stats,2023
FRA-Ligue 1,2022,Marseille,2,38,38,3420,38.0,40,1.05,142,105,75.4,22,7,9,10,26.3,5,5,0,0,0.0,/en/squads/5725cc7b/Marseille-Stats,2023
FRA-Ligue 1,2022,Monaco,1,38,38,3420,38.0,58,1.53,195,140,72.8,19,8,11,9,23.7,5,5,0,0,0.0,/en/squads/fd6114db/Monaco-Stats,2023
FRA-Ligue 1,2022,Montpellier,4,38,38,3420,38.0,62,1.63,202,138,72.3,15,5,18,11,28.9,11,6,4,1,40.0,/en/squads/281b0e73/Montpellier-Stats,2023
FRA-Ligue 1,2022,Nantes,2,38,38,3419,38.0,55,1.45,185,134,75.1,7,15,16,11,28.9,9,9,0,0,0.0,/en/squads/d7a486cd/Nantes-Stats,2023
FRA-Ligue 1,2022,Nice,2,38,38,3420,38.0,37,0.97,147,109,76.9,15,13,10,11,28.9,5,3,1,1,25.0,/en/squads/132ebc33/Nice-Stats,2023
FRA-Ligue 1,2022,Paris S-G,2,38,38,3420,38.0,40,1.05,160,120,76.3,27,4,7,13,34.2,5,2,1,2,33.3,/en/squads/e2d8892c/Paris-Saint-Germain-Stats,2023
FRA-Ligue 1,2022,Reims,2,38,38,3420,38.0,45,1.18,166,123,74.7,12,15,11,14,36.8,3,3,0,0,0.0,/en/squads/7fdd64e0/Reims-Stats,2023
FRA-Ligue 1,2022,Rennes,2,38,38,3420,38.0,39,1.03,126,86,71.4,21,5,12,13,34.2,5,3,2,0,40.0,/en/squads/b3072e00/Rennes-Stats,2023
FRA-Ligue 1,2022,Strasbourg,1,38,38,3420,38.0,59,1.55,174,115,71.8,9,13,16,6,15.8,11,10,0,1,0.0,/en/squads/c0d3eab4/Strasbourg-Stats,2023
FRA-Ligue 1,2022,Toulouse,1,38,38,3420,38.0,57,1.5,179,122,70.4,13,9,16,9,23.7,7,4,3,0,42.9,/en/squads/3f8c4b5f/Toulouse-Stats,2023
FRA-Ligue 1,2022,Troyes,2,38,38,3418,38.0,81,2.13,228,148,67.5,4,12,22,1,2.6,8,7,1,0,12.5,/en/squads/54195385/Troyes-Stats,2023
GER-Bundesliga,2017,Augsburg,2,34,34,3060,34.0,46,1.35,166,119,73.5,10,11,13,9,26.5,3,2,1,0,33.3,/en/squads/0cdc4311/2017-2018/Augsburg-Stats,2018
GER-Bundesliga,2017,Bayern Munich,3,34,34,3060,34.0,28,0.82,95,67,71.6,27,3,4,16,47.1,4,1,3,0,75.0,/en/squads/054efa67/2017-2018/Bayern-Munich-Stats,2018
GER-Bundesliga,2017,Dortmund,2,34,34,3060,34.0,47,1.38,152,105,71.1,15,10,9,12,35.3,3,3,0,0,0.0,/en/squads/add600ae/2017-2018/Dortmund-Stats,2018
GER-Bundesliga,2017,Eint Frankfurt,1,34,34,3060,34.0,45,1.32,133,90,67.7,14,7,13,7,20.6,3,2,0,1,0.0,/en/squads/f0ac8ee6/2017-2018/Eintracht-Frankfurt-Stats,2018
GER-Bundesliga,2017,Freiburg,2,34,34,3060,34.0,56,1.65,158,106,67.1,8,12,14,9,26.5,5,4,0,1,0.0,/en/squads/a486e511/2017-2018/Freiburg-Stats,2018
GER-Bundesliga,2017,Hamburger SV,2,34,34,3060,34.0,53,1.56,142,90,64.8,8,7,19,7,20.6,4,3,0,1,0.0,/en/squads/26790c6a/2017-2018/Hamburger-SV-Stats,2018
GER-Bundesliga,2017,Hannover 96,2,34,34,3060,34.0,54,1.59,178,124,70.8,10,9,15,5,14.7,4,2,0,2,0.0,/en/squads/60b5e41f/2017-2018/Hannover-96-Stats,2018
GER-Bundesliga,2017,Hertha BSC,2,34,34,3060,34.0,46,1.35,154,109,74.0,10,13,11,8,23.5,7,6,0,1,0.0,/en/squads/2818f8bc/2017-2018/Hertha-BSC-Stats,2018
GER-Bundesliga,2017,Hoffenheim,1,34,34,3060,34.0,48,1.41,147,100,69.4,15,10,9,10,29.4,4,3,1,0,25.0,/en/squads/033ea6b8/2017-2018/Hoffenheim-Stats,2018
GER-Bundesliga,2017,Köln,1,34,34,3060,34.0,70,2.06,201,130,69.2,5,7,22,5,14.7,9,8,1,0,11.1,/en/squads/bc357bf7/2017-2018/Koln-Stats,2018
GER-Bundesliga,2017,Leverkusen,2,34,34,3060,34.0,44,1.29,118,73,66.9,15,10,9,10,29.4,6,5,1,0,16.7,/en/squads/c7a9f859/2017-2018/Bayer-Leverkusen-Stats,2018
GER-Bundesliga,2017,M'Gladbach,2,34,34,3060,34.0,52,1.53,174,123,72.4,13,8,13,7,20.6,4,4,0,0,0.0,/en/squads/32f3ee20/2017-2018/Monchengladbach-Stats,2018
GER-Bundesliga,2017,Mainz 05,3,34,34,3060,34.0,52,1.53,144,92,67.4,9,9,16,7,20.6,7,5,1,1,16.7,/en/squads/a224b06a/2017-2018/Mainz-05-Stats,2018
GER-Bundesliga,2017,RB Leipzig,2,34,34,3060,34.0,53,1.56,151,98,68.2,15,8,11,6,17.6,5,5,0,0,0.0,/en/squads/acbb6a5b/2017-2018/RB-Leipzig-Stats,2018
GER-Bundesliga,2017,Schalke 04,2,34,34,3060,34.0,37,1.09,129,91,73.6,18,9,7,13,38.2,6,3,2,1,40.0,/en/squads/c539e393/2017-2018/Schalke-04-Stats,2018
GER-Bundesliga,2017,Stuttgart,1,34,34,3060,34.0,36,1.06,155,117,79.4,15,6,13,12,35.3,6,4,2,0,33.3,/en/squads/598bc722/2017-2018/Stuttgart-Stats,2018
GER-Bundesliga,2017,Werder Bremen,1,34,34,3060,34.0,40,1.18,162,123,76.5,10,12,12,8,23.5,4,2,1,1,33.3,/en/squads/62add3bf/2017-2018/Werder-Bremen-Stats,2018
GER-Bundesliga,2017,Wolfsburg,1,34,34,3060,34.0,48,1.41,153,104,72.5,6,15,13,8,23.5,9,6,3,0,33.3,/en/squads/4eaa11d7/2017-2018/Wolfsburg-Stats,2018
GER-Bundesliga,2018,Augsburg,3,34,34,3060,34.0,71,2.09,190,120,63.2,8,8,18,5,14.7,2,1,1,0,50.0,/en/squads/0cdc4311/2018-2019/Augsburg-Stats,2019
GER-Bundesliga,2018,Bayern Munich,2,34,34,3060,34.0,32,0.94,79,48,65.8,24,6,4,12,35.3,6,5,0,1,0.0,/en/squads/054efa67/2018-2019/Bayern-Munich-Stats,2019
GER-Bundesliga,2018,Dortmund,2,34,34,3060,34.0,44,1.29,134,90,70.1,23,7,4,10,29.4,5,4,0,1,0.0,/en/squads/add600ae/2018-2019/Dortmund-Stats,2019
GER-Bundesliga,2018,Düsseldorf,2,34,34,3060,34.0,65,1.91,179,114,67.6,13,5,16,5,14.7,7,7,0,0,0.0,/en/squads/b1278397/2018-2019/Dusseldorf-Stats,2019
GER-Bundesliga,2018,Eint Frankfurt,2,34,34,3060,34.0,48,1.41,165,118,71.5,15,9,10,9,26.5,1,1,0,0,0.0,/en/squads/f0ac8ee6/2018-2019/Eintracht-Frankfurt-Stats,2019
GER-Bundesliga,2018,Freiburg,2,34,34,3060,34.0,61,1.79,175,114,69.1,8,12,14,5,14.7,7,7,0,0,0.0,/en/squads/a486e511/2018-2019/Freiburg-Stats,2019
GER-Bundesliga,2018,Hannover 96,3,34,34,3060,34.0,71,2.09,226,155,71.2,5,6,23,5,14.7,7,6,1,0,14.3,/en/squads/60b5e41f/2018-2019/Hannover-96-Stats,2019
GER-Bundesliga,2018,Hertha BSC,2,34,34,3060,34.0,57,1.68,159,103,66.7,11,10,13,9,26.5,6,4,1,1,20.0,/en/squads/2818f8bc/2018-2019/Hertha-BSC-Stats,2019
GER-Bundesliga,2018,Hoffenheim,2,34,34,3060,34.0,52,1.53,173,122,74.0,13,12,9,5,14.7,7,7,0,0,0.0,/en/squads/033ea6b8/2018-2019/Hoffenheim-Stats,2019
GER-Bundesliga,2018,Leverkusen,2,34,34,3060,34.0,52,1.53,139,88,65.5,18,4,12,9,26.5,6,4,2,0,33.3,/en/squads/c7a9f859/2018-2019/Bayer-Leverkusen-Stats,2019
GER-Bundesliga,2018,M'Gladbach,1,34,34,3060,34.0,42,1.24,156,114,75.0,16,7,11,13,38.2,3,3,0,0,0.0,/en/squads/32f3ee20/2018-2019/Monchengladbach-Stats,2019
GER-Bundesliga,2018,Mainz 05,2,34,34,3060,34.0,57,1.68,173,116,68.8,12,7,15,7,20.6,4,3,0,1,0.0,/en/squads/a224b06a/2018-2019/Mainz-05-Stats,2019
GER-Bundesliga,2018,Nürnberg,2,34,34,3060,34.0,68,2.0,179,112,63.1,3,10,21,4,11.8,4,2,1,1,33.3,/en/squads/6f2c108c/2018-2019/Nurnberg-Stats,2019
GER-Bundesliga,2018,RB Leipzig,2,34,34,3060,34.0,29,0.85,121,93,80.2,19,9,6,16,47.1,6,5,0,1,0.0,/en/squads/acbb6a5b/2018-2019/RB-Leipzig-Stats,2019
GER-Bundesliga,2018,Schalke 04,2,34,34,3057,34.0,55,1.62,166,111,69.9,8,9,17,7,20.6,6,5,1,0,16.7,/en/squads/c539e393/2018-2019/Schalke-04-Stats,2019
GER-Bundesliga,2018,Stuttgart,1,34,34,3060,34.0,70,2.06,179,113,62.0,7,7,20,6,17.6,3,2,0,1,0.0,/en/squads/598bc722/2018-2019/Stuttgart-Stats,2019
GER-Bundesliga,2018,Werder Bremen,3,34,34,3060,34.0,49,1.44,157,108,71.3,14,11,9,5,14.7,5,4,0,1,0.0,/en/squads/62add3bf/2018-2019/Werder-Bremen-Stats,2019
GER-Bundesliga,2018,Wolfsburg,2,34,34,3060,34.0,50,1.47,159,108,71.1,16,7,11,9,26.5,6,4,1,1,20.0,/en/squads/4eaa11d7/2018-2019/Wolfsburg-Stats,2019
GER-Bundesliga,2019,Augsburg,2,34,34,3060,34.0,63,1.85,155,94,59.4,9,9,16,7,20.6,1,0,1,0,100.0,/en/squads/0cdc4311/2019-2020/Augsburg-Stats,2020
GER-Bundesliga,2019,Bayern Munich,2,34,34,3060,34.0,32,0.94,113,81,74.3,26,4,4,15,44.1,4,3,1,0,25.0,/en/squads/054efa67/2019-2020/Bayern-Munich-Stats,2020
GER-Bundesliga,2019,Dortmund,2,34,34,3060,34.0,41,1.21,102,64,62.7,21,6,7,15,44.1,3,3,0,0,0.0,/en/squads/add600ae/2019-2020/Dortmund-Stats,2020
GER-Bundesliga,2019,Düsseldorf,2,34,34,3060,34.0,67,1.97,177,112,63.8,6,12,16,4,11.8,5,3,2,0,40.0,/en/squads/b1278397/2019-2020/Dusseldorf-Stats,2020
GER-Bundesliga,2019,Eint Frankfurt,3,34,34,3060,34.0,60,1.76,174,116,67.2,13,6,15,5,14.7,3,3,0,0,0.0,/en/squads/f0ac8ee6/2019-2020/Eintracht-Frankfurt-Stats,2020
GER-Bundesliga,2019,Freiburg,3,34,34,3060,34.0,47,1.38,191,144,77.0,13,9,12,7,20.6,4,3,0,1,0.0,/en/squads/a486e511/2019-2020/Freiburg-Stats,2020
GER-Bundesliga,2019,Hertha BSC,3,34,34,3058,34.0,59,1.74,173,116,69.9,11,8,15,9,26.5,7,7,0,0,0.0,/en/squads/2818f8bc/2019-2020/Hertha-BSC-Stats,2020
GER-Bundesliga,2019,Hoffenheim,2,34,34,3060,34.0,53,1.56,167,114,71.9,15,7,12,8,23.5,8,6,2,0,25.0,/en/squads/033ea6b8/2019-2020/Hoffenheim-Stats,2020
GER-Bundesliga,2019,Köln,1,34,34,3060,34.0,69,2.03,156,87,58.3,10,6,18,6,17.6,6,4,2,0,33.3,/en/squads/bc357bf7/2019-2020/Koln-Stats,2020
GER-Bundesliga,2019,Leverkusen,1,34,34,3060,34.0,44,1.29,143,99,70.6,19,6,9,10,29.4,2,2,0,0,0.0,/en/squads/c7a9f859/2019-2020/Bayer-Leverkusen-Stats,2020
GER-Bundesliga,2019,M'Gladbach,1,34,34,3060,34.0,40,1.18,158,117,75.3,20,5,9,7,20.6,2,1,1,0,50.0,/en/squads/32f3ee20/2019-2020/Monchengladbach-Stats,2020
GER-Bundesliga,2019,Mainz 05,2,34,34,3060,34.0,65,1.91,181,115,65.7,11,4,19,5,14.7,5,3,2,0,40.0,/en/squads/a224b06a/2019-2020/Mainz-05-Stats,2020
GER-Bundesliga,2019,Paderborn 07,2,34,34,3060,34.0,74,2.18,185,112,62.2,4,8,22,5,14.7,5,4,1,0,20.0,/en/squads/d9f93f02/2019-2020/Paderborn-07-Stats,2020
GER-Bundesliga,2019,RB Leipzig,2,34,34,3060,34.0,37,1.09,121,84,71.1,18,12,4,10,29.4,2,2,0,0,0.0,/en/squads/acbb6a5b/2019-2020/RB-Leipzig-Stats,2020
GER-Bundesliga,2019,Schalke 04,2,34,34,3057,34.0,58,1.71,173,117,69.9,9,12,13,7,20.6,6,6,0,0,0.0,/en/squads/c539e393/2019-2020/Schalke-04-Stats,2020
GER-Bundesliga,2019,Union Berlin,2,34,34,3060,34.0,58,1.71,167,109,67.1,12,5,17,8,23.5,4,3,1,0,25.0,/en/squads/7a41008f/2019-2020/Union-Berlin-Stats,2020
GER-Bundesliga,2019,Werder Bremen,2,34,34,3060,34.0,69,2.03,174,108,60.9,8,7,19,4,11.8,1,1,0,0,0.0,/en/squads/62add3bf/2019-2020/Werder-Bremen-Stats,2020
GER-Bundesliga,2019,Wolfsburg,2,34,34,3060,34.0,46,1.35,142,97,71.1,13,10,11,8,23.5,5,5,0,0,0.0,/en/squads/4eaa11d7/2019-2020/Wolfsburg-Stats,2020
GER-Bundesliga,2020,Arminia,1,34,34,3060,34.0,52,1.53,170,118,72.4,9,8,17,11,32.4,6,5,1,0,16.7,/en/squads/247c4b67/2020-2021/Arminia-Stats,2021
GER-Bundesliga,2020,Augsburg,1,34,34,3060,34.0,54,1.59,178,126,73.0,10,6,18,7,20.6,9,6,1,2,14.3,/en/squads/0cdc4311/2020-2021/Augsburg-Stats,2021
GER-Bundesliga,2020,Bayern Munich,2,34,34,3060,34.0,44,1.29,127,82,66.1,24,6,4,9,26.5,3,1,1,1,50.0,/en/squads/054efa67/2020-2021/Bayern-Munich-Stats,2021
GER-Bundesliga,2020,Dortmund,2,34,34,3060,34.0,46,1.35,136,91,70.6,20,4,10,11,32.4,6,6,0,0,0.0,/en/squads/add600ae/2020-2021/Dortmund-Stats,2021
GER-Bundesliga,2020,Eint Frankfurt,2,34,34,3060,34.0,53,1.56,156,104,68.6,16,12,6,4,11.8,6,4,1,1,20.0,/en/squads/f0ac8ee6/2020-2021/Eintracht-Frankfurt-Stats,2021
GER-Bundesliga,2020,Freiburg,2,34,34,3060,34.0,52,1.53,175,124,72.6,12,9,13,6,17.6,6,4,1,1,20.0,/en/squads/a486e511/2020-2021/Freiburg-Stats,2021
GER-Bundesliga,2020,Hertha BSC,2,34,34,3060,34.0,52,1.53,141,89,68.1,8,11,15,9,26.5,8,7,1,0,12.5,/en/squads/2818f8bc/2020-2021/Hertha-BSC-Stats,2021
GER-Bundesliga,2020,Hoffenheim,2,34,34,3060,34.0,54,1.59,145,91,66.9,11,10,13,6,17.6,9,6,2,1,25.0,/en/squads/033ea6b8/2020-2021/Hoffenheim-Stats,2021
GER-Bundesliga,2020,Köln,2,34,34,3060,34.0,60,1.76,158,97,67.1,8,9,17,5,14.7,9,8,1,0,11.1,/en/squads/bc357bf7/2020-2021/Koln-Stats,2021
GER-Bundesliga,2020,Leverkusen,3,34,34,3060,34.0,39,1.15,112,74,66.1,14,10,10,9,26.5,2,1,1,0,50.0,/en/squads/c7a9f859/2020-2021/Bayer-Leverkusen-Stats,2021
GER-Bundesliga,2020,M'Gladbach,2,34,34,3056,34.0,56,1.65,151,95,66.9,13,10,11,7,20.6,6,6,0,0,0.0,/en/squads/32f3ee20/2020-2021/Monchengladbach-Stats,2021
GER-Bundesliga,2020,Mainz 05,2,34,34,3060,34.0,56,1.65,162,107,69.1,10,9,15,5,14.7,7,6,0,1,0.0,/en/squads/a224b06a/2020-2021/Mainz-05-Stats,2021
GER-Bundesliga,2020,RB Leipzig,2,34,34,3060,34.0,32,0.94,84,52,65.5,19,8,7,15,44.1,3,3,0,0,0.0,/en/squads/acbb6a5b/2020-2021/RB-Leipzig-Stats,2021
GER-Bundesliga,2020,Schalke 04,3,34,34,3060,34.0,86,2.53,234,152,66.2,3,7,24,4,11.8,8,7,1,0,12.5,/en/squads/c539e393/2020-2021/Schalke-04-Stats,2021
GER-Bundesliga,2020,Stuttgart,2,34,34,3060,34.0,55,1.62,166,110,69.9,12,9,13,5,14.7,7,5,2,0,28.6,/en/squads/598bc722/2020-2021/Stuttgart-Stats,2021
GER-Bundesliga,2020,Union Berlin,2,34,34,3060,34.0,43,1.26,136,93,71.3,12,14,8,7,20.6,5,4,1,0,20.0,/en/squads/7a41008f/2020-2021/Union-Berlin-Stats,2021
GER-Bundesliga,2020,Werder Bremen,1,34,34,3060,34.0,57,1.68,157,101,66.2,7,10,17,6,17.6,6,4,2,0,33.3,/en/squads/62add3bf/2020-2021/Werder-Bremen-Stats,2021
GER-Bundesliga,2020,Wolfsburg,2,34,34,3060,34.0,37,1.09,122,84,72.1,17,10,7,14,41.2,5,3,2,0,40.0,/en/squads/4eaa11d7/2020-2021/Wolfsburg-Stats,2021
GER-Bundesliga,2021,Arminia,2,34,34,3060,34.0,53,1.56,180,129,74.4,5,13,16,7,20.6,7,7,0,0,0.0,/en/squads/247c4b67/2021-2022/Arminia-Stats,2022
GER-Bundesliga,2021,Augsburg,1,34,34,3060,34.0,56,1.65,156,102,67.3,10,8,16,9,26.5,5,5,0,0,0.0,/en/squads/0cdc4311/2021-2022/Augsburg-Stats,2022
GER-Bundesliga,2021,Bayern Munich,3,34,34,3060,34.0,37,1.09,112,76,68.8,24,5,5,11,32.4,2,2,0,0,0.0,/en/squads/054efa67/2021-2022/Bayern-Munich-Stats,2022
GER-Bundesliga,2021,Bochum,2,34,34,3060,34.0,52,1.53,176,126,73.3,12,6,16,7,20.6,8,5,2,1,28.6,/en/squads/b42c6323/2021-2022/Bochum-Stats,2022
GER-Bundesliga,2021,Dortmund,3,34,34,3060,34.0,52,1.53,136,86,66.2,22,3,9,7,20.6,6,6,0,0,0.0,/en/squads/add600ae/2021-2022/Dortmund-Stats,2022
GER-Bundesliga,2021,Eint Frankfurt,3,34,34,3060,34.0,49,1.44,165,117,72.7,10,12,12,5,14.7,4,4,0,0,0.0,/en/squads/f0ac8ee6/2021-2022/Eintracht-Frankfurt-Stats,2022
GER-Bundesliga,2021,Freiburg,2,34,34,3060,34.0,46,1.35,153,108,71.2,15,10,9,10,29.4,2,2,0,0,0.0,/en/squads/a486e511/2021-2022/Freiburg-Stats,2022
GER-Bundesliga,2021,Greuther Fürth,3,34,34,3060,34.0,82,2.41,188,111,59.6,3,9,22,6,17.6,6,6,0,0,0.0,/en/squads/12192a4c/2021-2022/Greuther-Furth-Stats,2022
GER-Bundesliga,2021,Hertha BSC,2,34,34,3060,34.0,71,2.09,172,101,63.4,9,6,19,6,17.6,8,8,0,0,0.0,/en/squads/2818f8bc/2021-2022/Hertha-BSC-Stats,2022
GER-Bundesliga,2021,Hoffenheim,2,34,34,3060,34.0,60,1.76,162,102,64.2,13,7,14,8,23.5,4,2,1,1,33.3,/en/squads/033ea6b8/2021-2022/Hoffenheim-Stats,2022
GER-Bundesliga,2021,Köln,2,34,34,3060,34.0,49,1.44,154,106,68.2,14,10,10,4,11.8,1,0,1,0,100.0,/en/squads/bc357bf7/2021-2022/Koln-Stats,2022
GER-Bundesliga,2021,Leverkusen,3,34,34,3060,34.0,47,1.38,162,115,72.2,19,7,8,8,23.5,4,2,1,1,33.3,/en/squads/c7a9f859/2021-2022/Bayer-Leverkusen-Stats,2022
GER-Bundesliga,2021,M'Gladbach,2,34,34,3060,34.0,61,1.79,185,122,68.6,12,9,13,5,14.7,5,3,2,0,40.0,/en/squads/32f3ee20/2021-2022/Monchengladbach-Stats,2022
GER-Bundesliga,2021,Mainz 05,2,34,34,3060,34.0,45,1.32,125,80,68.0,13,7,14,10,29.4,6,5,1,0,16.7,/en/squads/a224b06a/2021-2022/Mainz-05-Stats,2022
GER-Bundesliga,2021,RB Leipzig,3,34,34,3060,34.0,37,1.09,115,79,70.4,17,7,10,10,29.4,3,3,0,0,0.0,/en/squads/acbb6a5b/2021-2022/RB-Leipzig-Stats,2022
GER-Bundesliga,2021,Stuttgart,2,34,34,3060,34.0,59,1.74,163,105,66.3,7,12,15,4,11.8,4,4,0,0,0.0,/en/squads/598bc722/2021-2022/Stuttgart-Stats,2022
GER-Bundesliga,2021,Union Berlin,2,34,34,3060,34.0,44,1.29,122,82,65.6,16,9,9,8,23.5,2,2,0,0,0.0,/en/squads/7a41008f/2021-2022/Union-Berlin-Stats,2022
GER-Bundesliga,2021,Wolfsburg,2,34,34,3060,34.0,54,1.59,156,101,67.9,12,6,16,11,32.4,7,4,2,1,33.3,/en/squads/4eaa11d7/2021-2022/Wolfsburg-Stats,2022
GER-Bundesliga,2022,Augsburg,2,34,34,3060,34.0,63,1.85,201,138,69.2,9,7,18,6,17.6,4,1,2,1,66.7,/en/squads/0cdc4311/Augsburg-Stats,2023
GER-Bundesliga,2022,Bayern Munich,3,34,34,3060,34.0,38,1.12,107,68,72.9,21,8,5,11,32.4,10,9,1,0,10.0,/en/squads/054efa67/Bayern-Munich-Stats,2023
GER-Bundesliga,2022,Bochum,1,34,34,3060,34.0,72,2.12,200,128,68.0,10,5,19,5,14.7,14,8,3,3,27.3,/en/squads/b42c6323/Bochum-Stats,2023
GER-Bundesliga,2022,Dortmund,2,34,34,3060,34.0,44,1.29,151,108,71.5,22,5,7,12,35.3,1,1,0,0,0.0,/en/squads/add600ae/Dortmund-Stats,2023
GER-Bundesliga,2022,Eint Frankfurt,2,34,34,3060,34.0,52,1.53,135,84,63.0,13,11,10,6,17.6,2,2,0,0,0.0,/en/squads/f0ac8ee6/Eintracht-Frankfurt-Stats,2023
GER-Bundesliga,2022,Freiburg,1,34,34,3060,34.0,44,1.29,150,106,74.0,17,8,9,13,38.2,6,5,0,1,0.0,/en/squads/a486e511/Freiburg-Stats,2023
GER-Bundesliga,2022,Hertha BSC,2,34,34,3060,34.0,69,2.03,170,100,62.4,7,8,19,3,8.8,6,5,1,0,16.7,/en/squads/2818f8bc/Hertha-BSC-Stats,2023
GER-Bundesliga,2022,Hoffenheim,1,34,34,3060,34.0,57,1.68,161,105,65.8,10,6,18,5,14.7,3,2,0,1,0.0,/en/squads/033ea6b8/Hoffenheim-Stats,2023
GER-Bundesliga,2022,Köln,1,34,34,3060,34.0,54,1.59,129,77,61.2,10,12,12,6,17.6,5,4,1,0,20.0,/en/squads/bc357bf7/Koln-Stats,2023
GER-Bundesliga,2022,Leverkusen,2,34,34,3059,34.0,49,1.44,146,99,71.2,14,8,12,9,26.5,7,7,0,0,0.0,/en/squads/c7a9f859/Bayer-Leverkusen-Stats,2023
GER-Bundesliga,2022,M'Gladbach,4,34,34,3060,34.0,55,1.62,180,126,72.8,11,10,13,9,26.5,6,6,0,0,0.0,/en/squads/32f3ee20/Monchengladbach-Stats,2023
GER-Bundesliga,2022,Mainz 05,2,34,34,3060,34.0,55,1.62,153,95,66.7,12,10,12,7,20.6,8,4,3,1,42.9,/en/squads/a224b06a/Mainz-05-Stats,2023
GER-Bundesliga,2022,RB Leipzig,3,34,34,3060,34.0,41,1.21,106,66,67.9,20,6,8,10,29.4,8,7,1,0,12.5,/en/squads/acbb6a5b/RB-Leipzig-Stats,2023
GER-Bundesliga,2022,Schalke 04,2,34,34,3060,34.0,71,2.09,193,123,65.8,7,10,17,7,20.6,6,5,0,1,0.0,/en/squads/c539e393/Schalke-04-Stats,2023
GER-Bundesliga,2022,Stuttgart,2,34,34,3060,34.0,57,1.68,146,90,65.1,7,12,15,2,5.9,6,6,0,0,0.0,/en/squads/598bc722/Stuttgart-Stats,2023
GER-Bundesliga,2022,Union Berlin,2,34,34,3060,34.0,38,1.12,144,106,78.5,18,8,8,13,38.2,7,7,0,0,0.0,/en/squads/7a41008f/Union-Berlin-Stats,2023
GER-Bundesliga,2022,Werder Bremen,2,34,34,3060,34.0,64,1.88,184,121,66.3,10,6,18,4,11.8,3,2,1,0,33.3,/en/squads/62add3bf/Werder-Bremen-Stats,2023
GER-Bundesliga,2022,Wolfsburg,1,34,34,3060,34.0,48,1.41,147,101,70.1,13,10,11,12,35.3,7,4,1,2,20.0,/en/squads/4eaa11d7/Wolfsburg-Stats,2023
ITA-Serie A,2017,Atalanta,3,38,38,3420,38.0,39,1.03,118,78,67.8,16,12,10,11,28.9,2,1,1,0,50.0,/en/squads/922493f3/2017-2018/Atalanta-Stats,2018
ITA-Serie A,2017,Benevento,3,38,38,3418,38.0,84,2.21,209,127,64.6,6,3,29,4,10.5,13,10,0,3,0.0,/en/squads/4fcb34fd/2017-2018/Benevento-Stats,2018
ITA-Serie A,2017,Bologna,3,38,38,3420,38.0,52,1.37,166,117,70.5,11,6,21,8,21.1,4,3,0,1,0.0,/en/squads/1d8099f8/2017-2018/Bologna-Stats,2018
ITA-Serie A,2017,Cagliari,3,38,38,3420,38.0,61,1.61,172,110,69.2,11,6,21,8,21.1,12,8,2,2,20.0,/en/squads/c4260e09/2017-2018/Cagliari-Stats,2018
ITA-Serie A,2017,Chievo,1,38,38,3420,38.0,59,1.55,187,129,70.6,10,10,18,7,18.4,7,4,3,0,42.9,/en/squads/cc919b35/2017-2018/Chievo-Stats,2018
ITA-Serie A,2017,Crotone,1,38,38,3420,38.0,66,1.74,200,133,70.0,9,8,21,5,13.2,8,6,1,1,14.3,/en/squads/3074d7b1/2017-2018/Crotone-Stats,2018
ITA-Serie A,2017,Fiorentina,2,38,38,3419,38.0,46,1.21,148,101,70.3,16,9,13,14,36.8,3,2,1,0,33.3,/en/squads/421387cf/2017-2018/Fiorentina-Stats,2018
ITA-Serie A,2017,Genoa,2,38,38,3420,38.0,43,1.13,170,129,77.1,11,8,19,12,31.6,4,4,0,0,0.0,/en/squads/658bf2de/2017-2018/Genoa-Stats,2018
ITA-Serie A,2017,Hellas Verona,2,38,38,3420,38.0,78,2.05,259,181,72.2,7,4,27,7,18.4,8,6,2,0,25.0,/en/squads/0e72edf2/2017-2018/Hellas-Verona-Stats,2018
ITA-Serie A,2017,Inter,1,38,38,3420,38.0,30,0.79,117,91,76.1,20,12,6,17,44.7,2,2,0,0,0.0,/en/squads/d609edc0/2017-2018/Internazionale-Stats,2018
ITA-Serie A,2017,Juventus,3,38,38,3420,38.0,24,0.63,91,68,76.9,30,5,3,22,57.9,4,3,1,0,25.0,/en/squads/e0652b02/2017-2018/Juventus-Stats,2018
ITA-Serie A,2017,Lazio,1,38,38,3420,38.0,49,1.29,159,111,74.8,21,9,8,11,28.9,10,9,1,0,10.0,/en/squads/7213da33/2017-2018/Lazio-Stats,2018
ITA-Serie A,2017,Milan,1,38,38,3420,38.0,42,1.11,132,91,69.7,18,10,10,12,31.6,3,2,0,1,0.0,/en/squads/dc56fe14/2017-2018/Milan-Stats,2018
ITA-Serie A,2017,Napoli,2,38,38,3420,38.0,29,0.76,98,69,72.4,28,7,3,19,50.0,2,2,0,0,0.0,/en/squads/d48ad4ff/2017-2018/Napoli-Stats,2018
ITA-Serie A,2017,Roma,2,38,38,3420,38.0,28,0.74,138,108,81.9,23,8,7,18,47.4,5,3,2,0,40.0,/en/squads/cf74a709/2017-2018/Roma-Stats,2018
ITA-Serie A,2017,SPAL,3,38,38,3420,38.0,59,1.55,200,142,75.0,8,14,16,7,18.4,12,9,3,0,25.0,/en/squads/1d2fe027/2017-2018/SPAL-Stats,2018
ITA-Serie A,2017,Sampdoria,3,38,38,3420,38.0,60,1.58,200,138,73.0,16,6,16,9,23.7,10,6,4,0,40.0,/en/squads/8ff9e3b3/2017-2018/Sampdoria-Stats,2018
ITA-Serie A,2017,Sassuolo,2,38,38,3420,38.0,59,1.55,178,120,68.0,11,10,17,10,26.3,3,2,1,0,33.3,/en/squads/e2befd26/2017-2018/Sassuolo-Stats,2018
ITA-Serie A,2017,Torino,2,38,38,3420,38.0,46,1.21,160,111,74.4,13,15,10,10,26.3,8,5,3,0,37.5,/en/squads/105360fe/2017-2018/Torino-Stats,2018
ITA-Serie A,2017,Udinese,2,38,38,3420,38.0,63,1.66,170,108,64.1,12,4,22,9,23.7,6,2,3,1,60.0,/en/squads/04eea015/2017-2018/Udinese-Stats,2018
ITA-Serie A,2018,Atalanta,3,38,38,3420,38.0,46,1.21,133,90,68.4,20,9,9,9,23.7,5,4,0,1,0.0,/en/squads/922493f3/2018-2019/Atalanta-Stats,2019
ITA-Serie A,2018,Bologna,1,38,38,3420,38.0,56,1.47,173,118,69.9,11,11,16,10,26.3,4,4,0,0,0.0,/en/squads/1d8099f8/2018-2019/Bologna-Stats,2019
ITA-Serie A,2018,Cagliari,1,38,38,3420,38.0,54,1.42,205,151,77.6,10,11,17,7,18.4,10,8,2,0,20.0,/en/squads/c4260e09/2018-2019/Cagliari-Stats,2019
ITA-Serie A,2018,Chievo,3,38,38,3420,38.0,75,1.97,211,136,65.4,2,14,22,7,18.4,4,2,2,0,50.0,/en/squads/cc919b35/2018-2019/Chievo-Stats,2019
ITA-Serie A,2018,Empoli,3,38,38,3420,38.0,70,1.84,235,166,72.8,10,8,20,5,13.2,8,6,1,1,14.3,/en/squads/a3d88bd8/2018-2019/Empoli-Stats,2019
ITA-Serie A,2018,Fiorentina,3,38,38,3420,38.0,45,1.18,147,104,72.8,8,17,13,9,23.7,6,5,1,0,16.7,/en/squads/421387cf/2018-2019/Fiorentina-Stats,2019
ITA-Serie A,2018,Frosinone,2,38,38,3420,38.0,69,1.82,213,145,70.0,5,10,23,9,23.7,5,5,0,0,0.0,/en/squads/6a7ad59d/2018-2019/Frosinone-Stats,2019
ITA-Serie A,2018,Genoa,3,38,38,3420,38.0,57,1.5,170,113,69.4,8,14,16,7,18.4,6,5,1,0,16.7,/en/squads/658bf2de/2018-2019/Genoa-Stats,2019
ITA-Serie A,2018,Inter,1,38,38,3420,38.0,33,0.87,127,97,76.4,20,9,9,17,44.7,5,3,0,2,0.0,/en/squads/d609edc0/2018-2019/Internazionale-Stats,2019
ITA-Serie A,2018,Juventus,3,38,38,3420,38.0,30,0.79,111,81,74.8,28,6,4,16,42.1,4,2,1,1,33.3,/en/squads/e0652b02/2018-2019/Juventus-Stats,2019
ITA-Serie A,2018,Lazio,3,38,38,3420,38.0,46,1.21,149,105,72.5,17,8,13,10,26.3,6,5,1,0,16.7,/en/squads/7213da33/2018-2019/Lazio-Stats,2019
ITA-Serie A,2018,Milan,2,38,38,3420,38.0,36,0.95,140,104,77.1,19,11,8,12,31.6,5,4,1,0,20.0,/en/squads/dc56fe14/2018-2019/Milan-Stats,2019
ITA-Serie A,2018,Napoli,3,38,38,3417,38.0,36,0.95,137,101,76.6,24,7,7,14,36.8,4,4,0,0,0.0,/en/squads/d48ad4ff/2018-2019/Napoli-Stats,2019
ITA-Serie A,2018,Parma,2,38,38,3420,38.0,61,1.61,205,149,74.1,10,11,17,10,26.3,8,8,0,0,0.0,/en/squads/eab4234c/2018-2019/Parma-Stats,2019
ITA-Serie A,2018,Roma,2,38,38,3420,38.0,48,1.26,164,116,73.2,18,12,8,10,26.3,7,4,1,2,20.0,/en/squads/cf74a709/2018-2019/Roma-Stats,2019
ITA-Serie A,2018,SPAL,4,38,38,3417,38.0,56,1.47,176,120,71.0,11,9,18,10,26.3,5,5,0,0,0.0,/en/squads/1d2fe027/2018-2019/SPAL-Stats,2019
ITA-Serie A,2018,Sampdoria,2,38,38,3420,38.0,51,1.34,149,98,70.5,15,8,15,13,34.2,8,7,1,0,12.5,/en/squads/8ff9e3b3/2018-2019/Sampdoria-Stats,2019
ITA-Serie A,2018,Sassuolo,2,38,38,3415,38.0,60,1.58,167,106,66.5,9,16,13,12,31.6,8,4,3,1,42.9,/en/squads/e2befd26/2018-2019/Sassuolo-Stats,2019
ITA-Serie A,2018,Torino,2,38,38,3420,38.0,37,0.97,145,106,76.6,16,15,7,15,39.5,5,3,2,0,40.0,/en/squads/105360fe/2018-2019/Torino-Stats,2019
ITA-Serie A,2018,Udinese,2,38,38,3420,38.0,53,1.39,182,130,75.8,11,10,17,9,23.7,9,9,0,0,0.0,/en/squads/04eea015/2018-2019/Udinese-Stats,2019
ITA-Serie A,2019,Atalanta,3,38,38,3420,38.0,48,1.26,139,94,69.8,23,9,6,10,26.3,6,6,0,0,0.0,/en/squads/922493f3/2019-2020/Atalanta-Stats,2020
ITA-Serie A,2019,Bologna,2,38,38,3420,38.0,65,1.71,189,124,68.8,12,11,15,2,5.3,8,6,1,1,14.3,/en/squads/1d8099f8/2019-2020/Bologna-Stats,2020
ITA-Serie A,2019,Brescia,3,38,38,3420,38.0,79,2.08,236,159,70.3,6,7,25,6,15.8,11,9,1,1,10.0,/en/squads/4ef57aeb/2019-2020/Brescia-Stats,2020
ITA-Serie A,2019,Cagliari,3,38,38,3418,38.0,56,1.47,195,141,74.9,11,12,15,7,18.4,9,7,1,1,12.5,/en/squads/c4260e09/2019-2020/Cagliari-Stats,2020
ITA-Serie A,2019,Fiorentina,3,38,38,3420,38.0,48,1.26,162,112,75.9,12,13,13,11,28.9,11,9,2,0,18.2,/en/squads/421387cf/2019-2020/Fiorentina-Stats,2020
ITA-Serie A,2019,Genoa,2,38,38,3420,38.0,73,1.92,201,130,67.2,10,9,19,7,18.4,9,7,0,2,0.0,/en/squads/658bf2de/2019-2020/Genoa-Stats,2020
ITA-Serie A,2019,Hellas Verona,2,38,38,3420,38.0,51,1.34,174,124,75.9,12,13,13,10,26.3,9,9,0,0,0.0,/en/squads/0e72edf2/2019-2020/Hellas-Verona-Stats,2020
ITA-Serie A,2019,Inter,2,38,38,3420,38.0,36,0.95,118,82,72.0,24,10,4,14,36.8,4,3,1,0,25.0,/en/squads/d609edc0/2019-2020/Internazionale-Stats,2020
ITA-Serie A,2019,Juventus,3,38,38,3420,38.0,43,1.13,162,118,79.0,26,5,7,12,31.6,12,9,1,2,10.0,/en/squads/e0652b02/2019-2020/Juventus-Stats,2020
ITA-Serie A,2019,Lazio,1,38,38,3420,38.0,42,1.11,154,112,77.3,24,6,8,11,28.9,9,7,1,1,12.5,/en/squads/7213da33/2019-2020/Lazio-Stats,2020
ITA-Serie A,2019,Lecce,2,38,38,3420,38.0,85,2.24,256,172,71.1,9,8,21,3,7.9,13,11,2,0,15.4,/en/squads/ffcbe334/2019-2020/Lecce-Stats,2020
ITA-Serie A,2019,Milan,3,38,38,3420,38.0,46,1.21,154,104,73.4,19,9,10,12,31.6,10,5,5,0,50.0,/en/squads/dc56fe14/2019-2020/Milan-Stats,2020
ITA-Serie A,2019,Napoli,2,38,38,3420,38.0,50,1.32,138,88,68.8,18,8,12,7,18.4,8,7,1,0,12.5,/en/squads/d48ad4ff/2019-2020/Napoli-Stats,2020
ITA-Serie A,2019,Parma,2,38,38,3420,38.0,57,1.5,212,152,76.4,14,7,17,6,15.8,11,7,3,1,30.0,/en/squads/eab4234c/2019-2020/Parma-Stats,2020
ITA-Serie A,2019,Roma,3,38,38,3420,38.0,51,1.34,158,106,73.4,21,7,10,7,18.4,10,9,1,0,10.0,/en/squads/cf74a709/2019-2020/Roma-Stats,2020
ITA-Serie A,2019,SPAL,3,38,38,3420,38.0,77,2.03,228,153,69.3,5,5,28,3,7.9,8,7,1,0,12.5,/en/squads/1d2fe027/2019-2020/SPAL-Stats,2020
ITA-Serie A,2019,Sampdoria,2,38,38,3420,38.0,65,1.71,178,117,68.0,12,6,20,9,23.7,9,8,0,1,0.0,/en/squads/8ff9e3b3/2019-2020/Sampdoria-Stats,2020
ITA-Serie A,2019,Sassuolo,3,38,38,3420,38.0,63,1.66,184,124,70.1,14,9,15,7,18.4,9,8,1,0,11.1,/en/squads/e2befd26/2019-2020/Sassuolo-Stats,2020
ITA-Serie A,2019,Torino,3,38,38,3420,38.0,68,1.79,208,142,72.1,11,7,20,7,18.4,11,10,1,0,9.1,/en/squads/105360fe/2019-2020/Torino-Stats,2020
ITA-Serie A,2019,Udinese,1,38,38,3420,38.0,51,1.34,194,141,77.8,12,9,17,14,36.8,10,8,2,0,20.0,/en/squads/04eea015/2019-2020/Udinese-Stats,2020
ITA-Serie A,2020,Atalanta,2,38,38,3417,38.0,47,1.24,112,63,62.5,23,9,6,11,28.9,8,5,3,0,37.5,/en/squads/922493f3/2020-2021/Atalanta-Stats,2021
ITA-Serie A,2020,Benevento,2,38,38,3420,38.0,75,1.97,177,107,59.9,7,12,19,7,18.4,5,4,1,0,20.0,/en/squads/4fcb34fd/2020-2021/Benevento-Stats,2021
ITA-Serie A,2020,Bologna,3,38,38,3420,38.0,65,1.71,193,128,69.9,10,11,17,5,13.2,9,7,2,0,22.2,/en/squads/1d8099f8/2020-2021/Bologna-Stats,2021
ITA-Serie A,2020,Cagliari,2,38,38,3420,38.0,59,1.55,203,144,73.4,9,10,19,7,18.4,5,5,0,0,0.0,/en/squads/c4260e09/2020-2021/Cagliari-Stats,2021
ITA-Serie A,2020,Crotone,3,38,38,3420,38.0,92,2.42,216,126,59.7,6,5,27,3,7.9,5,5,0,0,0.0,/en/squads/3074d7b1/2020-2021/Crotone-Stats,2021
ITA-Serie A,2020,Fiorentina,2,38,38,3420,38.0,59,1.55,152,92,66.4,9,13,16,9,23.7,11,8,3,0,27.3,/en/squads/421387cf/2020-2021/Fiorentina-Stats,2021
ITA-Serie A,2020,Genoa,3,38,38,3419,38.0,58,1.53,188,132,72.9,10,12,16,9,23.7,7,7,0,0,0.0,/en/squads/658bf2de/2020-2021/Genoa-Stats,2021
ITA-Serie A,2020,Hellas Verona,3,38,38,3420,38.0,48,1.26,145,99,71.0,11,12,15,7,18.4,7,6,0,1,0.0,/en/squads/0e72edf2/2020-2021/Hellas-Verona-Stats,2021
ITA-Serie A,2020,Inter,3,38,38,3420,38.0,35,0.92,118,82,74.6,28,7,3,14,36.8,7,5,2,0,28.6,/en/squads/d609edc0/2020-2021/Internazionale-Stats,2021
ITA-Serie A,2020,Juventus,3,38,38,3420,38.0,38,1.0,121,82,73.6,23,9,6,8,21.1,9,6,3,0,33.3,/en/squads/e0652b02/2020-2021/Juventus-Stats,2021
ITA-Serie A,2020,Lazio,2,38,38,3420,38.0,55,1.45,151,98,70.2,21,5,12,12,31.6,10,10,0,0,0.0,/en/squads/7213da33/2020-2021/Lazio-Stats,2021
ITA-Serie A,2020,Milan,2,38,38,3420,38.0,41,1.08,133,92,71.4,24,7,7,14,36.8,5,3,1,1,25.0,/en/squads/dc56fe14/2020-2021/Milan-Stats,2021
ITA-Serie A,2020,Napoli,2,38,38,3420,38.0,41,1.08,123,83,70.7,24,5,9,14,36.8,5,5,0,0,0.0,/en/squads/d48ad4ff/2020-2021/Napoli-Stats,2021
ITA-Serie A,2020,Parma,2,38,38,3420,38.0,83,2.18,191,111,58.1,3,11,24,5,13.2,3,3,0,0,0.0,/en/squads/eab4234c/2020-2021/Parma-Stats,2021
ITA-Serie A,2020,Roma,3,38,38,3420,38.0,55,1.45,167,114,70.1,18,8,12,11,28.9,6,5,1,0,16.7,/en/squads/cf74a709/2020-2021/Roma-Stats,2021
ITA-Serie A,2020,Sampdoria,2,38,38,3420,38.0,54,1.42,174,119,73.0,15,7,16,7,18.4,9,7,2,0,22.2,/en/squads/8ff9e3b3/2020-2021/Sampdoria-Stats,2021
ITA-Serie A,2020,Sassuolo,2,38,38,3420,38.0,56,1.47,186,130,72.0,17,11,10,8,21.1,5,4,1,0,20.0,/en/squads/e2befd26/2020-2021/Sassuolo-Stats,2021
ITA-Serie A,2020,Spezia,3,38,38,3420,38.0,72,1.89,178,105,64.6,9,12,17,5,13.2,10,9,1,0,10.0,/en/squads/68449f6d/2020-2021/Spezia-Stats,2021
ITA-Serie A,2020,Torino,3,38,38,3420,38.0,69,1.82,157,88,61.8,7,16,15,8,21.1,10,9,0,1,0.0,/en/squads/105360fe/2020-2021/Torino-Stats,2021
ITA-Serie A,2020,Udinese,4,38,38,3420,38.0,58,1.53,159,101,72.3,10,10,18,8,21.1,14,14,0,0,0.0,/en/squads/04eea015/2020-2021/Udinese-Stats,2021
ITA-Serie A,2021,Atalanta,3,38,38,3419,38.0,48,1.26,139,94,69.1,16,11,11,10,26.3,6,5,0,1,0.0,/en/squads/922493f3/2021-2022/Atalanta-Stats,2022
ITA-Serie A,2021,Bologna,3,38,38,3420,38.0,55,1.45,184,130,74.5,12,10,16,13,34.2,9,8,1,0,11.1,/en/squads/1d8099f8/2021-2022/Bologna-Stats,2022
ITA-Serie A,2021,Cagliari,2,38,38,3420,38.0,68,1.79,185,115,67.0,6,12,20,3,7.9,10,7,3,0,30.0,/en/squads/c4260e09/2021-2022/Cagliari-Stats,2022
ITA-Serie A,2021,Empoli,1,38,38,3420,38.0,70,1.84,216,150,69.9,10,11,17,7,18.4,10,5,2,3,28.6,/en/squads/a3d88bd8/2021-2022/Empoli-Stats,2022
ITA-Serie A,2021,Fiorentina,2,38,38,3418,38.0,51,1.34,126,75,61.9,19,5,14,11,28.9,5,3,2,0,40.0,/en/squads/421387cf/2021-2022/Fiorentina-Stats,2022
ITA-Serie A,2021,Genoa,2,38,38,3420,38.0,60,1.58,184,125,69.6,4,16,18,10,26.3,5,4,1,0,20.0,/en/squads/658bf2de/2021-2022/Genoa-Stats,2022
ITA-Serie A,2021,Hellas Verona,3,38,38,3420,38.0,59,1.55,159,101,64.8,14,11,13,4,10.5,4,3,1,0,25.0,/en/squads/0e72edf2/2021-2022/Hellas-Verona-Stats,2022
ITA-Serie A,2021,Inter,2,38,38,3420,38.0,32,0.84,127,96,78.0,25,9,4,15,39.5,4,4,0,0,0.0,/en/squads/d609edc0/2021-2022/Internazionale-Stats,2022
ITA-Serie A,2021,Juventus,3,38,38,3420,38.0,37,0.97,123,84,73.2,20,10,8,13,34.2,7,4,3,0,42.9,/en/squads/e0652b02/2021-2022/Juventus-Stats,2022
ITA-Serie A,2021,Lazio,2,38,38,3420,38.0,58,1.53,146,89,63.7,18,10,10,9,23.7,6,5,0,1,0.0,/en/squads/7213da33/2021-2022/Lazio-Stats,2022
ITA-Serie A,2021,Milan,2,38,38,3420,38.0,31,0.82,125,95,78.4,26,8,4,18,47.4,5,4,1,0,20.0,/en/squads/dc56fe14/2021-2022/Milan-Stats,2022
ITA-Serie A,2021,Napoli,3,38,38,3420,38.0,31,0.82,136,106,77.9,24,7,7,16,42.1,1,1,0,0,0.0,/en/squads/d48ad4ff/2021-2022/Napoli-Stats,2022
ITA-Serie A,2021,Roma,1,38,38,3420,38.0,43,1.13,146,104,74.0,18,9,11,15,39.5,6,5,1,0,16.7,/en/squads/cf74a709/2021-2022/Roma-Stats,2022
ITA-Serie A,2021,Salernitana,3,38,38,3420,38.0,78,2.05,221,144,67.4,7,10,21,2,5.3,8,6,1,1,14.3,/en/squads/c5577084/2021-2022/Salernitana-Stats,2022
ITA-Serie A,2021,Sampdoria,3,38,38,3420,38.0,63,1.66,185,123,67.6,10,6,22,7,18.4,4,3,1,0,25.0,/en/squads/8ff9e3b3/2021-2022/Sampdoria-Stats,2022
ITA-Serie A,2021,Sassuolo,3,38,38,3420,38.0,66,1.74,177,111,67.2,13,11,14,3,7.9,9,8,1,0,11.1,/en/squads/e2befd26/2021-2022/Sassuolo-Stats,2022
ITA-Serie A,2021,Spezia,3,38,38,3420,38.0,71,1.87,208,139,70.7,10,6,22,7,18.4,13,10,1,2,9.1,/en/squads/68449f6d/2021-2022/Spezia-Stats,2022
ITA-Serie A,2021,Torino,3,38,38,3420,38.0,41,1.08,124,81,74.2,13,11,14,9,23.7,11,9,2,0,18.2,/en/squads/105360fe/2021-2022/Torino-Stats,2022
ITA-Serie A,2021,Udinese,2,38,38,3420,38.0,58,1.53,162,105,67.3,11,14,13,8,21.1,7,5,0,2,0.0,/en/squads/04eea015/2021-2022/Udinese-Stats,2022
ITA-Serie A,2021,Venezia,3,38,38,3420,38.0,69,1.82,228,161,74.6,6,9,23,4,10.5,12,11,0,1,0.0,/en/squads/af5d5982/2021-2022/Venezia-Stats,2022
ITA-Serie A,2022,Atalanta,3,38,38,3420,38.0,48,1.26,153,107,70.6,19,7,12,9,23.7,3,3,0,0,0.0,/en/squads/922493f3/Atalanta-Stats,2023
ITA-Serie A,2022,Bologna,2,38,38,3420,38.0,49,1.29,165,117,74.5,14,12,12,8,21.1,9,7,2,0,22.2,/en/squads/1d8099f8/Bologna-Stats,2023
ITA-Serie A,2022,Cremonese,3,38,38,3420,38.0,69,1.82,225,157,71.6,5,12,21,6,15.8,5,5,0,0,0.0,/en/squads/9aad3a77/Cremonese-Stats,2023
ITA-Serie A,2022,Empoli,3,38,38,3420,38.0,49,1.29,159,110,71.7,10,13,15,9,23.7,6,4,1,1,20.0,/en/squads/a3d88bd8/Empoli-Stats,2023
ITA-Serie A,2022,Fiorentina,4,38,38,3420,38.0,43,1.13,120,78,70.0,15,11,12,10,26.3,8,7,1,0,12.5,/en/squads/421387cf/Fiorentina-Stats,2023
ITA-Serie A,2022,Hellas Verona,2,38,38,3420,38.0,59,1.55,185,128,68.6,7,10,21,6,15.8,2,1,1,0,50.0,/en/squads/0e72edf2/Hellas-Verona-Stats,2023
ITA-Serie A,2022,Inter,3,38,38,3420,38.0,42,1.11,137,98,71.5,23,3,12,13,34.2,3,3,0,0,0.0,/en/squads/d609edc0/Internazionale-Stats,2023
ITA-Serie A,2022,Juventus,2,38,38,3420,38.0,33,0.87,133,99,78.2,22,6,10,20,52.6,5,4,1,0,20.0,/en/squads/e0652b02/Juventus-Stats,2023
ITA-Serie A,2022,Lazio,2,38,38,3418,38.0,30,0.79,128,99,77.3,22,8,8,21,55.3,2,1,0,1,0.0,/en/squads/7213da33/Lazio-Stats,2023
ITA-Serie A,2022,Lecce,1,38,38,3420,38.0,46,1.21,156,112,73.7,8,12,18,6,15.8,6,5,1,0,16.7,/en/squads/ffcbe334/Lecce-Stats,2023
ITA-Serie A,2022,Milan,3,38,38,3420,38.0,43,1.13,123,80,68.3,20,10,8,12,31.6,5,4,1,0,20.0,/en/squads/dc56fe14/Milan-Stats,2023
ITA-Serie A,2022,Monza,2,38,38,3420,38.0,52,1.37,172,121,71.5,14,10,14,10,26.3,3,3,0,0,0.0,/en/squads/21680aa4/Monza-Stats,2023
ITA-Serie A,2022,Napoli,2,38,38,3420,38.0,28,0.74,107,78,74.8,28,6,4,18,47.4,2,1,1,0,50.0,/en/squads/d48ad4ff/Napoli-Stats,2023
ITA-Serie A,2022,Roma,2,38,38,3420,38.0,38,1.0,118,80,69.5,18,9,11,14,36.8,3,2,1,0,33.3,/en/squads/cf74a709/Roma-Stats,2023
ITA-Serie A,2022,Salernitana,3,38,38,3420,38.0,62,1.63,196,130,71.9,9,15,14,7,18.4,11,7,4,0,36.4,/en/squads/c5577084/Salernitana-Stats,2023
ITA-Serie A,2022,Sampdoria,3,38,38,3420,38.0,71,1.87,215,144,70.7,3,10,25,4,10.5,11,8,2,1,20.0,/en/squads/8ff9e3b3/Sampdoria-Stats,2023
ITA-Serie A,2022,Sassuolo,3,38,38,3420,38.0,61,1.61,130,71,56.2,12,9,17,9,23.7,4,4,0,0,0.0,/en/squads/e2befd26/Sassuolo-Stats,2023
ITA-Serie A,2022,Spezia,4,38,38,3420,38.0,62,1.63,183,123,68.9,6,13,19,6,15.8,7,5,1,1,16.7,/en/squads/68449f6d/Spezia-Stats,2023
ITA-Serie A,2022,Torino,1,38,38,3420,38.0,41,1.08,136,95,73.5,14,11,13,11,28.9,6,5,0,1,0.0,/en/squads/105360fe/Torino-Stats,2023
ITA-Serie A,2022,Udinese,1,38,38,3420,38.0,48,1.26,137,91,69.3,11,13,14,10,26.3,7,6,0,1,0.0,/en/squads/04eea015/Udinese-Stats,2023
