league,season,team,players_used,90s,Standard_Gls,Standard_Sh,Standard_SoT,Standard_SoT%,Standard_Sh/90,Standard_SoT/90,Standard_G/Sh,Standard_G/SoT,Standard_Dist,Standard_FK,Standard_PK,Standard_PKatt,Expected_xG,Expected_npxG,Expected_npxG/Sh,Expected_G-xG,Expected_np:G-xG,url,nextSeason
ENG-Premier League,2017,Arsenal,30,38.0,73,589,223,37.9,15.5,5.87,0.12,0.31,17.9,30,4,5,68.3,64.3,0.11,4.7,4.7,/en/squads/18bb7c10/2017-2018/Arsenal-Stats,2018
ENG-Premier League,2017,Bournemouth,22,38.0,45,462,153,33.1,12.16,4.03,0.09,0.27,18.3,15,3,3,38.8,36.4,0.08,6.2,5.6,/en/squads/4ba7cbea/2017-2018/Bournemouth-Stats,2018
ENG-Premier League,2017,Brighton,24,38.0,33,377,110,29.2,9.92,2.89,0.07,0.25,18.3,4,5,7,37.0,31.8,0.09,-4.0,-3.8,/en/squads/d07537b9/2017-2018/Brighton-and-Hove-Albion-Stats,2018
ENG-Premier League,2017,Burnley,24,38.0,35,378,126,33.3,9.95,3.32,0.09,0.28,17.0,16,0,0,32.3,32.3,0.09,2.7,2.7,/en/squads/943e8050/2017-2018/Burnley-Stats,2018
ENG-Premier League,2017,Chelsea,26,38.0,60,603,210,34.8,15.87,5.53,0.09,0.27,17.9,20,3,3,54.4,52.0,0.09,5.6,5.0,/en/squads/cff3d9bb/2017-2018/Chelsea-Stats,2018
ENG-Premier League,2017,Crystal Palace,28,38.0,44,466,134,28.8,12.26,3.53,0.08,0.27,17.8,20,8,10,53.5,45.9,0.1,-9.5,-9.9,/en/squads/47c64c55/2017-2018/Crystal-Palace-Stats,2018
ENG-Premier League,2017,Everton,30,38.0,42,351,110,31.3,9.24,2.89,0.11,0.34,17.6,8,5,8,40.5,34.1,0.1,1.5,2.9,/en/squads/d3fd31cc/2017-2018/Everton-Stats,2018
ENG-Premier League,2017,Huddersfield,25,38.0,25,360,106,29.4,9.47,2.79,0.06,0.22,18.8,14,2,2,31.3,29.8,0.08,-6.3,-6.8,/en/squads/f5922ca5/2017-2018/Huddersfield-Town-Stats,2018
ENG-Premier League,2017,Leicester City,27,38.0,53,417,137,32.9,10.97,3.61,0.12,0.35,17.6,11,5,6,50.0,45.3,0.11,3.0,2.7,/en/squads/a2d435b3/2017-2018/Leicester-City-Stats,2018
ENG-Premier League,2017,Liverpool,27,38.0,82,635,226,35.6,16.71,5.95,0.13,0.35,17.7,22,2,3,72.9,70.6,0.11,9.1,9.4,/en/squads/822bd0ba/2017-2018/Liverpool-Stats,2018
ENG-Premier League,2017,Manchester City,25,38.0,103,656,254,38.7,17.26,6.68,0.15,0.38,17.8,30,6,8,78.6,72.7,0.11,24.4,24.3,/en/squads/b8fd03ef/2017-2018/Manchester-City-Stats,2018
ENG-Premier League,2017,Manchester Utd,27,38.0,67,509,170,33.4,13.39,4.47,0.13,0.39,18.4,21,1,3,55.7,53.3,0.11,11.3,12.7,/en/squads/19538871/2017-2018/Manchester-United-Stats,2018
ENG-Premier League,2017,Newcastle Utd,27,38.0,38,450,146,32.4,11.84,3.84,0.08,0.26,19.2,21,0,1,41.6,40.9,0.09,-3.6,-2.9,/en/squads/b2b47a98/2017-2018/Newcastle-United-Stats,2018
ENG-Premier League,2017,Southampton,26,38.0,36,447,136,30.4,11.76,3.58,0.07,0.24,18.1,11,3,3,39.9,37.6,0.09,-3.9,-4.6,/en/squads/33c895d4/2017-2018/Southampton-Stats,2018
ENG-Premier League,2017,Stoke City,30,38.0,34,380,122,32.1,10.0,3.21,0.09,0.28,18.1,11,0,3,36.5,34.1,0.09,-2.5,-0.1,/en/squads/17892952/2017-2018/Stoke-City-Stats,2018
ENG-Premier League,2017,Swansea City,26,38.0,27,338,95,28.1,8.89,2.5,0.08,0.27,18.2,15,1,1,31.6,30.8,0.1,-4.6,-4.8,/en/squads/fb10988f/2017-2018/Swansea-City-Stats,2018
ENG-Premier League,2017,Tottenham,25,38.0,70,620,209,33.7,16.32,5.5,0.11,0.33,18.4,28,2,3,64.7,62.3,0.1,5.3,5.7,/en/squads/361ca564/2017-2018/Tottenham-Hotspur-Stats,2018
ENG-Premier League,2017,Watford,29,38.0,42,434,126,29.0,11.42,3.32,0.09,0.31,17.9,10,3,6,45.0,40.2,0.09,-3.0,-1.2,/en/squads/2abfe087/2017-2018/Watford-Stats,2018
ENG-Premier League,2017,West Brom,24,38.0,31,377,111,29.4,9.92,2.92,0.08,0.27,17.7,15,1,1,36.5,35.7,0.1,-5.5,-5.7,/en/squads/60c6b05f/2017-2018/West-Bromwich-Albion-Stats,2018
ENG-Premier League,2017,West Ham,27,38.0,48,368,127,34.5,9.68,3.34,0.13,0.36,18.2,17,2,4,36.7,33.6,0.09,11.3,12.4,/en/squads/7c21e445/2017-2018/West-Ham-United-Stats,2018
ENG-Premier League,2018,Arsenal,28,38.0,69,462,159,34.4,12.16,4.18,0.14,0.41,16.7,11,4,5,60.1,56.0,0.12,8.9,9.0,/en/squads/18bb7c10/2018-2019/Arsenal-Stats,2019
ENG-Premier League,2018,Bournemouth,28,38.0,55,437,153,35.0,11.5,4.03,0.11,0.31,17.4,16,7,9,53.3,46.2,0.11,1.7,1.8,/en/squads/4ba7cbea/2018-2019/Bournemouth-Stats,2019
ENG-Premier League,2018,Brighton,21,38.0,35,364,99,27.2,9.58,2.61,0.08,0.3,17.9,12,5,6,35.3,30.7,0.09,-0.3,-0.7,/en/squads/d07537b9/2018-2019/Brighton-and-Hove-Albion-Stats,2019
ENG-Premier League,2018,Burnley,23,38.0,43,358,112,31.3,9.42,2.95,0.11,0.37,15.8,14,2,2,44.4,42.8,0.12,-1.4,-1.8,/en/squads/943e8050/2018-2019/Burnley-Stats,2019
ENG-Premier League,2018,Cardiff City,25,38.0,33,413,113,27.4,10.87,2.97,0.07,0.27,17.7,13,3,4,42.4,39.2,0.1,-9.4,-9.2,/en/squads/75fae011/2018-2019/Cardiff-City-Stats,2019
ENG-Premier League,2018,Chelsea,24,38.0,61,602,192,31.9,15.84,5.05,0.09,0.29,17.8,30,5,5,58.6,54.6,0.09,2.4,1.4,/en/squads/cff3d9bb/2018-2019/Chelsea-Stats,2019
ENG-Premier League,2018,Crystal Palace,26,38.0,48,482,135,28.0,12.68,3.55,0.08,0.28,18.4,16,10,11,47.6,39.2,0.08,0.4,-1.2,/en/squads/47c64c55/2018-2019/Crystal-Palace-Stats,2019
ENG-Premier League,2018,Everton,23,38.0,53,493,163,33.1,12.97,4.29,0.1,0.31,16.9,20,2,5,49.7,45.7,0.1,3.3,5.3,/en/squads/d3fd31cc/2018-2019/Everton-Stats,2019
ENG-Premier League,2018,Fulham,28,38.0,33,451,140,31.0,11.87,3.68,0.07,0.22,19.0,10,2,3,41.3,39.0,0.09,-8.3,-8.0,/en/squads/fd962109/2018-2019/Fulham-Stats,2019
ENG-Premier League,2018,Huddersfield,31,38.0,21,400,116,29.0,10.53,3.05,0.05,0.17,19.1,15,1,1,28.8,28.0,0.07,-7.8,-8.0,/en/squads/f5922ca5/2018-2019/Huddersfield-Town-Stats,2019
ENG-Premier League,2018,Leicester City,25,38.0,48,508,173,34.1,13.37,4.55,0.08,0.25,18.6,19,5,7,52.4,47.3,0.1,-4.4,-4.3,/en/squads/a2d435b3/2018-2019/Leicester-City-Stats,2019
ENG-Premier League,2018,Liverpool,23,38.0,86,568,211,37.1,14.95,5.55,0.14,0.37,17.0,20,7,7,73.7,68.4,0.12,12.3,10.6,/en/squads/822bd0ba/2018-2019/Liverpool-Stats,2019
ENG-Premier League,2018,Manchester City,21,38.0,91,679,252,37.1,17.87,6.63,0.13,0.35,16.9,21,3,4,84.3,81.3,0.12,6.7,6.7,/en/squads/b8fd03ef/2018-2019/Manchester-City-Stats,2019
ENG-Premier League,2018,Manchester Utd,28,38.0,65,514,210,40.9,13.53,5.53,0.11,0.27,18.7,27,9,12,61.4,52.0,0.1,3.6,4.0,/en/squads/19538871/2018-2019/Manchester-United-Stats,2019
ENG-Premier League,2018,Newcastle Utd,24,38.0,41,443,136,30.7,11.66,3.58,0.09,0.29,18.8,16,1,3,39.1,36.7,0.09,1.9,3.3,/en/squads/b2b47a98/2018-2019/Newcastle-United-Stats,2019
ENG-Premier League,2018,Southampton,30,38.0,44,479,155,32.4,12.61,4.08,0.08,0.26,18.9,20,4,5,46.9,43.4,0.1,-2.9,-3.4,/en/squads/33c895d4/2018-2019/Southampton-Stats,2019
ENG-Premier League,2018,Tottenham,28,38.0,66,533,182,34.1,14.03,4.79,0.12,0.34,18.1,23,4,4,54.9,51.8,0.1,11.1,10.2,/en/squads/361ca564/2018-2019/Tottenham-Hotspur-Stats,2019
ENG-Premier League,2018,Watford,25,38.0,51,436,148,33.9,11.47,3.89,0.11,0.34,17.3,22,1,1,48.2,47.5,0.11,2.8,2.5,/en/squads/2abfe087/2018-2019/Watford-Stats,2019
ENG-Premier League,2018,West Ham,26,38.0,51,436,149,34.2,11.47,3.92,0.11,0.31,17.2,17,5,5,47.6,43.8,0.1,3.4,2.2,/en/squads/7c21e445/2018-2019/West-Ham-United-Stats,2019
ENG-Premier League,2018,Wolves,21,38.0,46,473,144,30.4,12.45,3.79,0.09,0.29,17.7,12,4,4,52.1,49.0,0.11,-6.1,-7.0,/en/squads/8cec06e1/2018-2019/Wolverhampton-Wanderers-Stats,2019
ENG-Premier League,2019,Arsenal,29,38.0,56,403,146,36.2,10.61,3.84,0.13,0.36,16.4,19,3,3,47.0,44.6,0.11,9.0,8.4,/en/squads/18bb7c10/2019-2020/Arsenal-Stats,2020
ENG-Premier League,2019,Aston Villa,28,38.0,40,453,147,32.5,11.92,3.87,0.09,0.27,17.5,21,1,3,44.3,41.8,0.09,-4.3,-2.8,/en/squads/8602292d/2019-2020/Aston-Villa-Stats,2020
ENG-Premier League,2019,Bournemouth,27,38.0,38,385,117,30.4,10.13,3.08,0.09,0.29,17.3,21,4,4,44.8,41.7,0.11,-6.8,-7.7,/en/squads/4ba7cbea/2019-2020/Bournemouth-Stats,2020
ENG-Premier League,2019,Brighton,25,38.0,35,460,139,30.2,12.11,3.66,0.07,0.24,17.6,11,1,2,45.4,43.8,0.1,-10.4,-9.8,/en/squads/d07537b9/2019-2020/Brighton-and-Hove-Albion-Stats,2020
ENG-Premier League,2019,Burnley,22,38.0,41,384,124,32.3,10.11,3.26,0.1,0.31,16.4,18,3,3,47.4,45.3,0.12,-6.4,-7.3,/en/squads/943e8050/2019-2020/Burnley-Stats,2020
ENG-Premier League,2019,Chelsea,27,38.0,69,618,210,34.0,16.26,5.53,0.1,0.3,16.6,29,7,7,69.2,64.4,0.11,-0.2,-2.4,/en/squads/cff3d9bb/2019-2020/Chelsea-Stats,2020
ENG-Premier League,2019,Crystal Palace,25,38.0,29,373,115,30.8,9.82,3.03,0.07,0.23,17.0,15,3,3,35.8,33.6,0.09,-6.8,-7.6,/en/squads/47c64c55/2019-2020/Crystal-Palace-Stats,2020
ENG-Premier League,2019,Everton,24,38.0,42,468,159,34.0,12.32,4.18,0.09,0.26,16.4,20,1,1,50.8,50.0,0.11,-8.8,-9.0,/en/squads/d3fd31cc/2019-2020/Everton-Stats,2020
ENG-Premier League,2019,Leicester City,24,38.0,65,533,183,34.3,14.03,4.82,0.11,0.33,17.4,20,5,7,62.2,56.7,0.11,2.8,3.3,/en/squads/a2d435b3/2019-2020/Leicester-City-Stats,2020
ENG-Premier League,2019,Liverpool,24,38.0,83,586,224,38.2,15.42,5.89,0.13,0.35,16.5,20,5,5,68.9,65.0,0.11,14.1,13.0,/en/squads/822bd0ba/2019-2020/Liverpool-Stats,2020
ENG-Premier League,2019,Manchester City,24,38.0,100,735,250,34.0,19.34,6.58,0.13,0.38,16.4,27,6,11,92.0,83.6,0.12,8.0,10.4,/en/squads/b8fd03ef/2019-2020/Manchester-City-Stats,2020
ENG-Premier League,2019,Manchester Utd,29,38.0,65,530,201,37.9,13.95,5.29,0.1,0.27,19.1,33,10,14,62.2,51.2,0.1,2.8,3.8,/en/squads/19538871/2019-2020/Manchester-United-Stats,2020
ENG-Premier League,2019,Newcastle Utd,28,38.0,38,398,132,33.2,10.47,3.47,0.1,0.29,19.1,14,0,1,35.5,34.8,0.09,2.5,3.2,/en/squads/b2b47a98/2019-2020/Newcastle-United-Stats,2020
ENG-Premier League,2019,Norwich City,30,38.0,25,407,126,31.0,10.71,3.32,0.06,0.18,18.0,16,2,2,37.0,35.4,0.09,-12.0,-12.4,/en/squads/1c781004/2019-2020/Norwich-City-Stats,2020
ENG-Premier League,2019,Sheffield Utd,26,38.0,36,352,109,31.0,9.26,2.87,0.1,0.32,15.2,4,1,1,43.0,42.2,0.12,-7.0,-7.2,/en/squads/1df6b87e/2019-2020/Sheffield-United-Stats,2020
ENG-Premier League,2019,Southampton,25,38.0,51,494,171,34.6,13.0,4.5,0.1,0.29,17.8,27,2,5,56.1,52.1,0.11,-5.1,-3.1,/en/squads/33c895d4/2019-2020/Southampton-Stats,2020
ENG-Premier League,2019,Tottenham,29,38.0,56,440,154,35.0,11.58,4.05,0.12,0.34,18.4,21,3,4,47.9,44.7,0.1,8.1,8.3,/en/squads/361ca564/2019-2020/Tottenham-Hotspur-Stats,2020
ENG-Premier League,2019,Watford,26,38.0,35,416,112,26.9,10.95,2.95,0.07,0.25,17.3,18,7,8,48.9,42.6,0.1,-13.9,-14.6,/en/squads/2abfe087/2019-2020/Watford-Stats,2020
ENG-Premier League,2019,West Ham,29,38.0,49,413,156,37.8,10.87,4.11,0.11,0.29,16.4,13,4,4,48.6,45.4,0.11,0.4,-0.4,/en/squads/7c21e445/2019-2020/West-Ham-United-Stats,2020
ENG-Premier League,2019,Wolves,21,38.0,49,457,142,31.1,12.03,3.74,0.1,0.32,17.4,13,4,4,54.1,51.0,0.11,-5.1,-6.0,/en/squads/8cec06e1/2019-2020/Wolverhampton-Wanderers-Stats,2020
ENG-Premier League,2020,Arsenal,29,38.0,53,453,140,30.9,11.92,3.68,0.1,0.34,17.7,23,6,6,51.8,47.0,0.11,1.2,0.0,/en/squads/18bb7c10/2020-2021/Arsenal-Stats,2021
ENG-Premier League,2020,Aston Villa,24,38.0,52,514,178,34.6,13.53,4.68,0.09,0.26,17.3,16,5,6,52.5,47.9,0.1,-0.5,-0.9,/en/squads/8602292d/2020-2021/Aston-Villa-Stats,2021
ENG-Premier League,2020,Brighton,27,38.0,39,478,134,28.0,12.58,3.53,0.07,0.25,17.4,15,6,9,50.9,43.8,0.09,-11.9,-10.8,/en/squads/d07537b9/2020-2021/Brighton-and-Hove-Albion-Stats,2021
ENG-Premier League,2020,Burnley,25,38.0,32,381,124,32.5,10.03,3.26,0.08,0.23,17.4,15,3,3,39.3,36.9,0.1,-7.3,-7.9,/en/squads/943e8050/2020-2021/Burnley-Stats,2021
ENG-Premier League,2020,Chelsea,27,38.0,56,546,193,35.3,14.37,5.08,0.09,0.25,17.1,16,8,10,62.4,54.5,0.1,-6.4,-6.5,/en/squads/cff3d9bb/2020-2021/Chelsea-Stats,2021
ENG-Premier League,2020,Crystal Palace,24,38.0,39,345,127,36.8,9.08,3.34,0.1,0.28,17.6,18,3,4,34.1,31.0,0.09,4.9,5.0,/en/squads/47c64c55/2020-2021/Crystal-Palace-Stats,2021
ENG-Premier League,2020,Everton,29,38.0,45,395,143,36.2,10.39,3.76,0.1,0.29,17.2,15,4,5,45.7,41.9,0.11,-0.7,-0.9,/en/squads/d3fd31cc/2020-2021/Everton-Stats,2021
ENG-Premier League,2020,Fulham,28,38.0,26,436,125,28.7,11.47,3.29,0.05,0.18,18.3,12,3,6,40.5,35.9,0.08,-14.5,-12.9,/en/squads/fd962109/2020-2021/Fulham-Stats,2021
ENG-Premier League,2020,Leeds United,23,38.0,60,518,193,37.3,13.63,5.08,0.11,0.29,16.9,9,4,4,55.6,52.5,0.1,4.4,3.5,/en/squads/5bfb9659/2020-2021/Leeds-United-Stats,2021
ENG-Premier League,2020,Leicester City,27,38.0,64,473,170,35.9,12.45,4.47,0.11,0.32,18.6,20,10,12,55.8,46.3,0.1,8.2,7.7,/en/squads/a2d435b3/2020-2021/Leicester-City-Stats,2021
ENG-Premier League,2020,Liverpool,28,38.0,65,602,204,33.9,15.84,5.37,0.1,0.29,17.1,22,6,6,67.5,62.9,0.11,-2.5,-3.9,/en/squads/822bd0ba/2020-2021/Liverpool-Stats,2021
ENG-Premier League,2020,Manchester City,24,38.0,82,590,211,35.8,15.53,5.55,0.13,0.36,17.2,21,5,9,68.2,61.2,0.11,13.8,15.8,/en/squads/b8fd03ef/2020-2021/Manchester-City-Stats,2021
ENG-Premier League,2020,Manchester Utd,29,38.0,70,515,196,38.1,13.55,5.16,0.12,0.31,18.1,21,10,11,60.1,51.4,0.1,9.9,8.6,/en/squads/19538871/2020-2021/Manchester-United-Stats,2021
ENG-Premier League,2020,Newcastle Utd,27,38.0,44,390,130,33.3,10.26,3.42,0.1,0.29,18.3,25,6,7,43.4,37.8,0.1,0.6,0.2,/en/squads/b2b47a98/2020-2021/Newcastle-United-Stats,2021
ENG-Premier League,2020,Sheffield Utd,27,38.0,19,319,92,28.8,8.39,2.42,0.05,0.17,17.7,5,3,4,32.6,29.5,0.09,-13.6,-13.5,/en/squads/1df6b87e/2020-2021/Sheffield-United-Stats,2021
ENG-Premier League,2020,Southampton,29,38.0,47,418,157,37.6,11.0,4.13,0.1,0.27,18.6,20,5,6,41.2,36.6,0.09,5.8,5.4,/en/squads/33c895d4/2020-2021/Southampton-Stats,2021
ENG-Premier League,2020,Tottenham,24,38.0,66,438,167,38.1,11.53,4.39,0.14,0.37,18.0,35,5,5,53.1,49.2,0.12,12.9,11.8,/en/squads/361ca564/2020-2021/Tottenham-Hotspur-Stats,2021
ENG-Premier League,2020,West Brom,30,38.0,33,335,106,31.6,8.82,2.79,0.09,0.27,18.4,16,4,4,35.8,32.7,0.1,-2.8,-3.7,/en/squads/60c6b05f/2020-2021/West-Bromwich-Albion-Stats,2021
ENG-Premier League,2020,West Ham,24,38.0,60,464,158,34.1,12.21,4.16,0.13,0.37,16.1,17,2,4,55.4,52.1,0.12,4.6,5.9,/en/squads/7c21e445/2020-2021/West-Ham-United-Stats,2021
ENG-Premier League,2020,Wolves,27,38.0,34,459,149,32.5,12.08,3.92,0.07,0.2,18.5,18,4,4,36.5,33.4,0.08,-2.5,-3.4,/en/squads/8cec06e1/2020-2021/Wolverhampton-Wanderers-Stats,2021
ENG-Premier League,2021,Arsenal,27,38.0,60,581,186,32.0,15.29,4.89,0.09,0.3,17.8,21,5,8,60.5,55.1,0.1,-0.5,-0.1,/en/squads/18bb7c10/2021-2022/Arsenal-Stats,2022
ENG-Premier League,2021,Aston Villa,31,38.0,50,461,159,34.5,12.13,4.18,0.1,0.3,17.6,20,3,3,44.0,42.0,0.09,6.0,5.0,/en/squads/8602292d/2021-2022/Aston-Villa-Stats,2022
ENG-Premier League,2021,Brentford,29,38.0,46,436,141,32.3,11.47,3.71,0.09,0.28,16.3,11,6,6,45.8,41.1,0.1,0.2,-1.1,/en/squads/cd051869/2021-2022/Brentford-Stats,2022
ENG-Premier League,2021,Brighton,26,38.0,40,482,141,29.3,12.68,3.71,0.07,0.26,17.7,15,4,7,46.2,40.7,0.09,-6.2,-4.7,/en/squads/d07537b9/2021-2022/Brighton-and-Hove-Albion-Stats,2022
ENG-Premier League,2021,Burnley,23,38.0,32,405,119,29.4,10.66,3.13,0.08,0.26,17.2,14,1,2,39.7,38.1,0.1,-7.7,-7.1,/en/squads/943e8050/2021-2022/Burnley-Stats,2022
ENG-Premier League,2021,Chelsea,26,38.0,75,583,200,34.3,15.34,5.26,0.11,0.34,17.4,26,8,9,63.4,56.6,0.1,11.6,10.4,/en/squads/cff3d9bb/2021-2022/Chelsea-Stats,2022
ENG-Premier League,2021,Crystal Palace,24,38.0,50,404,140,34.7,10.63,3.68,0.11,0.31,16.1,13,6,8,46.4,40.1,0.1,3.6,3.9,/en/squads/47c64c55/2021-2022/Crystal-Palace-Stats,2022
ENG-Premier League,2021,Everton,33,38.0,42,430,130,30.2,11.32,3.42,0.08,0.28,17.7,18,6,7,41.2,35.8,0.08,0.8,0.2,/en/squads/d3fd31cc/2021-2022/Everton-Stats,2022
ENG-Premier League,2021,Leeds United,29,38.0,42,480,142,29.6,12.63,3.74,0.08,0.26,18.3,13,5,5,44.4,40.4,0.09,-2.4,-3.4,/en/squads/5bfb9659/2021-2022/Leeds-United-Stats,2022
ENG-Premier League,2021,Leicester City,28,38.0,62,433,164,37.9,11.39,4.32,0.14,0.37,17.8,14,2,2,47.8,46.2,0.11,14.2,13.8,/en/squads/a2d435b3/2021-2022/Leicester-City-Stats,2022
ENG-Premier League,2021,Liverpool,27,38.0,94,721,237,32.9,18.97,6.24,0.12,0.37,16.7,13,7,8,88.7,82.7,0.12,5.3,4.3,/en/squads/822bd0ba/2021-2022/Liverpool-Stats,2022
ENG-Premier League,2021,Manchester City,26,38.0,96,704,237,33.7,18.53,6.24,0.13,0.38,16.3,17,7,9,88.7,81.4,0.12,7.3,7.6,/en/squads/b8fd03ef/2021-2022/Manchester-City-Stats,2022
ENG-Premier League,2021,Manchester Utd,29,38.0,56,503,179,35.6,13.24,4.71,0.11,0.3,17.7,19,3,5,55.8,51.9,0.11,0.2,1.1,/en/squads/19538871/2021-2022/Manchester-United-Stats,2022
ENG-Premier League,2021,Newcastle Utd,29,38.0,41,446,142,31.8,11.74,3.74,0.09,0.27,18.1,15,3,3,38.1,35.9,0.08,2.9,2.1,/en/squads/b2b47a98/2021-2022/Newcastle-United-Stats,2022
ENG-Premier League,2021,Norwich City,28,38.0,21,370,104,28.1,9.74,2.74,0.05,0.17,19.0,18,3,3,32.3,30.0,0.08,-11.3,-12.0,/en/squads/1c781004/2021-2022/Norwich-City-Stats,2022
ENG-Premier League,2021,Southampton,25,38.0,41,478,161,33.7,12.58,4.24,0.08,0.23,17.7,24,4,4,44.8,41.6,0.09,-3.8,-4.6,/en/squads/33c895d4/2021-2022/Southampton-Stats,2022
ENG-Premier League,2021,Tottenham,25,38.0,63,486,185,38.1,12.79,4.87,0.12,0.31,16.7,16,5,5,61.2,57.3,0.12,1.8,0.7,/en/squads/361ca564/2021-2022/Tottenham-Hotspur-Stats,2022
ENG-Premier League,2021,Watford,30,38.0,33,397,123,31.0,10.45,3.24,0.08,0.26,18.1,24,1,2,40.0,38.4,0.1,-7.0,-6.4,/en/squads/2abfe087/2021-2022/Watford-Stats,2022
ENG-Premier League,2021,West Ham,25,38.0,58,443,142,32.1,11.66,3.74,0.12,0.38,16.6,13,4,6,51.4,46.8,0.11,6.6,7.2,/en/squads/7c21e445/2021-2022/West-Ham-United-Stats,2022
ENG-Premier League,2021,Wolves,26,38.0,35,401,133,33.2,10.55,3.5,0.08,0.26,18.6,13,1,1,37.5,36.8,0.09,-2.5,-2.8,/en/squads/8cec06e1/2021-2022/Wolverhampton-Wanderers-Stats,2022
ENG-Premier League,2022,Arsenal,26,38.0,84,589,194,32.9,15.5,5.11,0.14,0.42,16.0,16,3,4,71.9,69.1,0.12,12.1,11.9,/en/squads/18bb7c10/Arsenal-Stats,2023
ENG-Premier League,2022,Aston Villa,26,38.0,49,427,145,34.0,11.24,3.82,0.11,0.32,18.0,18,3,4,50.2,47.2,0.11,-1.2,-1.2,/en/squads/8602292d/Aston-Villa-Stats,2023
ENG-Premier League,2022,Bournemouth,31,38.0,37,358,126,35.2,9.42,3.32,0.1,0.29,15.5,14,0,0,38.6,38.6,0.11,-1.6,-1.6,/en/squads/4ba7cbea/Bournemouth-Stats,2023
ENG-Premier League,2022,Brentford,25,38.0,56,400,147,36.8,10.53,3.87,0.12,0.33,15.7,14,7,8,56.8,50.6,0.13,-0.8,-1.6,/en/squads/cd051869/Brentford-Stats,2023
ENG-Premier League,2022,Brighton,29,38.0,68,607,219,36.1,15.97,5.76,0.1,0.28,16.8,12,6,6,73.3,68.9,0.12,-5.3,-6.9,/en/squads/d07537b9/Brighton-and-Hove-Albion-Stats,2023
ENG-Premier League,2022,Chelsea,32,38.0,37,481,151,31.4,12.66,3.97,0.07,0.23,16.8,10,3,3,49.5,47.2,0.1,-12.5,-13.2,/en/squads/cff3d9bb/Chelsea-Stats,2023
ENG-Premier League,2022,Crystal Palace,26,38.0,38,423,133,31.4,11.13,3.5,0.09,0.28,17.6,23,1,3,39.3,36.8,0.09,-1.3,0.2,/en/squads/47c64c55/Crystal-Palace-Stats,2023
ENG-Premier League,2022,Everton,28,38.0,32,426,143,33.6,11.21,3.76,0.07,0.2,16.8,12,3,3,45.2,42.8,0.1,-13.2,-13.8,/en/squads/d3fd31cc/Everton-Stats,2023
ENG-Premier League,2022,Fulham,29,38.0,52,420,137,32.6,11.05,3.61,0.11,0.34,17.3,17,5,9,46.2,39.1,0.1,5.8,7.9,/en/squads/fd962109/Fulham-Stats,2023
ENG-Premier League,2022,Leeds United,29,38.0,45,459,141,30.7,12.08,3.71,0.1,0.31,16.6,19,1,3,47.4,45.0,0.1,-2.4,-1.0,/en/squads/5bfb9659/Leeds-United-Stats,2023
ENG-Premier League,2022,Leicester City,28,38.0,49,412,142,34.5,10.84,3.74,0.11,0.32,17.7,14,3,6,50.6,45.8,0.11,-1.6,0.2,/en/squads/a2d435b3/Leicester-City-Stats,2023
ENG-Premier League,2022,Liverpool,28,38.0,71,601,203,33.8,15.82,5.34,0.11,0.34,16.2,7,2,4,72.6,69.5,0.12,-1.6,-0.5,/en/squads/822bd0ba/Liverpool-Stats,2023
ENG-Premier League,2022,Manchester City,24,38.0,92,590,205,34.7,15.53,5.39,0.14,0.4,16.6,20,9,10,78.7,71.1,0.12,13.3,11.9,/en/squads/b8fd03ef/Manchester-City-Stats,2023
ENG-Premier League,2022,Manchester Utd,26,38.0,56,590,206,34.9,15.53,5.42,0.09,0.26,17.8,20,3,3,67.7,65.3,0.11,-11.7,-12.3,/en/squads/19538871/Manchester-United-Stats,2023
ENG-Premier League,2022,Newcastle Utd,27,38.0,64,565,184,32.6,14.87,4.84,0.1,0.32,15.6,15,6,6,72.0,67.4,0.12,-8.0,-9.4,/en/squads/b2b47a98/Newcastle-United-Stats,2023
ENG-Premier League,2022,Nott'ham Forest,33,38.0,36,362,111,30.7,9.53,2.92,0.09,0.3,17.2,9,3,6,39.3,34.6,0.1,-3.3,-1.6,/en/squads/e4a775cb/Nottingham-Forest-Stats,2023
ENG-Premier League,2022,Southampton,36,38.0,36,413,132,32.0,10.87,3.47,0.08,0.26,18.1,17,2,4,37.7,34.5,0.09,-1.7,-0.5,/en/squads/33c895d4/Southampton-Stats,2023
ENG-Premier League,2022,Tottenham,29,38.0,68,512,186,36.3,13.47,4.89,0.12,0.34,16.7,13,5,6,57.1,52.4,0.1,10.9,10.6,/en/squads/361ca564/Tottenham-Hotspur-Stats,2023
ENG-Premier League,2022,West Ham,25,38.0,41,466,133,28.5,12.26,3.5,0.08,0.26,17.3,13,6,8,49.2,43.7,0.1,-8.2,-8.7,/en/squads/7c21e445/West-Ham-United-Stats,2023
ENG-Premier League,2022,Wolves,32,38.0,28,409,119,29.1,10.76,3.13,0.06,0.21,18.0,18,3,3,36.8,34.5,0.09,-8.8,-9.5,/en/squads/8cec06e1/Wolverhampton-Wanderers-Stats,2023
ESP-La Liga,2017,Alavés,30,38.0,40,389,134,34.4,10.24,3.53,0.1,0.29,19.3,22,1,3,38.5,36.1,0.1,1.5,2.9,/en/squads/8d6fd021/2017-2018/Alaves-Stats,2018
ESP-La Liga,2017,Athletic Club,26,38.0,39,421,142,33.7,11.08,3.74,0.08,0.23,16.7,13,6,8,49.7,43.8,0.11,-10.7,-10.8,/en/squads/2b390eca/2017-2018/Athletic-Club-Stats,2018
ESP-La Liga,2017,Atlético Madrid,26,38.0,57,401,147,36.7,10.55,3.87,0.13,0.36,18.5,15,4,5,50.2,46.3,0.12,6.8,6.7,/en/squads/db3b9613/2017-2018/Atletico-Madrid-Stats,2018
ESP-La Liga,2017,Barcelona,25,38.0,96,575,264,45.9,15.13,6.95,0.16,0.35,17.0,60,3,5,83.5,80.1,0.15,12.5,12.9,/en/squads/206d90db/2017-2018/Barcelona-Stats,2018
ESP-La Liga,2017,Betis,29,38.0,56,415,160,38.6,10.92,4.21,0.13,0.34,19.5,22,2,3,46.0,43.7,0.11,10.0,10.3,/en/squads/fc536746/2017-2018/Real-Betis-Stats,2018
ESP-La Liga,2017,Celta Vigo,23,38.0,57,444,157,35.4,11.68,4.13,0.12,0.35,17.9,33,2,3,55.0,52.6,0.12,2.0,2.4,/en/squads/f25da7fb/2017-2018/Celta-Vigo-Stats,2018
ESP-La Liga,2017,Eibar,27,38.0,43,467,131,28.1,12.29,3.45,0.09,0.31,18.6,23,2,3,40.9,38.6,0.08,2.1,2.4,/en/squads/bea5c710/2017-2018/Eibar-Stats,2018
ESP-La Liga,2017,Espanyol,25,38.0,33,410,128,31.2,10.79,3.37,0.08,0.24,18.7,17,2,3,41.1,38.7,0.1,-8.1,-7.7,/en/squads/a8661628/2017-2018/Espanyol-Stats,2018
ESP-La Liga,2017,Getafe,32,38.0,41,361,122,33.8,9.5,3.21,0.1,0.3,18.9,16,5,12,48.2,38.6,0.11,-7.2,-2.6,/en/squads/7848bd64/2017-2018/Getafe-Stats,2018
ESP-La Liga,2017,Girona,25,38.0,50,447,149,33.3,11.76,3.92,0.1,0.3,19.0,27,6,8,50.6,44.4,0.1,-0.6,-0.4,/en/squads/9024a00a/2017-2018/Girona-Stats,2018
ESP-La Liga,2017,La Coruña,32,38.0,38,462,133,28.8,12.16,3.5,0.08,0.26,18.0,14,3,5,51.6,47.7,0.1,-13.6,-12.7,/en/squads/2a60ed82/2017-2018/Deportivo-La-Coruna-Stats,2018
ESP-La Liga,2017,Las Palmas,36,38.0,24,405,119,29.4,10.66,3.13,0.04,0.15,20.6,38,6,8,38.5,32.3,0.08,-14.5,-14.3,/en/squads/0049d422/2017-2018/Las-Palmas-Stats,2018
ESP-La Liga,2017,Leganés,28,38.0,32,393,125,31.8,10.34,3.29,0.08,0.24,19.3,13,2,3,39.9,37.6,0.1,-7.9,-7.6,/en/squads/7c6f2c78/2017-2018/Leganes-Stats,2018
ESP-La Liga,2017,Levante,33,38.0,43,405,119,29.4,10.66,3.13,0.09,0.32,19.4,26,5,5,44.7,40.8,0.1,-1.7,-2.8,/en/squads/9800b6a1/2017-2018/Levante-Stats,2018
ESP-La Liga,2017,Málaga,37,38.0,23,397,108,27.2,10.45,2.84,0.05,0.18,18.7,14,4,6,38.4,33.7,0.09,-15.4,-14.7,/en/squads/1c896955/2017-2018/Malaga-Stats,2018
ESP-La Liga,2017,Real Madrid,24,38.0,91,689,267,38.8,18.13,7.03,0.12,0.31,17.3,28,8,10,85.4,77.5,0.12,5.6,5.5,/en/squads/53a2f082/2017-2018/Real-Madrid-Stats,2018
ESP-La Liga,2017,Real Sociedad,27,38.0,64,516,165,32.0,13.58,4.34,0.12,0.36,18.7,23,4,5,53.7,49.7,0.1,10.3,10.3,/en/squads/e31d1cd9/2017-2018/Real-Sociedad-Stats,2018
ESP-La Liga,2017,Sevilla,31,38.0,48,511,174,34.1,13.45,4.58,0.09,0.25,17.7,18,4,5,59.5,55.7,0.11,-11.5,-11.7,/en/squads/ad2be733/2017-2018/Sevilla-Stats,2018
ESP-La Liga,2017,Valencia,25,38.0,63,473,175,37.0,12.45,4.61,0.12,0.31,18.7,26,8,8,56.0,49.8,0.11,7.0,5.2,/en/squads/dcc91a7b/2017-2018/Valencia-Stats,2018
ESP-La Liga,2017,Villarreal,32,38.0,56,470,162,34.5,12.37,4.26,0.11,0.32,19.3,15,4,5,53.3,49.3,0.11,2.7,2.7,/en/squads/2a8183b3/2017-2018/Villarreal-Stats,2018
ESP-La Liga,2018,Alavés,26,38.0,39,426,116,27.2,11.21,3.05,0.09,0.32,18.3,16,2,3,41.1,38.8,0.09,-2.1,-1.8,/en/squads/8d6fd021/2018-2019/Alaves-Stats,2019
ESP-La Liga,2018,Athletic Club,27,38.0,39,380,132,34.7,10.0,3.47,0.09,0.26,17.1,6,5,7,43.4,37.8,0.1,-4.4,-3.8,/en/squads/2b390eca/2018-2019/Athletic-Club-Stats,2019
ESP-La Liga,2018,Atlético Madrid,29,38.0,53,440,155,35.2,11.58,4.08,0.11,0.32,18.3,21,3,4,47.3,44.1,0.1,5.7,5.9,/en/squads/db3b9613/2018-2019/Atletico-Madrid-Stats,2019
ESP-La Liga,2018,Barcelona,30,38.0,88,551,242,43.9,14.5,6.37,0.15,0.33,18.0,50,8,9,75.8,68.7,0.13,12.2,11.3,/en/squads/206d90db/2018-2019/Barcelona-Stats,2019
ESP-La Liga,2018,Betis,25,38.0,43,436,156,35.8,11.47,4.11,0.09,0.24,18.6,31,5,7,47.1,41.5,0.1,-4.1,-3.5,/en/squads/fc536746/2018-2019/Real-Betis-Stats,2019
ESP-La Liga,2018,Celta Vigo,28,38.0,52,445,152,34.2,11.71,4.0,0.1,0.3,18.0,22,7,7,46.5,41.2,0.09,5.5,3.8,/en/squads/f25da7fb/2018-2019/Celta-Vigo-Stats,2019
ESP-La Liga,2018,Eibar,25,38.0,46,524,147,28.1,13.79,3.87,0.07,0.27,17.4,20,7,8,54.8,48.6,0.1,-8.8,-9.6,/en/squads/bea5c710/2018-2019/Eibar-Stats,2019
ESP-La Liga,2018,Espanyol,25,38.0,43,470,154,32.8,12.37,4.05,0.08,0.25,19.0,25,4,4,48.9,45.8,0.1,-5.9,-6.8,/en/squads/a8661628/2018-2019/Espanyol-Stats,2019
ESP-La Liga,2018,Getafe,26,38.0,47,395,122,30.9,10.39,3.21,0.1,0.34,17.1,13,6,6,46.2,41.6,0.11,0.8,-0.6,/en/squads/7848bd64/2018-2019/Getafe-Stats,2019
ESP-La Liga,2018,Girona,26,38.0,37,392,137,34.9,10.32,3.61,0.08,0.23,18.3,21,6,6,43.5,39.3,0.1,-6.5,-8.3,/en/squads/9024a00a/2018-2019/Girona-Stats,2019
ESP-La Liga,2018,Huesca,30,38.0,43,463,139,30.0,12.18,3.66,0.08,0.27,17.9,19,6,7,50.8,45.4,0.1,-7.8,-8.4,/en/squads/c6c493e6/2018-2019/Huesca-Stats,2019
ESP-La Liga,2018,Leganés,29,38.0,36,414,128,30.9,10.89,3.37,0.08,0.26,17.6,14,3,5,40.6,36.8,0.09,-4.6,-3.8,/en/squads/7c6f2c78/2018-2019/Leganes-Stats,2019
ESP-La Liga,2018,Levante,26,38.0,56,435,154,35.4,11.45,4.05,0.12,0.33,18.8,32,5,7,53.9,48.4,0.11,2.1,2.6,/en/squads/9800b6a1/2018-2019/Levante-Stats,2019
ESP-La Liga,2018,Rayo Vallecano,29,38.0,40,453,144,31.8,11.92,3.79,0.08,0.24,19.3,22,5,5,48.7,44.8,0.1,-8.7,-9.8,/en/squads/98e8af82/2018-2019/Rayo-Vallecano-Stats,2019
ESP-La Liga,2018,Real Madrid,27,38.0,61,585,203,34.7,15.39,5.34,0.09,0.26,17.7,19,9,9,66.7,60.2,0.11,-5.7,-8.2,/en/squads/53a2f082/2018-2019/Real-Madrid-Stats,2019
ESP-La Liga,2018,Real Sociedad,30,38.0,44,418,133,31.8,11.0,3.5,0.09,0.27,18.5,16,8,10,49.7,42.2,0.1,-5.7,-6.2,/en/squads/e31d1cd9/2018-2019/Real-Sociedad-Stats,2019
ESP-La Liga,2018,Sevilla,27,38.0,60,524,167,31.9,13.79,4.39,0.1,0.33,17.2,11,5,6,66.6,61.8,0.12,-6.6,-6.8,/en/squads/ad2be733/2018-2019/Sevilla-Stats,2019
ESP-La Liga,2018,Valencia,25,38.0,50,470,157,33.4,12.37,4.13,0.1,0.29,17.3,18,5,7,60.7,55.2,0.12,-10.7,-10.2,/en/squads/dcc91a7b/2018-2019/Valencia-Stats,2019
ESP-La Liga,2018,Valladolid,28,38.0,31,406,125,30.8,10.68,3.29,0.07,0.22,19.5,24,4,7,41.1,35.6,0.09,-10.1,-8.6,/en/squads/17859612/2018-2019/Valladolid-Stats,2019
ESP-La Liga,2018,Villarreal,26,38.0,47,488,169,34.6,12.84,4.45,0.09,0.26,17.3,8,3,6,53.9,50.0,0.1,-6.9,-6.0,/en/squads/2a8183b3/2018-2019/Villarreal-Stats,2019
ESP-La Liga,2019,Alavés,32,38.0,34,307,98,31.9,8.08,2.58,0.09,0.29,16.7,11,6,6,39.3,34.7,0.12,-5.3,-6.7,/en/squads/8d6fd021/2019-2020/Alaves-Stats,2020
ESP-La Liga,2019,Athletic Club,26,38.0,40,401,126,31.4,10.55,3.32,0.08,0.25,18.8,16,8,10,41.5,33.8,0.09,-1.5,-1.8,/en/squads/2b390eca/2019-2020/Athletic-Club-Stats,2020
ESP-La Liga,2019,Atlético Madrid,30,38.0,50,440,136,30.9,11.58,3.58,0.1,0.32,17.3,14,6,8,56.8,50.6,0.12,-6.8,-6.6,/en/squads/db3b9613/2019-2020/Atletico-Madrid-Stats,2020
ESP-La Liga,2019,Barcelona,28,38.0,84,488,213,43.6,12.84,5.61,0.16,0.37,17.4,46,6,6,66.3,61.7,0.13,17.7,16.3,/en/squads/206d90db/2019-2020/Barcelona-Stats,2020
ESP-La Liga,2019,Betis,27,38.0,48,471,152,32.3,12.39,4.0,0.09,0.28,18.4,20,6,8,51.0,45.2,0.1,-3.0,-3.2,/en/squads/fc536746/2019-2020/Real-Betis-Stats,2020
ESP-La Liga,2019,Celta Vigo,30,38.0,37,359,131,36.5,9.45,3.45,0.09,0.24,18.8,23,6,9,39.2,32.4,0.09,-2.2,-1.4,/en/squads/f25da7fb/2019-2020/Celta-Vigo-Stats,2020
ESP-La Liga,2019,Eibar,26,38.0,38,419,132,31.5,11.03,3.47,0.07,0.23,18.9,21,7,10,42.0,34.2,0.08,-4.0,-3.2,/en/squads/bea5c710/2019-2020/Eibar-Stats,2020
ESP-La Liga,2019,Espanyol,31,38.0,25,407,120,29.5,10.71,3.16,0.05,0.18,19.1,20,4,4,38.6,35.6,0.09,-13.6,-14.6,/en/squads/a8661628/2019-2020/Espanyol-Stats,2020
ESP-La Liga,2019,Getafe,30,38.0,42,408,121,29.7,10.74,3.18,0.09,0.3,18.6,31,6,7,41.6,36.1,0.09,0.4,-0.1,/en/squads/7848bd64/2019-2020/Getafe-Stats,2020
ESP-La Liga,2019,Granada,27,38.0,50,389,118,30.3,10.24,3.11,0.12,0.38,19.0,25,5,5,44.9,40.9,0.11,5.1,4.1,/en/squads/a0435291/2019-2020/Granada-Stats,2020
ESP-La Liga,2019,Leganés,29,38.0,30,427,143,33.5,11.24,3.76,0.06,0.19,19.2,29,3,5,39.9,35.9,0.09,-9.9,-8.9,/en/squads/7c6f2c78/2019-2020/Leganes-Stats,2020
ESP-La Liga,2019,Levante,29,38.0,45,422,133,31.5,11.11,3.5,0.09,0.3,19.0,21,5,5,48.1,44.2,0.11,-3.1,-4.2,/en/squads/9800b6a1/2019-2020/Levante-Stats,2020
ESP-La Liga,2019,Mallorca,32,38.0,39,410,118,28.8,10.79,3.11,0.08,0.26,19.2,22,8,10,41.1,33.3,0.08,-2.1,-2.3,/en/squads/2aa12281/2019-2020/Mallorca-Stats,2020
ESP-La Liga,2019,Osasuna,31,38.0,46,455,142,31.2,11.97,3.74,0.08,0.27,18.7,22,8,8,49.4,43.2,0.1,-3.4,-5.2,/en/squads/03c57e2b/2019-2020/Osasuna-Stats,2020
ESP-La Liga,2019,Real Madrid,26,38.0,69,552,222,40.2,14.53,5.84,0.11,0.26,18.0,18,11,11,67.9,59.2,0.11,1.1,-1.2,/en/squads/53a2f082/2019-2020/Real-Madrid-Stats,2020
ESP-La Liga,2019,Real Sociedad,27,38.0,54,424,139,32.8,11.16,3.66,0.12,0.36,17.7,12,4,5,48.9,45.1,0.11,5.1,4.9,/en/squads/e31d1cd9/2019-2020/Real-Sociedad-Stats,2020
ESP-La Liga,2019,Sevilla,26,38.0,53,484,164,33.9,12.74,4.32,0.1,0.28,16.7,17,7,7,53.2,47.9,0.1,-0.2,-1.9,/en/squads/ad2be733/2019-2020/Sevilla-Stats,2020
ESP-La Liga,2019,Valencia,28,38.0,45,331,111,33.5,8.71,2.92,0.12,0.36,18.0,18,5,8,43.3,37.2,0.11,1.7,2.8,/en/squads/dcc91a7b/2019-2020/Valencia-Stats,2020
ESP-La Liga,2019,Valladolid,30,38.0,31,369,116,31.4,9.71,3.05,0.08,0.24,20.0,29,3,6,36.6,32.1,0.09,-5.6,-4.1,/en/squads/17859612/2019-2020/Valladolid-Stats,2020
ESP-La Liga,2019,Villarreal,25,38.0,62,483,160,33.1,12.71,4.21,0.11,0.33,18.2,15,10,11,63.6,55.2,0.12,-1.6,-3.2,/en/squads/2a8183b3/2019-2020/Villarreal-Stats,2020
ESP-La Liga,2020,Alavés,30,38.0,35,339,95,28.0,8.92,2.5,0.09,0.32,17.4,12,5,8,42.6,36.4,0.11,-7.6,-6.4,/en/squads/8d6fd021/2020-2021/Alaves-Stats,2021
ESP-La Liga,2020,Athletic Club,27,38.0,43,399,128,32.1,10.5,3.37,0.1,0.3,17.4,15,4,5,43.1,39.2,0.1,-0.1,-0.2,/en/squads/2b390eca/2020-2021/Athletic-Club-Stats,2021
ESP-La Liga,2020,Atlético Madrid,25,38.0,65,452,178,39.4,11.89,4.68,0.13,0.34,17.6,13,5,7,52.8,47.2,0.11,12.2,12.8,/en/squads/db3b9613/2020-2021/Atletico-Madrid-Stats,2021
ESP-La Liga,2020,Barcelona,25,38.0,80,575,231,40.2,15.13,6.08,0.13,0.33,17.1,43,4,8,73.5,67.1,0.12,6.5,8.9,/en/squads/206d90db/2020-2021/Barcelona-Stats,2021
ESP-La Liga,2020,Betis,25,38.0,50,432,145,33.6,11.37,3.82,0.1,0.29,18.9,16,8,11,49.1,40.5,0.1,0.9,1.5,/en/squads/fc536746/2020-2021/Real-Betis-Stats,2021
ESP-La Liga,2020,Celta Vigo,30,38.0,55,350,133,38.0,9.21,3.5,0.14,0.36,17.0,13,7,7,50.4,44.9,0.13,4.6,3.1,/en/squads/f25da7fb/2020-2021/Celta-Vigo-Stats,2021
ESP-La Liga,2020,Cádiz,34,38.0,33,299,97,32.4,7.87,2.55,0.1,0.3,17.6,14,4,4,34.7,31.6,0.11,-1.7,-2.6,/en/squads/ee7c297c/2020-2021/Cadiz-Stats,2021
ESP-La Liga,2020,Eibar,30,38.0,29,443,127,28.7,11.66,3.34,0.06,0.2,18.1,14,4,9,45.2,38.3,0.09,-16.2,-13.3,/en/squads/bea5c710/2020-2021/Eibar-Stats,2021
ESP-La Liga,2020,Elche,30,38.0,33,265,86,32.5,6.97,2.26,0.12,0.36,16.8,12,2,3,29.9,27.5,0.11,3.1,3.5,/en/squads/6c8b07df/2020-2021/Elche-Stats,2021
ESP-La Liga,2020,Getafe,31,38.0,27,355,97,27.3,9.34,2.55,0.07,0.25,18.8,24,3,5,34.4,30.5,0.09,-7.4,-6.5,/en/squads/7848bd64/2020-2021/Getafe-Stats,2021
ESP-La Liga,2020,Granada,34,38.0,47,354,121,34.2,9.32,3.18,0.12,0.36,19.1,21,3,5,41.1,37.3,0.11,5.9,6.7,/en/squads/a0435291/2020-2021/Granada-Stats,2021
ESP-La Liga,2020,Huesca,27,38.0,32,404,130,32.2,10.63,3.42,0.07,0.22,18.0,13,3,4,38.9,36.1,0.09,-6.9,-7.1,/en/squads/c6c493e6/2020-2021/Huesca-Stats,2021
ESP-La Liga,2020,Levante,29,38.0,45,376,125,33.2,9.89,3.29,0.11,0.34,18.2,10,3,6,40.4,35.7,0.1,4.6,6.3,/en/squads/9800b6a1/2020-2021/Levante-Stats,2021
ESP-La Liga,2020,Osasuna,28,38.0,36,368,114,31.0,9.68,3.0,0.08,0.27,18.8,7,5,6,38.7,34.7,0.1,-2.7,-3.7,/en/squads/03c57e2b/2020-2021/Osasuna-Stats,2021
ESP-La Liga,2020,Real Madrid,30,38.0,64,544,167,30.7,14.32,4.39,0.11,0.37,17.7,17,3,3,61.5,59.2,0.11,2.5,1.8,/en/squads/53a2f082/2020-2021/Real-Madrid-Stats,2021
ESP-La Liga,2020,Real Sociedad,30,38.0,58,417,139,33.3,10.97,3.66,0.12,0.35,16.5,20,9,12,60.7,51.5,0.13,-2.7,-2.5,/en/squads/e31d1cd9/2020-2021/Real-Sociedad-Stats,2021
ESP-La Liga,2020,Sevilla,26,38.0,52,454,135,29.7,11.95,3.55,0.1,0.34,17.2,15,6,7,54.4,48.9,0.11,-2.4,-2.9,/en/squads/ad2be733/2020-2021/Sevilla-Stats,2021
ESP-La Liga,2020,Valencia,30,38.0,48,383,129,33.7,10.08,3.39,0.1,0.31,20.1,32,8,10,42.6,34.8,0.09,5.4,5.2,/en/squads/dcc91a7b/2020-2021/Valencia-Stats,2021
ESP-La Liga,2020,Valladolid,32,38.0,34,359,110,30.6,9.45,2.89,0.08,0.25,18.7,25,7,8,40.1,33.8,0.1,-6.1,-6.8,/en/squads/17859612/2020-2021/Valladolid-Stats,2021
ESP-La Liga,2020,Villarreal,29,38.0,57,392,146,37.2,10.32,3.84,0.11,0.31,17.0,13,12,13,56.4,46.4,0.12,0.6,-1.4,/en/squads/2a8183b3/2020-2021/Villarreal-Stats,2021
ESP-La Liga,2021,Alavés,33,38.0,29,373,111,29.8,9.82,2.92,0.06,0.21,18.2,15,6,7,37.3,31.8,0.09,-8.3,-8.8,/en/squads/8d6fd021/2021-2022/Alaves-Stats,2022
ESP-La Liga,2021,Athletic Club,26,38.0,40,460,150,32.6,12.11,3.95,0.08,0.25,16.8,11,3,7,49.6,44.0,0.1,-9.6,-7.0,/en/squads/2b390eca/2021-2022/Athletic-Club-Stats,2022
ESP-La Liga,2021,Atlético Madrid,26,38.0,63,458,152,33.2,12.05,4.0,0.13,0.39,17.5,8,4,5,54.4,50.6,0.11,8.6,8.4,/en/squads/db3b9613/2021-2022/Atletico-Madrid-Stats,2022
ESP-La Liga,2021,Barcelona,38,38.0,68,511,177,34.6,13.45,4.66,0.12,0.35,17.1,15,6,7,63.4,57.9,0.12,4.6,4.1,/en/squads/206d90db/2021-2022/Barcelona-Stats,2022
ESP-La Liga,2021,Betis,31,38.0,60,509,182,35.8,13.39,4.79,0.11,0.3,18.4,21,6,6,53.5,48.8,0.1,6.5,5.2,/en/squads/fc536746/2021-2022/Real-Betis-Stats,2022
ESP-La Liga,2021,Celta Vigo,25,38.0,43,405,135,33.3,10.66,3.55,0.1,0.3,18.3,14,3,6,43.1,38.3,0.1,-0.1,1.7,/en/squads/f25da7fb/2021-2022/Celta-Vigo-Stats,2022
ESP-La Liga,2021,Cádiz,33,38.0,35,405,118,29.1,10.66,3.11,0.08,0.27,17.9,14,3,6,39.5,34.8,0.09,-4.5,-2.8,/en/squads/ee7c297c/2021-2022/Cadiz-Stats,2022
ESP-La Liga,2021,Elche,28,38.0,39,334,106,31.7,8.79,2.79,0.11,0.36,18.0,8,1,1,33.7,32.9,0.1,5.3,5.1,/en/squads/6c8b07df/2021-2022/Elche-Stats,2022
ESP-La Liga,2021,Espanyol,34,38.0,39,403,128,31.8,10.61,3.37,0.08,0.27,19.5,24,5,5,36.7,32.9,0.08,2.3,1.1,/en/squads/a8661628/2021-2022/Espanyol-Stats,2022
ESP-La Liga,2021,Getafe,31,38.0,31,404,111,27.5,10.63,2.92,0.07,0.25,20.6,29,3,5,29.3,25.3,0.06,1.7,2.7,/en/squads/7848bd64/2021-2022/Getafe-Stats,2022
ESP-La Liga,2021,Granada,32,38.0,43,421,131,31.1,11.08,3.45,0.1,0.31,19.2,12,3,5,39.0,35.1,0.09,4.0,4.9,/en/squads/a0435291/2021-2022/Granada-Stats,2022
ESP-La Liga,2021,Levante,31,38.0,51,430,146,34.0,11.32,3.84,0.1,0.29,17.7,14,8,13,55.1,45.1,0.11,-4.1,-2.1,/en/squads/9800b6a1/2021-2022/Levante-Stats,2022
ESP-La Liga,2021,Mallorca,33,38.0,33,440,131,29.8,11.58,3.45,0.06,0.21,19.5,23,6,7,38.8,33.3,0.08,-5.8,-6.3,/en/squads/2aa12281/2021-2022/Mallorca-Stats,2022
ESP-La Liga,2021,Osasuna,29,38.0,37,425,114,26.8,11.18,3.0,0.07,0.27,19.6,11,6,8,36.7,30.7,0.07,0.3,0.3,/en/squads/03c57e2b/2021-2022/Osasuna-Stats,2022
ESP-La Liga,2021,Rayo Vallecano,28,38.0,38,500,133,26.6,13.16,3.5,0.07,0.26,18.5,27,4,4,42.8,39.7,0.08,-4.8,-5.7,/en/squads/98e8af82/2021-2022/Rayo-Vallecano-Stats,2022
ESP-La Liga,2021,Real Madrid,31,38.0,80,645,243,37.7,16.97,6.39,0.11,0.3,18.8,21,8,12,71.7,62.2,0.1,8.3,9.8,/en/squads/53a2f082/2021-2022/Real-Madrid-Stats,2022
ESP-La Liga,2021,Real Sociedad,32,38.0,40,430,143,33.3,11.32,3.76,0.07,0.22,17.1,18,9,10,51.5,43.8,0.1,-11.5,-12.8,/en/squads/e31d1cd9/2021-2022/Real-Sociedad-Stats,2022
ESP-La Liga,2021,Sevilla,33,38.0,51,430,139,32.3,11.32,3.66,0.11,0.35,17.0,10,2,3,42.4,40.0,0.09,8.6,9.0,/en/squads/ad2be733/2021-2022/Sevilla-Stats,2022
ESP-La Liga,2021,Valencia,34,38.0,45,394,129,32.7,10.37,3.39,0.09,0.29,18.9,18,8,9,39.0,32.2,0.08,6.0,4.8,/en/squads/dcc91a7b/2021-2022/Valencia-Stats,2022
ESP-La Liga,2021,Villarreal,29,38.0,62,449,164,36.5,11.82,4.32,0.13,0.35,15.3,8,5,6,64.2,60.0,0.14,-2.2,-3.0,/en/squads/2a8183b3/2021-2022/Villarreal-Stats,2022
ESP-La Liga,2022,Almería,29,38.0,49,439,155,35.3,11.55,4.08,0.11,0.3,18.1,21,2,3,45.5,43.2,0.1,3.5,3.8,/en/squads/78ecf4bb/Almeria-Stats,2023
ESP-La Liga,2022,Athletic Club,26,38.0,46,541,157,29.0,14.24,4.13,0.08,0.26,17.1,13,5,7,54.2,48.7,0.09,-8.2,-7.7,/en/squads/2b390eca/Athletic-Club-Stats,2023
ESP-La Liga,2022,Atlético Madrid,27,38.0,68,538,195,36.2,14.16,5.13,0.12,0.34,17.0,9,1,1,62.3,61.5,0.12,5.7,5.5,/en/squads/db3b9613/Atletico-Madrid-Stats,2023
ESP-La Liga,2022,Barcelona,29,38.0,69,570,187,32.8,15.0,4.92,0.12,0.37,15.8,20,0,2,75.5,74.0,0.14,-6.5,-5.0,/en/squads/206d90db/Barcelona-Stats,2023
ESP-La Liga,2022,Betis,30,38.0,43,411,138,33.6,10.82,3.63,0.09,0.25,18.1,21,8,9,51.8,44.8,0.11,-8.8,-9.8,/en/squads/fc536746/Real-Betis-Stats,2023
ESP-La Liga,2022,Celta Vigo,26,38.0,41,470,160,34.0,12.37,4.21,0.08,0.24,19.0,19,2,3,42.8,40.4,0.09,-1.8,-1.4,/en/squads/f25da7fb/Celta-Vigo-Stats,2023
ESP-La Liga,2022,Cádiz,38,38.0,29,390,108,27.7,10.26,2.84,0.06,0.23,18.2,12,4,5,41.6,37.7,0.1,-12.6,-12.7,/en/squads/ee7c297c/Cadiz-Stats,2023
ESP-La Liga,2022,Elche,32,38.0,30,400,124,31.0,10.53,3.26,0.07,0.21,16.9,10,4,5,37.5,33.6,0.09,-7.5,-7.6,/en/squads/6c8b07df/Elche-Stats,2023
ESP-La Liga,2022,Espanyol,33,38.0,51,417,151,36.2,10.97,3.97,0.11,0.3,17.3,13,5,5,48.3,44.4,0.11,2.7,1.6,/en/squads/a8661628/Espanyol-Stats,2023
ESP-La Liga,2022,Getafe,25,38.0,34,365,116,31.8,9.61,3.05,0.08,0.25,18.0,19,5,8,36.7,30.4,0.09,-2.7,-1.4,/en/squads/7848bd64/Getafe-Stats,2023
ESP-La Liga,2022,Girona,29,38.0,55,446,160,35.9,11.74,4.21,0.11,0.29,17.2,6,8,9,50.4,43.6,0.1,4.6,3.4,/en/squads/9024a00a/Girona-Stats,2023
ESP-La Liga,2022,Mallorca,31,38.0,36,324,107,33.0,8.53,2.82,0.1,0.3,17.4,8,4,5,35.2,31.1,0.1,0.8,0.9,/en/squads/2aa12281/Mallorca-Stats,2023
ESP-La Liga,2022,Osasuna,26,38.0,36,441,133,30.2,11.61,3.5,0.07,0.24,18.7,7,4,5,39.4,35.5,0.08,-3.4,-3.5,/en/squads/03c57e2b/Osasuna-Stats,2023
ESP-La Liga,2022,Rayo Vallecano,28,38.0,41,510,146,28.6,13.42,3.84,0.07,0.25,20.6,24,4,8,43.9,37.8,0.08,-2.9,-0.8,/en/squads/98e8af82/Rayo-Vallecano-Stats,2023
ESP-La Liga,2022,Real Madrid,26,38.0,73,634,206,32.5,16.68,5.42,0.1,0.31,18.6,32,9,12,75.5,66.1,0.11,-2.5,-2.1,/en/squads/53a2f082/Real-Madrid-Stats,2023
ESP-La Liga,2022,Real Sociedad,30,38.0,47,465,173,37.2,12.24,4.55,0.1,0.26,17.4,15,2,4,52.7,49.6,0.11,-5.7,-4.6,/en/squads/e31d1cd9/Real-Sociedad-Stats,2023
ESP-La Liga,2022,Sevilla,35,38.0,47,463,141,30.5,12.18,3.71,0.09,0.3,18.1,17,4,5,46.3,42.4,0.09,0.7,0.6,/en/squads/ad2be733/Sevilla-Stats,2023
ESP-La Liga,2022,Valencia,28,38.0,40,480,140,29.2,12.63,3.68,0.07,0.25,17.5,18,5,8,49.3,43.0,0.09,-9.3,-8.0,/en/squads/dcc91a7b/Valencia-Stats,2023
ESP-La Liga,2022,Valladolid,36,38.0,32,443,137,30.9,11.66,3.61,0.07,0.21,19.6,19,3,4,38.6,35.5,0.08,-6.6,-6.5,/en/squads/17859612/Valladolid-Stats,2023
ESP-La Liga,2022,Villarreal,32,38.0,57,499,188,37.7,13.13,4.95,0.11,0.28,18.0,22,4,7,61.7,56.1,0.12,-4.7,-3.1,/en/squads/2a8183b3/Villarreal-Stats,2023
FRA-Ligue 1,2017,Amiens,30,38.0,36,356,95,26.7,9.37,2.5,0.09,0.35,19.8,14,3,4,32.8,29.8,0.08,3.2,3.2,/en/squads/25622401/2017-2018/Amiens-Stats,2018
FRA-Ligue 1,2017,Angers,27,38.0,41,458,151,33.0,12.05,3.97,0.08,0.25,18.8,21,4,4,47.6,44.5,0.1,-6.6,-7.5,/en/squads/69236f98/2017-2018/Angers-Stats,2018
FRA-Ligue 1,2017,Bordeaux,31,38.0,52,465,143,30.8,12.24,3.76,0.1,0.34,19.1,22,4,6,51.0,46.1,0.1,1.0,1.9,/en/squads/123f3efe/2017-2018/Bordeaux-Stats,2018
FRA-Ligue 1,2017,Caen,26,38.0,25,452,119,26.3,11.89,3.13,0.04,0.17,20.4,12,5,8,42.8,36.6,0.08,-17.8,-16.6,/en/squads/74229020/2017-2018/Caen-Stats,2018
FRA-Ligue 1,2017,Dijon,26,38.0,52,435,154,35.4,11.45,4.05,0.11,0.31,19.6,26,5,5,41.6,37.8,0.09,10.4,9.2,/en/squads/8dfb7350/2017-2018/Dijon-Stats,2018
FRA-Ligue 1,2017,Guingamp,23,38.0,46,442,156,35.3,11.63,4.11,0.09,0.26,18.8,32,6,7,45.5,40.1,0.09,0.5,-0.1,/en/squads/d41b5f53/2017-2018/Guingamp-Stats,2018
FRA-Ligue 1,2017,Lille,25,38.0,41,429,139,32.4,11.29,3.66,0.09,0.28,20.7,22,2,2,36.4,34.8,0.08,4.6,4.2,/en/squads/cb188c0c/2017-2018/Lille-Stats,2018
FRA-Ligue 1,2017,Lyon,26,38.0,85,574,220,38.3,15.11,5.79,0.14,0.36,19.0,53,6,7,63.4,58.3,0.1,21.6,20.7,/en/squads/d53c0b06/2017-2018/Lyon-Stats,2018
FRA-Ligue 1,2017,Marseille,26,38.0,79,619,219,35.4,16.29,5.76,0.12,0.34,17.7,22,5,8,78.1,71.7,0.12,0.9,2.3,/en/squads/5725cc7b/2017-2018/Marseille-Stats,2018
FRA-Ligue 1,2017,Metz,36,38.0,33,426,156,36.6,11.21,4.11,0.07,0.19,19.9,16,3,4,40.3,37.2,0.09,-7.3,-7.2,/en/squads/f83960ae/2017-2018/Metz-Stats,2018
FRA-Ligue 1,2017,Monaco,32,38.0,83,483,169,35.0,12.71,4.45,0.16,0.45,17.9,34,7,8,62.3,56.1,0.12,20.7,19.9,/en/squads/fd6114db/2017-2018/Monaco-Stats,2018
FRA-Ligue 1,2017,Montpellier,23,38.0,36,490,154,31.4,12.89,4.05,0.07,0.23,20.5,25,0,2,42.6,41.0,0.09,-6.6,-5.0,/en/squads/281b0e73/2017-2018/Montpellier-Stats,2018
FRA-Ligue 1,2017,Nantes,30,38.0,36,496,129,26.0,13.05,3.39,0.06,0.25,19.9,34,4,5,41.8,37.9,0.08,-5.8,-5.9,/en/squads/d7a486cd/2017-2018/Nantes-Stats,2018
FRA-Ligue 1,2017,Nice,31,38.0,52,475,170,35.8,12.5,4.47,0.09,0.26,19.9,33,8,10,49.2,41.7,0.09,2.8,2.3,/en/squads/132ebc33/2017-2018/Nice-Stats,2018
FRA-Ligue 1,2017,Paris S-G,28,38.0,100,615,238,38.7,16.18,6.26,0.15,0.39,17.4,36,7,9,86.1,79.3,0.13,13.9,13.7,/en/squads/e2d8892c/2017-2018/Paris-Saint-Germain-Stats,2018
FRA-Ligue 1,2017,Rennes,28,38.0,48,461,135,29.3,12.13,3.55,0.09,0.31,19.6,29,6,8,49.8,43.6,0.1,-1.8,-1.6,/en/squads/b3072e00/2017-2018/Rennes-Stats,2018
FRA-Ligue 1,2017,Saint-Étienne,30,38.0,45,412,139,33.7,10.84,3.66,0.09,0.27,19.1,18,7,11,51.0,42.8,0.11,-6.0,-4.8,/en/squads/d298ef2c/2017-2018/Saint-Etienne-Stats,2018
FRA-Ligue 1,2017,Strasbourg,25,38.0,43,445,121,27.2,11.71,3.18,0.08,0.3,19.2,21,7,7,45.5,40.0,0.09,-2.5,-4.0,/en/squads/c0d3eab4/2017-2018/Strasbourg-Stats,2018
FRA-Ligue 1,2017,Toulouse,25,38.0,35,421,132,31.4,11.08,3.47,0.06,0.2,18.9,26,8,11,45.5,37.0,0.09,-10.5,-10.0,/en/squads/3f8c4b5f/2017-2018/Toulouse-Stats,2018
FRA-Ligue 1,2017,Troyes,25,38.0,30,358,118,33.0,9.42,3.11,0.08,0.24,18.7,16,2,3,38.0,35.7,0.1,-8.0,-7.7,/en/squads/54195385/2017-2018/Troyes-Stats,2018
FRA-Ligue 1,2018,Amiens,26,38.0,30,385,112,29.1,10.13,2.95,0.07,0.25,20.0,19,2,3,35.4,33.0,0.09,-5.4,-5.0,/en/squads/25622401/2018-2019/Amiens-Stats,2019
FRA-Ligue 1,2018,Angers,24,38.0,42,442,144,32.6,11.63,3.79,0.08,0.26,18.8,19,5,10,50.7,42.8,0.1,-8.7,-5.8,/en/squads/69236f98/2018-2019/Angers-Stats,2019
FRA-Ligue 1,2018,Bordeaux,33,38.0,34,421,131,31.1,11.08,3.45,0.07,0.22,20.2,22,5,6,39.7,35.0,0.09,-5.7,-6.0,/en/squads/123f3efe/2018-2019/Bordeaux-Stats,2019
FRA-Ligue 1,2018,Caen,26,38.0,29,331,90,27.2,8.71,2.37,0.08,0.28,20.5,17,4,4,31.0,27.9,0.09,-2.0,-2.9,/en/squads/74229020/2018-2019/Caen-Stats,2019
FRA-Ligue 1,2018,Dijon,26,38.0,29,451,138,30.6,11.87,3.63,0.06,0.19,19.9,25,3,4,39.8,36.6,0.08,-10.8,-10.6,/en/squads/8dfb7350/2018-2019/Dijon-Stats,2019
FRA-Ligue 1,2018,Guingamp,30,38.0,28,411,108,26.3,10.82,2.84,0.06,0.21,18.9,17,5,6,40.4,35.7,0.09,-12.4,-12.7,/en/squads/d41b5f53/2018-2019/Guingamp-Stats,2019
FRA-Ligue 1,2018,Lille,25,38.0,66,485,180,37.1,12.76,4.74,0.11,0.31,19.5,26,11,13,59.5,49.3,0.1,6.5,5.7,/en/squads/cb188c0c/2018-2019/Lille-Stats,2019
FRA-Ligue 1,2018,Lyon,25,38.0,70,663,241,36.3,17.45,6.34,0.1,0.27,18.1,48,5,10,73.7,66.1,0.1,-3.7,-1.1,/en/squads/d53c0b06/2018-2019/Lyon-Stats,2019
FRA-Ligue 1,2018,Marseille,24,38.0,59,525,164,31.2,13.82,4.32,0.1,0.34,18.0,21,4,5,52.7,48.9,0.09,6.3,6.1,/en/squads/5725cc7b/2018-2019/Marseille-Stats,2019
FRA-Ligue 1,2018,Monaco,42,38.0,38,462,149,32.3,12.16,3.92,0.07,0.23,18.4,25,4,5,47.4,43.5,0.1,-9.4,-9.5,/en/squads/fd6114db/2018-2019/Monaco-Stats,2019
FRA-Ligue 1,2018,Montpellier,25,38.0,50,507,163,32.1,13.34,4.29,0.09,0.29,19.6,29,3,3,50.1,47.7,0.1,-0.1,-0.7,/en/squads/281b0e73/2018-2019/Montpellier-Stats,2019
FRA-Ligue 1,2018,Nantes,33,38.0,46,509,143,28.1,13.39,3.76,0.08,0.28,20.3,23,6,8,49.1,42.8,0.09,-3.1,-2.8,/en/squads/d7a486cd/2018-2019/Nantes-Stats,2019
FRA-Ligue 1,2018,Nice,30,38.0,28,432,121,28.0,11.37,3.18,0.05,0.19,19.5,31,5,9,46.3,39.2,0.09,-18.3,-16.2,/en/squads/132ebc33/2018-2019/Nice-Stats,2019
FRA-Ligue 1,2018,Nîmes,23,38.0,55,514,175,34.0,13.53,4.61,0.1,0.29,19.3,26,4,6,50.0,45.3,0.09,5.0,5.7,/en/squads/1cbf5f9e/2018-2019/Nimes-Stats,2019
FRA-Ligue 1,2018,Paris S-G,30,38.0,103,549,206,37.5,14.45,5.42,0.17,0.45,16.8,29,10,12,88.9,79.5,0.15,14.1,13.5,/en/squads/e2d8892c/2018-2019/Paris-Saint-Germain-Stats,2019
FRA-Ligue 1,2018,Reims,27,38.0,39,404,132,32.7,10.63,3.47,0.09,0.28,18.5,14,2,2,38.1,36.5,0.09,0.9,0.5,/en/squads/7fdd64e0/2018-2019/Reims-Stats,2019
FRA-Ligue 1,2018,Rennes,28,38.0,52,461,147,31.9,12.13,3.87,0.1,0.31,19.0,48,7,10,55.6,47.8,0.11,-3.6,-2.8,/en/squads/b3072e00/2018-2019/Rennes-Stats,2019
FRA-Ligue 1,2018,Saint-Étienne,29,38.0,56,493,166,33.7,12.97,4.37,0.1,0.31,18.2,18,5,5,56.7,52.7,0.12,-0.7,-1.7,/en/squads/d298ef2c/2018-2019/Saint-Etienne-Stats,2019
FRA-Ligue 1,2018,Strasbourg,26,38.0,57,396,144,36.4,10.42,3.79,0.13,0.36,19.2,11,5,7,41.3,35.8,0.09,15.7,16.2,/en/squads/c0d3eab4/2018-2019/Strasbourg-Stats,2019
FRA-Ligue 1,2018,Toulouse,29,38.0,35,422,119,28.2,11.11,3.13,0.07,0.24,18.8,19,7,11,45.7,37.1,0.09,-10.7,-9.1,/en/squads/3f8c4b5f/2018-2019/Toulouse-Stats,2019
FRA-Ligue 1,2019,Amiens,27,28.0,30,229,77,33.6,8.18,2.75,0.12,0.35,19.3,13,3,5,27.4,23.4,0.1,2.6,3.6,/en/squads/25622401/2019-2020/Amiens-Stats,2020
FRA-Ligue 1,2019,Angers,26,28.0,27,363,113,31.1,12.96,4.04,0.07,0.23,19.2,16,1,1,29.3,28.5,0.08,-2.3,-2.5,/en/squads/69236f98/2019-2020/Angers-Stats,2020
FRA-Ligue 1,2019,Bordeaux,26,28.0,40,308,106,34.4,11.0,3.79,0.12,0.36,19.8,21,2,2,30.4,28.8,0.09,9.6,9.2,/en/squads/123f3efe/2019-2020/Bordeaux-Stats,2020
FRA-Ligue 1,2019,Brest,24,28.0,32,320,97,30.3,11.43,3.46,0.1,0.32,19.2,7,1,5,30.7,26.8,0.08,1.3,4.2,/en/squads/fb08dbb3/2019-2020/Brest-Stats,2020
FRA-Ligue 1,2019,Dijon,28,28.0,26,335,100,29.9,11.96,3.57,0.07,0.25,18.7,11,1,1,30.5,29.9,0.09,-4.5,-4.9,/en/squads/8dfb7350/2019-2020/Dijon-Stats,2020
FRA-Ligue 1,2019,Lille,25,28.0,35,342,121,35.4,12.21,4.32,0.09,0.25,18.6,10,5,8,40.3,34.0,0.1,-5.3,-4.0,/en/squads/cb188c0c/2019-2020/Lille-Stats,2020
FRA-Ligue 1,2019,Lyon,27,28.0,42,354,130,36.7,12.64,4.64,0.1,0.28,19.1,15,5,6,37.6,33.0,0.09,4.4,4.0,/en/squads/d53c0b06/2019-2020/Lyon-Stats,2020
FRA-Ligue 1,2019,Marseille,23,28.0,38,370,115,31.1,13.21,4.11,0.09,0.3,19.7,20,4,6,36.2,31.6,0.09,1.8,2.4,/en/squads/5725cc7b/2019-2020/Marseille-Stats,2020
FRA-Ligue 1,2019,Metz,24,28.0,27,306,96,31.4,10.93,3.43,0.08,0.26,20.7,19,2,4,27.1,24.0,0.08,-0.1,1.0,/en/squads/f83960ae/2019-2020/Metz-Stats,2020
FRA-Ligue 1,2019,Monaco,28,28.0,44,376,135,35.9,13.43,4.82,0.11,0.3,16.9,16,4,4,48.9,45.7,0.13,-4.9,-5.7,/en/squads/fd6114db/2019-2020/Monaco-Stats,2020
FRA-Ligue 1,2019,Montpellier,27,28.0,33,348,112,32.2,12.43,4.0,0.09,0.28,19.2,22,2,5,35.3,31.3,0.09,-2.3,-0.3,/en/squads/281b0e73/2019-2020/Montpellier-Stats,2020
FRA-Ligue 1,2019,Nantes,29,28.0,23,332,112,33.7,11.86,4.0,0.06,0.19,20.1,9,2,2,30.2,28.7,0.09,-7.2,-7.7,/en/squads/d7a486cd/2019-2020/Nantes-Stats,2020
FRA-Ligue 1,2019,Nice,31,28.0,41,334,125,37.4,11.93,4.46,0.11,0.29,18.9,25,5,5,35.7,31.9,0.1,5.3,4.1,/en/squads/132ebc33/2019-2020/Nice-Stats,2020
FRA-Ligue 1,2019,Nîmes,28,28.0,29,355,105,29.6,12.68,3.75,0.08,0.26,19.4,12,2,2,30.3,28.7,0.08,-1.3,-1.7,/en/squads/1cbf5f9e/2019-2020/Nimes-Stats,2020
FRA-Ligue 1,2019,Paris S-G,31,27.0,71,441,186,42.2,16.33,6.89,0.15,0.35,15.9,21,6,8,74.2,67.9,0.16,-3.2,-2.9,/en/squads/e2d8892c/2019-2020/Paris-Saint-Germain-Stats,2020
FRA-Ligue 1,2019,Reims,26,28.0,26,333,87,26.1,11.89,3.11,0.06,0.24,19.3,14,5,5,30.6,26.7,0.08,-4.6,-5.7,/en/squads/7fdd64e0/2019-2020/Reims-Stats,2020
FRA-Ligue 1,2019,Rennes,26,28.0,37,336,108,32.1,12.0,3.86,0.1,0.31,19.0,27,3,5,37.1,33.4,0.1,-0.1,0.6,/en/squads/b3072e00/2019-2020/Rennes-Stats,2020
FRA-Ligue 1,2019,Saint-Étienne,31,28.0,28,304,97,31.9,10.86,3.46,0.08,0.24,19.0,15,5,5,31.4,27.6,0.09,-3.4,-4.6,/en/squads/d298ef2c/2019-2020/Saint-Etienne-Stats,2020
FRA-Ligue 1,2019,Strasbourg,25,27.0,32,323,105,32.5,11.96,3.89,0.09,0.28,18.3,13,3,4,34.2,31.1,0.1,-2.2,-2.1,/en/squads/c0d3eab4/2019-2020/Strasbourg-Stats,2020
FRA-Ligue 1,2019,Toulouse,30,28.0,21,310,90,29.0,11.07,3.21,0.05,0.19,18.5,12,4,6,31.7,27.2,0.09,-10.7,-10.2,/en/squads/3f8c4b5f/2019-2020/Toulouse-Stats,2020
FRA-Ligue 1,2020,Angers,31,38.0,40,401,135,33.7,10.55,3.55,0.09,0.26,18.9,18,5,6,41.6,36.9,0.09,-1.6,-1.9,/en/squads/69236f98/2020-2021/Angers-Stats,2021
FRA-Ligue 1,2020,Bordeaux,28,38.0,41,417,137,32.9,10.97,3.61,0.09,0.27,17.4,20,4,4,43.5,40.4,0.1,-2.5,-3.4,/en/squads/123f3efe/2020-2021/Bordeaux-Stats,2021
FRA-Ligue 1,2020,Brest,26,38.0,48,445,155,34.8,11.71,4.08,0.1,0.29,17.2,26,3,4,50.0,46.8,0.11,-2.0,-1.8,/en/squads/fb08dbb3/2020-2021/Brest-Stats,2021
FRA-Ligue 1,2020,Dijon,33,38.0,25,345,87,25.2,9.08,2.29,0.06,0.25,18.2,9,3,5,33.7,29.9,0.09,-8.7,-7.9,/en/squads/8dfb7350/2020-2021/Dijon-Stats,2021
FRA-Ligue 1,2020,Lens,27,38.0,53,434,133,30.6,11.42,3.5,0.1,0.32,18.5,22,10,12,56.4,47.3,0.11,-3.4,-4.3,/en/squads/fd4e0f7d/2020-2021/Lens-Stats,2021
FRA-Ligue 1,2020,Lille,21,38.0,62,481,178,37.0,12.66,4.68,0.12,0.32,19.6,22,5,5,48.5,44.5,0.09,13.5,12.5,/en/squads/cb188c0c/2020-2021/Lille-Stats,2021
FRA-Ligue 1,2020,Lorient,27,38.0,49,416,130,31.3,10.95,3.42,0.1,0.31,20.2,30,9,10,48.6,41.4,0.1,0.4,-1.4,/en/squads/d2c87802/2020-2021/Lorient-Stats,2021
FRA-Ligue 1,2020,Lyon,29,38.0,76,601,222,36.9,15.82,5.84,0.11,0.29,17.2,23,11,11,81.4,73.0,0.12,-5.4,-8.0,/en/squads/d53c0b06/2020-2021/Lyon-Stats,2021
FRA-Ligue 1,2020,Marseille,31,38.0,53,374,128,34.2,9.84,3.37,0.13,0.38,18.1,17,4,7,47.0,41.6,0.11,6.0,7.4,/en/squads/5725cc7b/2020-2021/Marseille-Stats,2021
FRA-Ligue 1,2020,Metz,27,38.0,42,425,127,29.9,11.18,3.34,0.08,0.28,20.6,31,7,11,44.1,35.8,0.08,-2.1,-0.8,/en/squads/f83960ae/2020-2021/Metz-Stats,2021
FRA-Ligue 1,2020,Monaco,30,38.0,76,471,160,34.0,12.39,4.21,0.14,0.4,17.2,21,12,15,68.7,56.9,0.12,7.3,7.1,/en/squads/fd6114db/2020-2021/Monaco-Stats,2021
FRA-Ligue 1,2020,Montpellier,25,38.0,60,459,168,36.6,12.08,4.42,0.13,0.35,17.1,27,2,5,51.9,48.1,0.11,8.1,9.9,/en/squads/281b0e73/2020-2021/Montpellier-Stats,2021
FRA-Ligue 1,2020,Nantes,25,38.0,47,402,120,29.9,10.58,3.16,0.1,0.33,18.9,17,8,9,49.0,42.2,0.11,-2.0,-3.2,/en/squads/d7a486cd/2020-2021/Nantes-Stats,2021
FRA-Ligue 1,2020,Nice,31,38.0,49,402,138,34.3,10.58,3.63,0.1,0.3,17.8,17,7,7,48.0,42.7,0.11,1.0,-0.7,/en/squads/132ebc33/2020-2021/Nice-Stats,2021
FRA-Ligue 1,2020,Nîmes,33,38.0,40,384,131,34.1,10.11,3.45,0.09,0.25,18.6,17,7,8,43.3,37.0,0.1,-3.3,-4.0,/en/squads/1cbf5f9e/2020-2021/Nimes-Stats,2021
FRA-Ligue 1,2020,Paris S-G,33,38.0,84,557,200,35.9,14.66,5.26,0.13,0.36,17.0,33,12,13,80.1,70.1,0.13,3.9,1.9,/en/squads/e2d8892c/2020-2021/Paris-Saint-Germain-Stats,2021
FRA-Ligue 1,2020,Reims,29,38.0,39,358,122,34.1,9.42,3.21,0.09,0.28,19.4,15,5,5,32.7,28.9,0.08,6.3,5.1,/en/squads/7fdd64e0/2020-2021/Reims-Stats,2021
FRA-Ligue 1,2020,Rennes,32,38.0,50,510,159,31.2,13.42,4.18,0.09,0.3,18.3,32,3,3,47.8,45.4,0.09,2.2,1.6,/en/squads/b3072e00/2020-2021/Rennes-Stats,2021
FRA-Ligue 1,2020,Saint-Étienne,40,38.0,40,432,140,32.4,11.37,3.68,0.08,0.24,18.2,17,6,9,48.7,41.8,0.1,-8.7,-7.8,/en/squads/d298ef2c/2020-2021/Saint-Etienne-Stats,2021
FRA-Ligue 1,2020,Strasbourg,26,38.0,49,419,129,30.8,11.03,3.39,0.09,0.3,18.7,17,10,12,52.8,43.4,0.11,-3.8,-4.4,/en/squads/c0d3eab4/2020-2021/Strasbourg-Stats,2021
FRA-Ligue 1,2021,Angers,30,38.0,41,384,123,32.0,10.11,3.24,0.08,0.26,18.2,18,9,9,46.5,39.5,0.11,-5.5,-7.5,/en/squads/69236f98/2021-2022/Angers-Stats,2022
FRA-Ligue 1,2021,Bordeaux,39,38.0,50,446,145,32.5,11.74,3.82,0.11,0.33,19.2,16,2,4,44.9,41.9,0.1,5.1,6.1,/en/squads/123f3efe/2021-2022/Bordeaux-Stats,2022
FRA-Ligue 1,2021,Brest,25,38.0,48,394,138,35.0,10.37,3.63,0.1,0.3,17.4,12,7,8,43.4,37.0,0.1,4.6,4.0,/en/squads/fb08dbb3/2021-2022/Brest-Stats,2022
FRA-Ligue 1,2021,Clermont Foot,28,38.0,36,436,134,30.7,11.47,3.53,0.08,0.25,17.7,10,2,3,44.4,41.9,0.1,-8.4,-7.9,/en/squads/d9676424/2021-2022/Clermont-Foot-Stats,2022
FRA-Ligue 1,2021,Lens,28,38.0,60,511,183,35.8,13.45,4.82,0.11,0.3,18.6,14,5,5,50.2,46.4,0.09,9.8,8.6,/en/squads/fd4e0f7d/2021-2022/Lens-Stats,2022
FRA-Ligue 1,2021,Lille,26,38.0,45,461,150,32.5,12.13,3.95,0.09,0.27,17.4,15,4,5,50.5,46.6,0.1,-5.5,-5.6,/en/squads/cb188c0c/2021-2022/Lille-Stats,2022
FRA-Ligue 1,2021,Lorient,29,38.0,35,442,146,33.0,11.63,3.84,0.07,0.22,19.3,32,3,3,41.3,39.0,0.09,-6.3,-7.0,/en/squads/d2c87802/2021-2022/Lorient-Stats,2022
FRA-Ligue 1,2021,Lyon,30,38.0,64,546,192,35.2,14.37,5.05,0.1,0.29,17.1,18,8,8,66.9,60.7,0.11,-2.9,-4.7,/en/squads/d53c0b06/2021-2022/Lyon-Stats,2022
FRA-Ligue 1,2021,Marseille,27,38.0,61,489,157,32.1,12.87,4.13,0.1,0.32,17.8,28,10,10,58.2,50.5,0.1,2.8,0.5,/en/squads/5725cc7b/2021-2022/Marseille-Stats,2022
FRA-Ligue 1,2021,Metz,36,38.0,33,370,112,30.3,9.74,2.95,0.09,0.29,20.5,16,1,1,29.2,28.4,0.08,3.8,3.6,/en/squads/f83960ae/2021-2022/Metz-Stats,2022
FRA-Ligue 1,2021,Monaco,27,38.0,62,445,153,34.4,11.71,4.03,0.12,0.35,17.3,17,9,9,59.3,52.3,0.12,2.7,0.7,/en/squads/fd6114db/2021-2022/Monaco-Stats,2022
FRA-Ligue 1,2021,Montpellier,26,38.0,48,433,151,34.9,11.39,3.97,0.1,0.3,19.6,38,3,4,42.7,39.6,0.09,5.3,5.4,/en/squads/281b0e73/2021-2022/Montpellier-Stats,2022
FRA-Ligue 1,2021,Nantes,26,38.0,53,420,145,34.5,11.05,3.82,0.11,0.33,17.2,13,5,5,45.5,41.6,0.1,7.5,6.4,/en/squads/d7a486cd/2021-2022/Nantes-Stats,2022
FRA-Ligue 1,2021,Nice,27,38.0,52,442,144,32.6,11.63,3.79,0.1,0.31,16.9,12,8,10,55.6,48.0,0.11,-3.6,-4.0,/en/squads/132ebc33/2021-2022/Nice-Stats,2022
FRA-Ligue 1,2021,Paris S-G,36,38.0,88,555,202,36.4,14.61,5.32,0.15,0.4,17.3,29,7,8,76.7,70.6,0.13,11.3,10.4,/en/squads/e2d8892c/2021-2022/Paris-Saint-Germain-Stats,2022
FRA-Ligue 1,2021,Reims,35,38.0,42,389,137,35.2,10.24,3.61,0.1,0.28,18.5,5,4,6,37.7,32.8,0.09,4.3,5.2,/en/squads/7fdd64e0/2021-2022/Reims-Stats,2022
FRA-Ligue 1,2021,Rennes,28,38.0,81,548,194,35.4,14.42,5.11,0.14,0.4,16.1,14,4,4,62.8,59.6,0.11,18.2,17.4,/en/squads/b3072e00/2021-2022/Rennes-Stats,2022
FRA-Ligue 1,2021,Saint-Étienne,39,38.0,41,434,141,32.5,11.42,3.71,0.08,0.26,20.0,23,5,5,38.3,34.5,0.08,2.7,1.5,/en/squads/d298ef2c/2021-2022/Saint-Etienne-Stats,2022
FRA-Ligue 1,2021,Strasbourg,26,38.0,56,470,150,31.9,12.37,3.95,0.11,0.33,16.8,10,6,8,55.6,49.4,0.11,0.4,0.6,/en/squads/c0d3eab4/2021-2022/Strasbourg-Stats,2022
FRA-Ligue 1,2021,Troyes,35,38.0,35,379,120,31.7,9.97,3.16,0.08,0.24,18.7,9,6,7,39.2,33.8,0.09,-4.2,-4.8,/en/squads/54195385/2021-2022/Troyes-Stats,2022
FRA-Ligue 1,2022,Ajaccio,36,38.0,22,311,81,26.0,8.18,2.13,0.05,0.2,18.1,12,6,9,36.1,29.4,0.1,-14.1,-13.4,/en/squads/7a54bb4f/Ajaccio-Stats,2023
FRA-Ligue 1,2022,Angers,33,38.0,31,367,121,33.0,9.66,3.18,0.07,0.22,17.5,18,4,4,40.9,37.8,0.11,-9.9,-10.8,/en/squads/69236f98/Angers-Stats,2023
FRA-Ligue 1,2022,Auxerre,33,38.0,32,420,117,27.9,11.05,3.08,0.06,0.21,19.6,15,7,9,42.7,35.7,0.09,-10.7,-10.7,/en/squads/5ae09109/Auxerre-Stats,2023
FRA-Ligue 1,2022,Brest,29,38.0,43,417,132,31.7,10.97,3.47,0.09,0.27,17.4,13,7,8,43.3,37.1,0.09,-0.3,-1.1,/en/squads/fb08dbb3/Brest-Stats,2023
FRA-Ligue 1,2022,Clermont Foot,28,38.0,44,393,139,35.4,10.34,3.66,0.09,0.27,18.3,16,7,10,47.5,39.6,0.1,-3.5,-2.6,/en/squads/d9676424/Clermont-Foot-Stats,2023
FRA-Ligue 1,2022,Lens,29,38.0,66,518,177,34.2,13.63,4.66,0.12,0.34,16.4,6,6,9,66.9,60.0,0.12,-0.9,0.0,/en/squads/fd4e0f7d/Lens-Stats,2023
FRA-Ligue 1,2022,Lille,26,38.0,65,545,201,36.9,14.34,5.29,0.1,0.27,16.8,16,11,12,68.7,60.0,0.12,-3.7,-6.0,/en/squads/cb188c0c/Lille-Stats,2023
FRA-Ligue 1,2022,Lorient,30,38.0,49,397,149,37.5,10.45,3.92,0.11,0.3,17.9,16,4,6,44.5,39.8,0.1,4.5,5.2,/en/squads/d2c87802/Lorient-Stats,2023
FRA-Ligue 1,2022,Lyon,29,38.0,63,511,199,38.9,13.45,5.24,0.11,0.29,16.7,18,6,8,61.1,54.8,0.11,1.9,2.2,/en/squads/d53c0b06/Lyon-Stats,2023
FRA-Ligue 1,2022,Marseille,30,38.0,61,546,173,31.7,14.37,4.55,0.1,0.32,16.7,16,6,7,65.3,60.0,0.11,-4.3,-5.0,/en/squads/5725cc7b/Marseille-Stats,2023
FRA-Ligue 1,2022,Monaco,27,38.0,69,470,199,42.3,12.37,5.24,0.14,0.32,17.0,10,5,8,62.1,55.7,0.12,6.9,8.3,/en/squads/fd6114db/Monaco-Stats,2023
FRA-Ligue 1,2022,Montpellier,31,38.0,64,435,165,37.9,11.45,4.34,0.13,0.35,18.3,22,7,7,52.2,46.7,0.11,11.8,10.3,/en/squads/281b0e73/Montpellier-Stats,2023
FRA-Ligue 1,2022,Nantes,29,38.0,35,443,151,34.1,11.66,3.97,0.07,0.21,18.1,16,3,5,42.8,39.0,0.09,-7.8,-7.0,/en/squads/d7a486cd/Nantes-Stats,2023
FRA-Ligue 1,2022,Nice,34,38.0,47,507,187,36.9,13.34,4.92,0.08,0.22,17.8,11,6,7,57.2,51.8,0.1,-10.2,-10.8,/en/squads/132ebc33/Nice-Stats,2023
FRA-Ligue 1,2022,Paris S-G,26,38.0,86,562,242,43.1,14.79,6.37,0.14,0.33,16.2,28,5,7,78.2,72.6,0.13,7.8,8.4,/en/squads/e2d8892c/Paris-Saint-Germain-Stats,2023
FRA-Ligue 1,2022,Reims,34,38.0,45,516,165,32.0,13.58,4.34,0.07,0.23,18.1,17,7,8,61.5,55.2,0.11,-16.5,-17.2,/en/squads/7fdd64e0/Reims-Stats,2023
FRA-Ligue 1,2022,Rennes,32,38.0,66,526,189,35.9,13.84,4.97,0.12,0.33,16.3,15,3,3,61.4,59.0,0.12,4.6,4.0,/en/squads/b3072e00/Rennes-Stats,2023
FRA-Ligue 1,2022,Strasbourg,29,38.0,48,442,150,33.9,11.63,3.95,0.1,0.29,17.5,21,5,7,48.5,42.8,0.1,-0.5,0.2,/en/squads/c0d3eab4/Strasbourg-Stats,2023
FRA-Ligue 1,2022,Toulouse,29,38.0,50,453,171,37.7,11.92,4.5,0.1,0.27,16.3,19,4,4,52.5,49.4,0.11,-2.5,-3.4,/en/squads/3f8c4b5f/Toulouse-Stats,2023
FRA-Ligue 1,2022,Troyes,32,38.0,43,390,130,33.3,10.26,3.42,0.1,0.29,18.2,8,5,5,39.1,35.6,0.09,3.9,2.4,/en/squads/54195385/Troyes-Stats,2023
GER-Bundesliga,2017,Augsburg,27,34.0,41,430,141,32.8,12.65,4.15,0.09,0.26,18.1,20,4,4,44.7,41.6,0.1,-3.7,-4.6,/en/squads/0cdc4311/2017-2018/Augsburg-Stats,2018
GER-Bundesliga,2017,Bayern Munich,28,34.0,90,595,226,38.0,17.5,6.65,0.14,0.37,16.8,22,6,8,75.8,69.8,0.12,14.2,14.2,/en/squads/054efa67/2017-2018/Bayern-Munich-Stats,2018
GER-Bundesliga,2017,Dortmund,30,34.0,62,479,167,34.9,14.09,4.91,0.12,0.35,16.6,3,3,6,66.0,61.4,0.13,-4.0,-2.4,/en/squads/add600ae/2017-2018/Dortmund-Stats,2018
GER-Bundesliga,2017,Eint Frankfurt,28,34.0,44,388,145,37.4,11.41,4.26,0.11,0.29,17.3,11,2,2,42.2,40.9,0.11,1.8,1.1,/en/squads/f0ac8ee6/2017-2018/Eintracht-Frankfurt-Stats,2018
GER-Bundesliga,2017,Freiburg,29,34.0,32,374,110,29.4,11.0,3.24,0.07,0.24,19.6,17,6,10,39.6,31.7,0.09,-7.6,-5.7,/en/squads/a486e511/2017-2018/Freiburg-Stats,2018
GER-Bundesliga,2017,Hamburger SV,29,34.0,28,390,129,33.1,11.47,3.79,0.06,0.19,19.0,17,3,5,37.7,33.8,0.09,-9.7,-8.8,/en/squads/26790c6a/2017-2018/Hamburger-SV-Stats,2018
GER-Bundesliga,2017,Hannover 96,26,34.0,44,430,140,32.6,12.65,4.12,0.09,0.29,18.4,17,4,5,44.6,40.6,0.1,-0.6,-0.6,/en/squads/60b5e41f/2017-2018/Hannover-96-Stats,2018
GER-Bundesliga,2017,Hertha BSC,25,34.0,43,315,128,40.6,9.26,3.76,0.12,0.3,17.8,13,4,5,39.2,35.3,0.12,3.8,3.7,/en/squads/2818f8bc/2017-2018/Hertha-BSC-Stats,2018
GER-Bundesliga,2017,Hoffenheim,26,34.0,64,470,172,36.6,13.82,5.06,0.13,0.35,18.1,13,4,5,50.5,46.6,0.1,13.5,13.4,/en/squads/033ea6b8/2017-2018/Hoffenheim-Stats,2018
GER-Bundesliga,2017,Köln,31,34.0,33,385,111,28.8,11.32,3.26,0.08,0.27,18.5,18,3,3,43.2,41.0,0.11,-10.2,-11.0,/en/squads/bc357bf7/2017-2018/Koln-Stats,2018
GER-Bundesliga,2017,Leverkusen,24,34.0,58,505,166,32.9,14.85,4.88,0.11,0.33,17.8,24,3,5,57.5,53.6,0.11,0.5,1.4,/en/squads/c7a9f859/2017-2018/Bayer-Leverkusen-Stats,2018
GER-Bundesliga,2017,M'Gladbach,27,34.0,46,449,149,33.2,13.21,4.38,0.09,0.27,17.7,15,6,7,51.1,45.8,0.1,-5.1,-5.8,/en/squads/32f3ee20/2017-2018/Monchengladbach-Stats,2018
GER-Bundesliga,2017,Mainz 05,27,34.0,38,411,143,34.8,12.09,4.21,0.08,0.24,20.9,17,4,4,35.4,32.3,0.08,2.6,1.7,/en/squads/a224b06a/2017-2018/Mainz-05-Stats,2018
GER-Bundesliga,2017,RB Leipzig,23,34.0,57,484,172,35.5,14.24,5.06,0.11,0.31,18.0,24,4,5,51.9,48.0,0.1,5.1,5.0,/en/squads/acbb6a5b/2017-2018/RB-Leipzig-Stats,2018
GER-Bundesliga,2017,Schalke 04,24,34.0,50,396,153,38.6,11.65,4.5,0.1,0.26,18.4,14,10,10,46.7,38.9,0.1,3.3,1.1,/en/squads/c539e393/2017-2018/Schalke-04-Stats,2018
GER-Bundesliga,2017,Stuttgart,26,34.0,35,362,119,32.9,10.65,3.5,0.09,0.29,18.5,17,1,3,40.3,38.0,0.11,-5.3,-4.0,/en/squads/598bc722/2017-2018/Stuttgart-Stats,2018
GER-Bundesliga,2017,Werder Bremen,25,34.0,34,437,144,33.0,12.85,4.24,0.08,0.24,18.1,22,0,0,38.9,38.9,0.09,-4.9,-4.9,/en/squads/62add3bf/2017-2018/Werder-Bremen-Stats,2018
GER-Bundesliga,2017,Wolfsburg,29,34.0,36,347,113,32.6,10.21,3.32,0.1,0.31,19.7,23,1,6,34.2,29.7,0.09,1.8,5.3,/en/squads/4eaa11d7/2017-2018/Wolfsburg-Stats,2018
GER-Bundesliga,2018,Augsburg,30,34.0,50,450,156,34.7,13.24,4.59,0.1,0.29,18.7,19,5,5,45.3,41.8,0.09,4.7,3.2,/en/squads/0cdc4311/2018-2019/Augsburg-Stats,2019
GER-Bundesliga,2018,Bayern Munich,24,34.0,86,633,252,39.8,18.62,7.41,0.13,0.33,16.1,28,3,4,85.6,82.4,0.13,0.4,0.6,/en/squads/054efa67/2018-2019/Bayern-Munich-Stats,2019
GER-Bundesliga,2018,Dortmund,23,34.0,80,444,176,39.6,13.06,5.18,0.17,0.43,16.9,17,4,4,61.5,58.4,0.14,18.5,17.6,/en/squads/add600ae/2018-2019/Dortmund-Stats,2019
GER-Bundesliga,2018,Düsseldorf,24,34.0,48,410,153,37.3,12.06,4.5,0.1,0.28,18.4,15,5,7,47.1,41.6,0.1,0.9,1.4,/en/squads/b1278397/2018-2019/Dusseldorf-Stats,2019
GER-Bundesliga,2018,Eint Frankfurt,30,34.0,60,416,148,35.6,12.24,4.35,0.13,0.38,16.9,11,4,4,57.2,54.4,0.13,2.8,1.6,/en/squads/f0ac8ee6/2018-2019/Eintracht-Frankfurt-Stats,2019
GER-Bundesliga,2018,Freiburg,28,34.0,44,419,154,36.8,12.32,4.53,0.09,0.25,19.6,17,5,6,40.9,36.2,0.09,3.1,2.8,/en/squads/a486e511/2018-2019/Freiburg-Stats,2019
GER-Bundesliga,2018,Hannover 96,32,34.0,30,382,112,29.3,11.24,3.29,0.07,0.24,18.4,13,3,3,37.2,34.9,0.09,-7.2,-7.9,/en/squads/60b5e41f/2018-2019/Hannover-96-Stats,2019
GER-Bundesliga,2018,Hertha BSC,26,34.0,49,400,143,35.8,11.76,4.21,0.11,0.31,16.7,15,4,4,51.0,48.0,0.12,-2.0,-3.0,/en/squads/2818f8bc/2018-2019/Hertha-BSC-Stats,2019
GER-Bundesliga,2018,Hoffenheim,29,34.0,69,605,215,35.5,17.79,6.32,0.1,0.29,17.0,15,6,7,75.9,70.6,0.12,-6.9,-7.6,/en/squads/033ea6b8/2018-2019/Hoffenheim-Stats,2019
GER-Bundesliga,2018,Leverkusen,21,34.0,68,513,188,36.6,15.09,5.53,0.12,0.34,17.6,25,4,5,58.3,54.4,0.11,9.7,9.6,/en/squads/c7a9f859/2018-2019/Bayer-Leverkusen-Stats,2019
GER-Bundesliga,2018,M'Gladbach,22,34.0,53,452,149,33.0,13.29,4.38,0.11,0.33,17.8,16,4,7,52.2,46.7,0.11,0.8,2.3,/en/squads/32f3ee20/2018-2019/Monchengladbach-Stats,2019
GER-Bundesliga,2018,Mainz 05,28,34.0,44,494,146,29.6,14.53,4.29,0.08,0.28,19.1,18,3,3,51.2,48.8,0.1,-7.2,-7.8,/en/squads/a224b06a/2018-2019/Mainz-05-Stats,2019
GER-Bundesliga,2018,Nürnberg,27,34.0,25,354,99,28.0,10.41,2.91,0.06,0.23,19.7,19,2,6,35.7,30.9,0.09,-10.7,-7.9,/en/squads/6f2c108c/2018-2019/Nurnberg-Stats,2019
GER-Bundesliga,2018,RB Leipzig,23,34.0,63,490,172,35.1,14.41,5.06,0.12,0.34,16.6,18,5,7,65.7,60.2,0.13,-2.7,-2.2,/en/squads/acbb6a5b/2018-2019/RB-Leipzig-Stats,2019
GER-Bundesliga,2018,Schalke 04,32,34.0,37,407,122,30.0,11.97,3.59,0.07,0.25,18.4,18,7,9,45.6,39.0,0.1,-8.6,-9.0,/en/squads/c539e393/2018-2019/Schalke-04-Stats,2019
GER-Bundesliga,2018,Stuttgart,26,34.0,32,407,113,27.8,11.97,3.32,0.08,0.27,18.2,16,1,1,38.0,37.3,0.09,-6.0,-6.3,/en/squads/598bc722/2018-2019/Stuttgart-Stats,2019
GER-Bundesliga,2018,Werder Bremen,24,34.0,57,467,170,36.4,13.74,5.0,0.11,0.31,17.6,11,4,4,49.8,46.7,0.1,7.2,6.3,/en/squads/62add3bf/2018-2019/Werder-Bremen-Stats,2019
GER-Bundesliga,2018,Wolfsburg,25,34.0,59,420,159,37.9,12.35,4.68,0.13,0.34,17.7,15,5,5,47.6,43.8,0.11,11.4,10.2,/en/squads/4eaa11d7/2018-2019/Wolfsburg-Stats,2019
GER-Bundesliga,2019,Augsburg,28,34.0,45,358,129,36.0,10.53,3.79,0.12,0.33,19.0,24,3,5,43.1,39.1,0.11,1.9,2.9,/en/squads/0cdc4311/2019-2020/Augsburg-Stats,2020
GER-Bundesliga,2019,Bayern Munich,29,34.0,97,609,243,39.9,17.91,7.15,0.15,0.37,16.5,13,6,6,89.5,84.8,0.14,7.5,6.2,/en/squads/054efa67/2019-2020/Bayern-Munich-Stats,2020
GER-Bundesliga,2019,Dortmund,27,34.0,84,442,188,42.5,13.0,5.53,0.19,0.44,16.7,14,2,2,61.0,59.5,0.14,23.0,22.5,/en/squads/add600ae/2019-2020/Dortmund-Stats,2020
GER-Bundesliga,2019,Düsseldorf,28,34.0,36,424,114,26.9,12.47,3.35,0.08,0.28,20.0,20,4,4,35.9,32.7,0.08,0.1,-0.7,/en/squads/b1278397/2019-2020/Dusseldorf-Stats,2020
GER-Bundesliga,2019,Eint Frankfurt,27,34.0,57,500,170,34.0,14.71,5.0,0.11,0.32,16.7,16,2,2,59.5,58.0,0.12,-2.5,-3.0,/en/squads/f0ac8ee6/2019-2020/Eintracht-Frankfurt-Stats,2020
GER-Bundesliga,2019,Freiburg,26,34.0,46,442,138,31.2,13.0,4.06,0.09,0.3,17.7,27,5,6,46.7,42.0,0.1,-0.7,-1.0,/en/squads/a486e511/2019-2020/Freiburg-Stats,2020
GER-Bundesliga,2019,Hertha BSC,32,34.0,45,357,119,33.3,10.5,3.5,0.12,0.35,17.7,12,3,3,43.1,40.7,0.12,1.9,1.3,/en/squads/2818f8bc/2019-2020/Hertha-BSC-Stats,2020
GER-Bundesliga,2019,Hoffenheim,31,34.0,52,447,154,34.5,13.15,4.53,0.11,0.32,17.1,24,3,4,56.1,53.0,0.12,-4.1,-4.0,/en/squads/033ea6b8/2019-2020/Hoffenheim-Stats,2020
GER-Bundesliga,2019,Köln,29,34.0,50,413,147,35.6,12.15,4.32,0.12,0.33,16.8,20,2,4,48.9,46.3,0.12,1.1,1.7,/en/squads/bc357bf7/2019-2020/Koln-Stats,2020
GER-Bundesliga,2019,Leverkusen,24,34.0,57,492,182,37.0,14.47,5.35,0.11,0.3,16.7,6,2,2,59.1,57.5,0.12,-2.1,-2.5,/en/squads/c7a9f859/2019-2020/Bayer-Leverkusen-Stats,2020
GER-Bundesliga,2019,M'Gladbach,25,34.0,64,475,187,39.4,13.97,5.5,0.13,0.32,17.0,26,4,6,72.0,67.2,0.15,-8.0,-7.2,/en/squads/32f3ee20/2019-2020/Monchengladbach-Stats,2020
GER-Bundesliga,2019,Mainz 05,25,34.0,42,450,139,30.9,13.24,4.09,0.09,0.28,18.9,13,3,3,48.2,45.8,0.1,-6.2,-6.8,/en/squads/a224b06a/2019-2020/Mainz-05-Stats,2020
GER-Bundesliga,2019,Paderborn 07,27,34.0,37,427,124,29.0,12.56,3.65,0.08,0.28,19.7,20,2,4,39.2,36.1,0.09,-2.2,-1.1,/en/squads/d9f93f02/2019-2020/Paderborn-07-Stats,2020
GER-Bundesliga,2019,RB Leipzig,29,34.0,81,545,206,37.8,16.03,6.06,0.14,0.37,17.0,23,5,5,71.3,67.6,0.13,9.7,8.4,/en/squads/acbb6a5b/2019-2020/RB-Leipzig-Stats,2020
GER-Bundesliga,2019,Schalke 04,29,34.0,35,383,124,32.4,11.26,3.65,0.09,0.27,18.5,10,2,2,37.8,36.2,0.1,-2.8,-3.2,/en/squads/c539e393/2019-2020/Schalke-04-Stats,2020
GER-Bundesliga,2019,Union Berlin,26,34.0,38,397,130,32.7,11.68,3.82,0.09,0.26,18.0,7,4,5,41.4,37.6,0.1,-3.4,-3.6,/en/squads/7a41008f/2019-2020/Union-Berlin-Stats,2020
GER-Bundesliga,2019,Werder Bremen,30,34.0,40,419,133,31.7,12.32,3.91,0.09,0.28,18.7,11,3,6,39.4,34.7,0.09,0.6,2.3,/en/squads/62add3bf/2019-2020/Werder-Bremen-Stats,2020
GER-Bundesliga,2019,Wolfsburg,26,34.0,48,471,153,32.5,13.85,4.5,0.09,0.29,18.0,12,4,4,52.8,49.7,0.11,-4.8,-5.7,/en/squads/4eaa11d7/2019-2020/Wolfsburg-Stats,2020
GER-Bundesliga,2020,Arminia,26,34.0,23,331,100,30.2,9.74,2.94,0.07,0.22,18.5,14,1,2,32.9,31.3,0.1,-9.9,-9.3,/en/squads/247c4b67/2020-2021/Arminia-Stats,2021
GER-Bundesliga,2020,Augsburg,25,34.0,35,332,108,32.5,9.76,3.18,0.1,0.31,18.1,10,2,5,37.3,33.4,0.1,-2.3,-0.4,/en/squads/0cdc4311/2020-2021/Augsburg-Stats,2021
GER-Bundesliga,2020,Bayern Munich,29,34.0,98,572,219,38.3,16.82,6.44,0.16,0.41,16.9,9,9,10,75.9,68.1,0.12,22.1,20.9,/en/squads/054efa67/2020-2021/Bayern-Munich-Stats,2021
GER-Bundesliga,2020,Dortmund,26,34.0,74,488,184,37.7,14.35,5.41,0.15,0.39,16.7,14,3,7,66.2,60.4,0.12,7.8,10.6,/en/squads/add600ae/2020-2021/Dortmund-Stats,2021
GER-Bundesliga,2020,Eint Frankfurt,25,34.0,63,442,162,36.7,13.0,4.76,0.12,0.34,16.3,12,8,8,58.5,52.2,0.12,4.5,2.8,/en/squads/f0ac8ee6/2020-2021/Eintracht-Frankfurt-Stats,2021
GER-Bundesliga,2020,Freiburg,24,34.0,51,383,140,36.6,11.26,4.12,0.12,0.32,17.3,17,6,6,45.5,40.9,0.11,5.5,4.1,/en/squads/a486e511/2020-2021/Freiburg-Stats,2021
GER-Bundesliga,2020,Hertha BSC,32,34.0,40,377,142,37.7,11.09,4.18,0.1,0.25,18.4,12,4,6,41.9,37.2,0.1,-1.9,-1.2,/en/squads/2818f8bc/2020-2021/Hertha-BSC-Stats,2021
GER-Bundesliga,2020,Hoffenheim,30,34.0,51,424,149,35.1,12.47,4.38,0.11,0.31,17.5,20,5,6,51.9,47.3,0.11,-0.9,-1.3,/en/squads/033ea6b8/2020-2021/Hoffenheim-Stats,2021
GER-Bundesliga,2020,Köln,28,34.0,33,354,103,29.1,10.41,3.03,0.08,0.28,17.2,9,4,6,40.5,35.9,0.1,-7.5,-6.9,/en/squads/bc357bf7/2020-2021/Koln-Stats,2021
GER-Bundesliga,2020,Leverkusen,30,34.0,52,440,164,37.3,12.94,4.82,0.11,0.3,17.9,12,3,3,46.3,44.0,0.1,5.7,5.0,/en/squads/c7a9f859/2020-2021/Bayer-Leverkusen-Stats,2021
GER-Bundesliga,2020,M'Gladbach,23,34.0,63,443,165,37.2,13.03,4.85,0.12,0.32,17.4,12,10,11,54.9,46.5,0.11,8.1,6.5,/en/squads/32f3ee20/2020-2021/Monchengladbach-Stats,2021
GER-Bundesliga,2020,Mainz 05,31,34.0,39,374,134,35.8,11.0,3.94,0.09,0.25,17.4,10,5,5,49.9,46.0,0.13,-10.9,-12.0,/en/squads/a224b06a/2020-2021/Mainz-05-Stats,2021
GER-Bundesliga,2020,RB Leipzig,25,34.0,59,533,189,35.5,15.68,5.56,0.1,0.27,17.4,19,8,10,64.4,56.7,0.11,-5.4,-5.7,/en/squads/acbb6a5b/2020-2021/RB-Leipzig-Stats,2021
GER-Bundesliga,2020,Schalke 04,42,34.0,24,301,81,26.9,8.85,2.38,0.08,0.3,18.4,11,0,3,28.7,26.3,0.09,-4.7,-2.3,/en/squads/c539e393/2020-2021/Schalke-04-Stats,2021
GER-Bundesliga,2020,Stuttgart,29,34.0,54,448,150,33.5,13.18,4.41,0.11,0.32,17.7,12,6,8,51.4,45.1,0.1,2.6,2.9,/en/squads/598bc722/2020-2021/Stuttgart-Stats,2021
GER-Bundesliga,2020,Union Berlin,27,34.0,50,391,132,33.8,11.5,3.88,0.12,0.34,17.3,8,5,7,46.9,41.3,0.11,3.1,3.7,/en/squads/7a41008f/2020-2021/Union-Berlin-Stats,2021
GER-Bundesliga,2020,Werder Bremen,27,34.0,35,356,120,33.7,10.47,3.53,0.08,0.25,19.0,14,5,5,32.9,29.0,0.08,2.1,1.0,/en/squads/62add3bf/2020-2021/Werder-Bremen-Stats,2021
GER-Bundesliga,2020,Wolfsburg,26,34.0,57,475,164,34.5,13.97,4.82,0.12,0.34,18.1,14,2,3,49.0,46.9,0.1,8.0,8.1,/en/squads/4eaa11d7/2020-2021/Wolfsburg-Stats,2021
GER-Bundesliga,2021,Arminia,26,34.0,26,361,109,30.2,10.62,3.21,0.07,0.22,19.7,10,2,2,26.3,24.7,0.07,-0.3,-0.7,/en/squads/247c4b67/2021-2022/Arminia-Stats,2022
GER-Bundesliga,2021,Augsburg,26,34.0,39,362,117,32.3,10.65,3.44,0.09,0.29,17.8,11,5,5,36.7,32.8,0.09,2.3,1.2,/en/squads/0cdc4311/2021-2022/Augsburg-Stats,2022
GER-Bundesliga,2021,Bayern Munich,30,34.0,92,668,255,38.2,19.65,7.5,0.13,0.34,16.7,12,5,5,89.0,85.1,0.13,3.0,1.9,/en/squads/054efa67/2021-2022/Bayern-Munich-Stats,2022
GER-Bundesliga,2021,Bochum,28,34.0,37,409,136,33.3,12.03,4.0,0.08,0.24,18.2,17,4,6,40.6,35.9,0.09,-3.6,-2.9,/en/squads/b42c6323/2021-2022/Bochum-Stats,2022
GER-Bundesliga,2021,Dortmund,33,34.0,81,442,165,37.3,13.0,4.85,0.16,0.42,16.7,20,11,11,64.0,55.9,0.13,17.0,14.1,/en/squads/add600ae/2021-2022/Dortmund-Stats,2022
GER-Bundesliga,2021,Eint Frankfurt,27,34.0,43,446,136,30.5,13.12,4.0,0.09,0.31,17.8,14,1,2,41.6,40.1,0.09,1.4,1.9,/en/squads/f0ac8ee6/2021-2022/Eintracht-Frankfurt-Stats,2022
GER-Bundesliga,2021,Freiburg,26,34.0,55,457,153,33.5,13.44,4.5,0.11,0.33,16.7,20,5,6,50.4,45.7,0.1,4.6,4.3,/en/squads/a486e511/2021-2022/Freiburg-Stats,2022
GER-Bundesliga,2021,Greuther Fürth,29,34.0,26,309,96,31.1,9.09,2.82,0.07,0.22,18.2,13,5,5,30.0,26.2,0.09,-4.0,-5.2,/en/squads/12192a4c/2021-2022/Greuther-Furth-Stats,2022
GER-Bundesliga,2021,Hertha BSC,36,34.0,35,365,119,32.6,10.74,3.5,0.09,0.27,17.5,15,3,3,33.3,30.9,0.09,1.7,1.1,/en/squads/2818f8bc/2021-2022/Hertha-BSC-Stats,2022
GER-Bundesliga,2021,Hoffenheim,32,34.0,55,452,150,33.2,13.29,4.41,0.12,0.37,15.1,13,0,0,58.3,58.3,0.13,-3.3,-3.3,/en/squads/033ea6b8/2021-2022/Hoffenheim-Stats,2022
GER-Bundesliga,2021,Köln,26,34.0,52,467,149,31.9,13.74,4.38,0.11,0.34,16.3,9,1,1,50.1,49.3,0.11,1.9,1.7,/en/squads/bc357bf7/2021-2022/Koln-Stats,2022
GER-Bundesliga,2021,Leverkusen,29,34.0,76,453,184,40.6,13.32,5.41,0.16,0.4,16.4,11,2,6,62.6,57.8,0.13,13.4,16.2,/en/squads/c7a9f859/2021-2022/Bayer-Leverkusen-Stats,2022
GER-Bundesliga,2021,M'Gladbach,26,34.0,54,489,174,35.6,14.38,5.12,0.1,0.28,16.8,13,5,7,56.2,50.6,0.11,-2.2,-1.6,/en/squads/32f3ee20/2021-2022/Monchengladbach-Stats,2022
GER-Bundesliga,2021,Mainz 05,28,34.0,49,465,151,32.5,13.68,4.44,0.1,0.3,17.6,22,4,4,50.4,47.2,0.1,-1.4,-2.2,/en/squads/a224b06a/2021-2022/Mainz-05-Stats,2022
GER-Bundesliga,2021,RB Leipzig,29,34.0,72,429,169,39.4,12.62,4.97,0.15,0.38,16.3,18,8,9,64.5,58.4,0.14,7.5,5.6,/en/squads/acbb6a5b/2021-2022/RB-Leipzig-Stats,2022
GER-Bundesliga,2021,Stuttgart,34,34.0,40,449,153,34.1,13.21,4.5,0.09,0.25,17.5,10,1,3,43.7,41.4,0.09,-3.7,-2.4,/en/squads/598bc722/2021-2022/Stuttgart-Stats,2022
GER-Bundesliga,2021,Union Berlin,28,34.0,50,408,149,36.5,12.0,4.38,0.11,0.3,16.2,7,5,5,47.0,43.3,0.11,3.0,1.7,/en/squads/7a41008f/2021-2022/Union-Berlin-Stats,2022
GER-Bundesliga,2021,Wolfsburg,30,34.0,42,416,137,32.9,12.24,4.03,0.09,0.28,17.9,19,3,4,47.7,44.9,0.11,-5.7,-5.9,/en/squads/4eaa11d7/2021-2022/Wolfsburg-Stats,2022
GER-Bundesliga,2022,Augsburg,34,34.0,41,354,101,28.5,10.41,2.97,0.1,0.37,18.2,14,4,5,34.7,30.9,0.09,6.3,6.1,/en/squads/0cdc4311/Augsburg-Stats,2023
GER-Bundesliga,2022,Bayern Munich,28,34.0,90,625,251,40.2,18.38,7.38,0.14,0.35,16.7,10,3,5,75.0,71.0,0.12,15.0,16.0,/en/squads/054efa67/Bayern-Munich-Stats,2023
GER-Bundesliga,2022,Bochum,26,34.0,37,397,127,32.0,11.68,3.74,0.09,0.27,18.1,11,3,3,40.0,37.7,0.1,-3.0,-3.7,/en/squads/b42c6323/Bochum-Stats,2023
GER-Bundesliga,2022,Dortmund,30,34.0,81,558,219,39.2,16.41,6.44,0.14,0.35,16.6,20,4,6,71.1,66.5,0.12,9.9,10.5,/en/squads/add600ae/Dortmund-Stats,2023
GER-Bundesliga,2022,Eint Frankfurt,28,34.0,56,399,132,33.1,11.74,3.88,0.13,0.38,16.9,14,6,6,52.1,47.4,0.12,3.9,2.6,/en/squads/f0ac8ee6/Eintracht-Frankfurt-Stats,2023
GER-Bundesliga,2022,Freiburg,27,34.0,51,413,167,40.4,12.15,4.91,0.11,0.26,17.1,16,7,8,48.0,41.6,0.11,3.0,2.4,/en/squads/a486e511/Freiburg-Stats,2023
GER-Bundesliga,2022,Hertha BSC,32,34.0,42,377,121,32.1,11.09,3.56,0.09,0.29,18.4,11,7,7,39.4,33.9,0.09,2.6,1.1,/en/squads/2818f8bc/Hertha-BSC-Stats,2023
GER-Bundesliga,2022,Hoffenheim,31,34.0,46,398,130,32.7,11.71,3.82,0.1,0.3,17.3,16,7,9,48.0,41.1,0.1,-2.0,-2.1,/en/squads/033ea6b8/Hoffenheim-Stats,2023
GER-Bundesliga,2022,Köln,27,34.0,46,413,146,35.4,12.15,4.29,0.1,0.29,16.2,6,4,4,47.9,44.7,0.11,-1.9,-2.7,/en/squads/bc357bf7/Koln-Stats,2023
GER-Bundesliga,2022,Leverkusen,27,34.0,57,432,160,37.0,12.71,4.71,0.12,0.33,17.4,16,5,7,51.4,46.0,0.11,5.6,6.0,/en/squads/c7a9f859/Bayer-Leverkusen-Stats,2023
GER-Bundesliga,2022,M'Gladbach,27,34.0,52,403,166,41.2,11.85,4.88,0.12,0.29,17.3,12,4,6,52.1,47.5,0.12,-0.1,0.5,/en/squads/32f3ee20/Monchengladbach-Stats,2023
GER-Bundesliga,2022,Mainz 05,27,34.0,54,414,152,36.7,12.18,4.47,0.12,0.33,17.1,17,4,6,47.1,42.4,0.11,6.9,7.6,/en/squads/a224b06a/Mainz-05-Stats,2023
GER-Bundesliga,2022,RB Leipzig,25,34.0,64,497,182,36.6,14.62,5.35,0.12,0.32,17.5,18,6,7,62.7,57.4,0.12,1.3,0.6,/en/squads/acbb6a5b/RB-Leipzig-Stats,2023
GER-Bundesliga,2022,Schalke 04,35,34.0,32,421,123,29.2,12.38,3.62,0.07,0.23,17.7,19,4,5,39.6,35.9,0.09,-7.6,-7.9,/en/squads/c539e393/Schalke-04-Stats,2023
GER-Bundesliga,2022,Stuttgart,30,34.0,45,457,140,30.6,13.44,4.12,0.09,0.29,17.9,14,5,5,47.6,43.7,0.1,-2.6,-3.7,/en/squads/598bc722/Stuttgart-Stats,2023
GER-Bundesliga,2022,Union Berlin,28,34.0,49,374,113,30.2,11.0,3.32,0.12,0.41,17.9,5,3,7,37.9,32.5,0.09,11.1,13.5,/en/squads/7a41008f/Union-Berlin-Stats,2023
GER-Bundesliga,2022,Werder Bremen,25,34.0,50,363,136,37.5,10.68,4.0,0.12,0.33,17.9,18,5,6,41.1,36.4,0.1,8.9,8.6,/en/squads/62add3bf/Werder-Bremen-Stats,2023
GER-Bundesliga,2022,Wolfsburg,28,34.0,55,401,138,34.4,11.79,4.06,0.13,0.37,16.9,11,4,7,51.3,45.8,0.12,3.7,5.2,/en/squads/4eaa11d7/Wolfsburg-Stats,2023
ITA-Serie A,2017,Atalanta,25,38.0,57,570,192,33.7,15.0,5.05,0.09,0.27,16.9,15,5,9,64.1,57.2,0.1,-7.1,-5.2,/en/squads/922493f3/2017-2018/Atalanta-Stats,2018
ITA-Serie A,2017,Benevento,41,38.0,32,470,145,30.9,12.37,3.82,0.06,0.21,19.8,23,2,3,38.3,36.0,0.08,-6.3,-6.0,/en/squads/4fcb34fd/2017-2018/Benevento-Stats,2018
ITA-Serie A,2017,Bologna,30,38.0,37,356,119,33.4,9.37,3.13,0.1,0.29,19.4,32,2,3,36.6,34.3,0.1,0.4,0.7,/en/squads/1d8099f8/2017-2018/Bologna-Stats,2018
ITA-Serie A,2017,Cagliari,29,38.0,33,374,113,30.2,9.84,2.97,0.08,0.26,18.3,16,4,7,39.7,34.2,0.09,-6.7,-5.2,/en/squads/c4260e09/2017-2018/Cagliari-Stats,2018
ITA-Serie A,2017,Chievo,25,38.0,36,389,131,33.7,10.24,3.45,0.09,0.27,18.7,10,1,2,34.1,32.5,0.08,1.9,2.5,/en/squads/cc919b35/2017-2018/Chievo-Stats,2018
ITA-Serie A,2017,Crotone,29,38.0,38,378,129,34.1,9.95,3.39,0.1,0.28,20.0,12,2,3,34.6,32.2,0.09,3.4,3.8,/en/squads/3074d7b1/2017-2018/Crotone-Stats,2018
ITA-Serie A,2017,Fiorentina,27,38.0,53,611,179,29.3,16.08,4.71,0.08,0.26,19.3,20,7,8,54.5,48.3,0.08,-1.5,-2.3,/en/squads/421387cf/2017-2018/Fiorentina-Stats,2018
ITA-Serie A,2017,Genoa,33,38.0,31,413,120,29.1,10.87,3.16,0.07,0.23,17.5,11,4,5,43.5,39.6,0.1,-12.5,-12.6,/en/squads/658bf2de/2017-2018/Genoa-Stats,2018
ITA-Serie A,2017,Hellas Verona,32,38.0,30,354,89,25.1,9.32,2.34,0.06,0.26,20.5,19,7,7,33.0,27.7,0.08,-3.0,-4.7,/en/squads/0e72edf2/2017-2018/Hellas-Verona-Stats,2018
ITA-Serie A,2017,Inter,22,38.0,64,565,195,34.5,14.87,5.13,0.1,0.3,18.0,14,6,7,56.7,51.3,0.09,7.3,6.7,/en/squads/d609edc0/2017-2018/Internazionale-Stats,2018
ITA-Serie A,2017,Juventus,24,38.0,82,546,198,36.3,14.37,5.21,0.14,0.39,18.9,41,4,8,55.3,49.4,0.09,26.7,28.6,/en/squads/e0652b02/2017-2018/Juventus-Stats,2018
ITA-Serie A,2017,Lazio,24,38.0,86,542,199,36.7,14.26,5.24,0.14,0.39,18.4,16,9,11,63.7,55.2,0.1,22.3,21.8,/en/squads/7213da33/2017-2018/Lazio-Stats,2018
ITA-Serie A,2017,Milan,23,38.0,54,606,214,35.3,15.95,5.63,0.08,0.23,19.6,24,4,6,51.2,46.6,0.08,2.8,3.4,/en/squads/dc56fe14/2017-2018/Milan-Stats,2018
ITA-Serie A,2017,Napoli,23,38.0,73,648,245,37.8,17.05,6.45,0.1,0.27,19.0,20,6,8,67.1,60.7,0.1,5.9,6.3,/en/squads/d48ad4ff/2017-2018/Napoli-Stats,2018
ITA-Serie A,2017,Roma,27,38.0,56,637,199,31.2,16.76,5.24,0.08,0.27,18.6,29,3,6,63.4,58.8,0.09,-7.4,-5.8,/en/squads/cf74a709/2017-2018/Roma-Stats,2018
ITA-Serie A,2017,SPAL,29,38.0,37,368,109,29.6,9.68,2.87,0.09,0.29,19.6,24,5,6,35.8,31.1,0.09,1.2,0.9,/en/squads/1d2fe027/2017-2018/SPAL-Stats,2018
ITA-Serie A,2017,Sampdoria,27,38.0,56,474,163,34.4,12.47,4.29,0.1,0.3,18.8,26,7,8,53.5,47.2,0.1,2.5,1.8,/en/squads/8ff9e3b3/2017-2018/Sampdoria-Stats,2018
ITA-Serie A,2017,Sassuolo,28,38.0,28,489,134,27.4,12.87,3.53,0.05,0.18,19.5,18,4,10,46.3,38.4,0.08,-18.3,-14.4,/en/squads/e2befd26/2017-2018/Sassuolo-Stats,2018
ITA-Serie A,2017,Torino,27,38.0,53,449,151,33.6,11.82,3.97,0.12,0.35,17.8,21,0,2,46.0,44.4,0.1,7.0,8.6,/en/squads/105360fe/2017-2018/Torino-Stats,2018
ITA-Serie A,2017,Udinese,27,38.0,45,436,131,30.0,11.47,3.45,0.09,0.29,19.1,14,7,7,43.2,37.7,0.09,1.8,0.3,/en/squads/04eea015/2017-2018/Udinese-Stats,2018
ITA-Serie A,2018,Atalanta,27,38.0,75,637,214,33.6,16.76,5.63,0.11,0.34,16.6,16,2,4,72.2,69.0,0.11,2.8,4.0,/en/squads/922493f3/2018-2019/Atalanta-Stats,2019
ITA-Serie A,2018,Bologna,29,38.0,45,495,158,31.9,13.03,4.16,0.08,0.25,18.7,25,5,5,46.8,42.9,0.09,-1.8,-2.9,/en/squads/1d8099f8/2018-2019/Bologna-Stats,2019
ITA-Serie A,2018,Cagliari,30,38.0,35,433,124,28.6,11.39,3.26,0.08,0.27,17.9,13,2,3,42.1,39.7,0.09,-7.1,-6.7,/en/squads/c4260e09/2018-2019/Cagliari-Stats,2019
ITA-Serie A,2018,Chievo,36,38.0,25,385,110,28.6,10.13,2.89,0.05,0.19,19.6,14,4,6,36.0,31.7,0.09,-11.0,-10.7,/en/squads/cc919b35/2018-2019/Chievo-Stats,2019
ITA-Serie A,2018,Empoli,29,38.0,48,450,148,32.9,11.84,3.89,0.1,0.3,17.8,17,4,7,52.4,46.8,0.11,-4.4,-2.8,/en/squads/a3d88bd8/2018-2019/Empoli-Stats,2019
ITA-Serie A,2018,Fiorentina,27,38.0,45,579,168,29.0,15.24,4.42,0.07,0.24,18.6,15,5,6,54.0,49.2,0.09,-9.0,-9.2,/en/squads/421387cf/2018-2019/Fiorentina-Stats,2019
ITA-Serie A,2018,Frosinone,33,38.0,28,450,120,26.7,11.84,3.16,0.05,0.2,19.3,24,4,5,38.9,35.1,0.08,-10.9,-11.1,/en/squads/6a7ad59d/2018-2019/Frosinone-Stats,2019
ITA-Serie A,2018,Genoa,31,38.0,37,528,147,27.8,13.89,3.87,0.06,0.22,18.9,24,4,5,46.9,43.0,0.08,-9.9,-10.0,/en/squads/658bf2de/2018-2019/Genoa-Stats,2019
ITA-Serie A,2018,Inter,23,38.0,57,625,186,29.8,16.45,4.89,0.08,0.26,18.0,10,8,9,63.8,56.8,0.09,-6.8,-7.8,/en/squads/d609edc0/2018-2019/Internazionale-Stats,2019
ITA-Serie A,2018,Juventus,31,38.0,66,601,191,31.8,15.82,5.03,0.1,0.31,18.4,27,7,8,60.7,54.5,0.09,5.3,4.5,/en/squads/e0652b02/2018-2019/Juventus-Stats,2019
ITA-Serie A,2018,Lazio,30,38.0,54,606,182,30.0,15.95,4.79,0.08,0.26,18.2,22,6,6,60.4,55.8,0.09,-6.4,-7.8,/en/squads/7213da33/2018-2019/Lazio-Stats,2019
ITA-Serie A,2018,Milan,23,38.0,51,582,192,33.0,15.32,5.05,0.08,0.25,19.6,19,3,4,48.8,45.7,0.08,2.2,2.3,/en/squads/dc56fe14/2018-2019/Milan-Stats,2019
ITA-Serie A,2018,Napoli,26,38.0,73,702,231,32.9,18.47,6.08,0.1,0.3,19.5,23,3,4,61.8,58.8,0.08,11.2,11.2,/en/squads/d48ad4ff/2018-2019/Napoli-Stats,2019
ITA-Serie A,2018,Parma,31,38.0,40,350,105,30.0,9.21,2.76,0.1,0.34,19.1,19,4,5,40.2,36.3,0.11,-0.2,-0.3,/en/squads/eab4234c/2018-2019/Parma-Stats,2019
ITA-Serie A,2018,Roma,26,38.0,65,616,210,34.1,16.21,5.53,0.1,0.28,17.1,15,6,6,64.4,59.6,0.1,0.6,-0.6,/en/squads/cf74a709/2018-2019/Roma-Stats,2019
ITA-Serie A,2018,SPAL,28,38.0,44,454,129,28.4,11.95,3.39,0.08,0.29,18.2,15,7,8,43.9,37.7,0.08,0.1,-0.7,/en/squads/1d2fe027/2018-2019/SPAL-Stats,2019
ITA-Serie A,2018,Sampdoria,24,38.0,60,475,166,34.9,12.5,4.37,0.11,0.3,19.9,20,10,12,50.5,41.8,0.09,9.5,8.2,/en/squads/8ff9e3b3/2018-2019/Sampdoria-Stats,2019
ITA-Serie A,2018,Sassuolo,29,38.0,50,507,150,29.6,13.34,3.95,0.09,0.3,19.8,21,5,5,48.5,44.6,0.09,1.5,0.4,/en/squads/e2befd26/2018-2019/Sassuolo-Stats,2019
ITA-Serie A,2018,Torino,25,38.0,50,513,175,34.1,13.5,4.61,0.09,0.26,18.7,26,5,6,46.6,41.9,0.08,3.4,3.1,/en/squads/105360fe/2018-2019/Torino-Stats,2019
ITA-Serie A,2018,Udinese,31,38.0,37,455,119,26.2,11.97,3.13,0.07,0.29,20.7,12,3,8,42.5,36.0,0.08,-5.5,-2.0,/en/squads/04eea015/2018-2019/Udinese-Stats,2019
ITA-Serie A,2019,Atalanta,30,38.0,96,700,256,36.6,18.42,6.74,0.13,0.35,17.3,31,7,10,83.5,75.6,0.11,12.5,13.4,/en/squads/922493f3/2019-2020/Atalanta-Stats,2020
ITA-Serie A,2019,Bologna,31,38.0,48,549,160,29.1,14.45,4.21,0.08,0.27,18.8,29,5,6,56.9,52.2,0.1,-8.9,-9.2,/en/squads/1d8099f8/2019-2020/Bologna-Stats,2020
ITA-Serie A,2019,Brescia,32,38.0,34,414,138,33.3,10.89,3.63,0.07,0.22,17.9,32,4,4,43.4,40.2,0.1,-9.4,-10.2,/en/squads/4ef57aeb/2019-2020/Brescia-Stats,2020
ITA-Serie A,2019,Cagliari,33,38.0,50,438,136,31.1,11.53,3.58,0.11,0.34,19.5,16,4,6,41.8,37.1,0.09,8.2,8.9,/en/squads/c4260e09/2019-2020/Cagliari-Stats,2020
ITA-Serie A,2019,Fiorentina,33,38.0,48,538,170,31.6,14.16,4.47,0.07,0.23,18.2,23,9,11,53.6,45.4,0.09,-5.6,-6.4,/en/squads/421387cf/2019-2020/Fiorentina-Stats,2020
ITA-Serie A,2019,Genoa,34,38.0,46,420,140,33.3,11.05,3.68,0.08,0.25,19.2,24,11,16,48.7,36.2,0.09,-2.7,-1.2,/en/squads/658bf2de/2019-2020/Genoa-Stats,2020
ITA-Serie A,2019,Hellas Verona,30,38.0,45,435,146,33.6,11.45,3.84,0.09,0.25,17.4,12,8,9,50.5,43.6,0.1,-5.5,-6.6,/en/squads/0e72edf2/2019-2020/Hellas-Verona-Stats,2020
ITA-Serie A,2019,Inter,29,38.0,80,607,216,35.6,15.97,5.68,0.12,0.32,17.6,22,10,11,69.4,60.8,0.1,10.6,9.2,/en/squads/d609edc0/2019-2020/Internazionale-Stats,2020
ITA-Serie A,2019,Juventus,30,38.0,73,665,224,33.7,17.5,5.89,0.09,0.27,19.0,40,13,14,71.1,60.1,0.09,1.9,-0.1,/en/squads/e0652b02/2019-2020/Juventus-Stats,2020
ITA-Serie A,2019,Lazio,27,38.0,77,562,204,36.3,14.79,5.37,0.11,0.3,18.2,21,15,18,68.0,53.9,0.1,9.0,8.1,/en/squads/7213da33/2019-2020/Lazio-Stats,2020
ITA-Serie A,2019,Lecce,30,38.0,52,513,165,32.2,13.5,4.34,0.08,0.25,19.6,19,11,15,54.7,43.5,0.09,-2.7,-2.5,/en/squads/ffcbe334/2019-2020/Lecce-Stats,2020
ITA-Serie A,2019,Milan,32,38.0,60,610,186,30.5,16.05,4.89,0.09,0.28,19.0,24,8,9,62.8,56.0,0.09,-2.8,-4.0,/en/squads/dc56fe14/2019-2020/Milan-Stats,2020
ITA-Serie A,2019,Napoli,25,38.0,60,683,225,32.9,17.97,5.92,0.08,0.24,19.0,17,5,5,61.7,57.8,0.09,-1.7,-2.8,/en/squads/d48ad4ff/2019-2020/Napoli-Stats,2020
ITA-Serie A,2019,Parma,25,38.0,53,458,145,31.7,12.05,3.82,0.11,0.34,19.0,23,4,6,48.4,43.7,0.1,4.6,5.3,/en/squads/eab4234c/2019-2020/Parma-Stats,2020
ITA-Serie A,2019,Roma,31,38.0,73,630,198,31.4,16.58,5.21,0.1,0.31,18.7,35,12,14,73.2,62.8,0.1,-0.2,-1.8,/en/squads/cf74a709/2019-2020/Roma-Stats,2020
ITA-Serie A,2019,SPAL,34,38.0,27,462,117,25.3,12.16,3.08,0.05,0.19,19.4,23,5,7,40.7,35.2,0.08,-13.7,-13.2,/en/squads/1d2fe027/2019-2020/SPAL-Stats,2020
ITA-Serie A,2019,Sampdoria,31,38.0,48,549,162,29.5,14.45,4.26,0.07,0.24,19.4,25,9,12,50.2,40.8,0.08,-2.2,-1.8,/en/squads/8ff9e3b3/2019-2020/Sampdoria-Stats,2020
ITA-Serie A,2019,Sassuolo,31,38.0,69,547,191,34.9,14.39,5.03,0.12,0.34,19.8,32,5,6,52.9,48.2,0.09,16.1,15.8,/en/squads/e2befd26/2019-2020/Sassuolo-Stats,2020
ITA-Serie A,2019,Torino,27,38.0,44,438,144,32.9,11.53,3.79,0.08,0.26,18.4,21,7,8,44.8,39.4,0.09,-0.8,-2.4,/en/squads/105360fe/2019-2020/Torino-Stats,2020
ITA-Serie A,2019,Udinese,25,38.0,37,469,141,30.1,12.34,3.71,0.08,0.26,18.5,12,0,0,41.6,41.6,0.09,-4.6,-4.6,/en/squads/04eea015/2019-2020/Udinese-Stats,2020
ITA-Serie A,2020,Atalanta,30,38.0,90,614,221,36.0,16.16,5.82,0.14,0.38,16.6,28,6,7,74.7,69.3,0.12,15.3,14.7,/en/squads/922493f3/2020-2021/Atalanta-Stats,2021
ITA-Serie A,2020,Benevento,29,38.0,40,411,128,31.1,10.82,3.37,0.09,0.27,17.7,17,5,7,40.6,35.0,0.09,-0.6,0.0,/en/squads/4fcb34fd/2020-2021/Benevento-Stats,2021
ITA-Serie A,2020,Bologna,37,38.0,49,495,175,35.4,13.03,4.61,0.09,0.26,18.5,24,3,4,54.6,51.1,0.11,-5.6,-5.1,/en/squads/1d8099f8/2020-2021/Bologna-Stats,2021
ITA-Serie A,2020,Cagliari,32,38.0,43,429,122,28.4,11.29,3.21,0.09,0.32,17.4,13,4,5,47.1,43.4,0.1,-4.1,-4.4,/en/squads/c4260e09/2020-2021/Cagliari-Stats,2021
ITA-Serie A,2020,Crotone,31,38.0,44,353,111,31.4,9.29,2.92,0.1,0.32,18.8,15,9,9,40.4,33.4,0.1,3.6,1.6,/en/squads/3074d7b1/2020-2021/Crotone-Stats,2021
ITA-Serie A,2020,Fiorentina,30,38.0,44,366,115,31.4,9.63,3.03,0.1,0.33,16.9,14,6,6,44.9,40.2,0.11,-0.9,-2.2,/en/squads/421387cf/2020-2021/Fiorentina-Stats,2021
ITA-Serie A,2020,Genoa,34,38.0,46,338,120,35.5,8.89,3.16,0.12,0.35,18.0,11,4,4,38.8,35.6,0.11,7.2,6.4,/en/squads/658bf2de/2020-2021/Genoa-Stats,2021
ITA-Serie A,2020,Hellas Verona,32,38.0,38,400,118,29.5,10.53,3.11,0.09,0.3,16.2,13,3,3,45.3,43.0,0.11,-7.3,-8.0,/en/squads/0e72edf2/2020-2021/Hellas-Verona-Stats,2021
ITA-Serie A,2020,Inter,25,38.0,84,543,194,35.7,14.29,5.11,0.14,0.39,16.3,17,8,9,74.2,67.2,0.13,9.8,8.8,/en/squads/d609edc0/2020-2021/Internazionale-Stats,2021
ITA-Serie A,2020,Juventus,30,38.0,76,585,206,35.2,15.39,5.42,0.12,0.33,16.8,23,8,10,74.4,67.0,0.12,1.6,1.0,/en/squads/e0652b02/2020-2021/Juventus-Stats,2021
ITA-Serie A,2020,Lazio,30,38.0,59,514,175,34.0,13.53,4.61,0.1,0.3,17.3,14,6,10,58.2,50.7,0.1,0.8,2.3,/en/squads/7213da33/2020-2021/Lazio-Stats,2021
ITA-Serie A,2020,Milan,29,38.0,72,537,184,34.3,14.13,4.84,0.11,0.31,18.4,30,15,20,70.7,56.0,0.11,1.3,1.0,/en/squads/dc56fe14/2020-2021/Milan-Stats,2021
ITA-Serie A,2020,Napoli,25,38.0,83,637,217,34.1,16.76,5.71,0.12,0.35,18.1,25,7,8,67.7,61.4,0.1,15.3,14.6,/en/squads/d48ad4ff/2020-2021/Napoli-Stats,2021
ITA-Serie A,2020,Parma,42,38.0,39,392,123,31.4,10.32,3.24,0.09,0.28,18.1,20,5,5,42.5,38.6,0.1,-3.5,-4.6,/en/squads/eab4234c/2020-2021/Parma-Stats,2021
ITA-Serie A,2020,Roma,31,38.0,67,537,191,35.6,14.13,5.03,0.11,0.31,16.4,14,7,8,65.3,59.0,0.12,1.7,1.0,/en/squads/cf74a709/2020-2021/Roma-Stats,2021
ITA-Serie A,2020,Sampdoria,27,38.0,52,422,134,31.8,11.11,3.53,0.11,0.35,17.5,15,5,6,45.4,41.1,0.1,6.6,5.9,/en/squads/8ff9e3b3/2020-2021/Sampdoria-Stats,2021
ITA-Serie A,2020,Sassuolo,28,38.0,61,516,164,31.8,13.58,4.32,0.09,0.29,18.7,25,13,14,58.4,47.7,0.09,2.6,0.3,/en/squads/e2befd26/2020-2021/Sassuolo-Stats,2021
ITA-Serie A,2020,Spezia,35,38.0,52,382,130,34.0,10.05,3.42,0.13,0.37,16.8,10,4,5,46.6,42.7,0.12,5.4,5.3,/en/squads/68449f6d/2020-2021/Spezia-Stats,2021
ITA-Serie A,2020,Torino,29,38.0,49,457,144,31.5,12.03,3.79,0.1,0.31,17.5,40,5,6,50.0,45.3,0.1,-1.0,-1.3,/en/squads/105360fe/2020-2021/Torino-Stats,2021
ITA-Serie A,2020,Udinese,33,38.0,40,410,125,30.5,10.79,3.29,0.09,0.29,18.1,13,4,4,45.7,42.9,0.11,-5.7,-6.9,/en/squads/04eea015/2020-2021/Udinese-Stats,2021
ITA-Serie A,2021,Atalanta,32,38.0,62,598,167,27.9,15.74,4.39,0.1,0.34,16.5,16,5,6,62.5,58.1,0.1,-0.5,-1.1,/en/squads/922493f3/2021-2022/Atalanta-Stats,2022
ITA-Serie A,2021,Bologna,36,38.0,43,434,143,32.9,11.42,3.76,0.09,0.27,18.1,14,4,5,44.9,41.0,0.1,-1.9,-2.0,/en/squads/1d8099f8/2021-2022/Bologna-Stats,2022
ITA-Serie A,2021,Cagliari,33,38.0,34,420,117,27.9,11.05,3.08,0.07,0.26,17.3,17,3,4,39.0,36.4,0.09,-5.0,-5.4,/en/squads/c4260e09/2021-2022/Cagliari-Stats,2022
ITA-Serie A,2021,Empoli,28,38.0,47,490,151,30.8,12.89,3.97,0.08,0.26,18.5,16,7,7,44.9,39.3,0.08,2.1,0.7,/en/squads/a3d88bd8/2021-2022/Empoli-Stats,2022
ITA-Serie A,2021,Fiorentina,28,38.0,59,501,172,34.3,13.18,4.53,0.1,0.29,17.2,25,9,12,60.0,50.8,0.11,-1.0,-0.8,/en/squads/421387cf/2021-2022/Fiorentina-Stats,2022
ITA-Serie A,2021,Genoa,40,38.0,26,397,106,26.7,10.45,2.79,0.05,0.19,18.8,12,6,7,37.2,31.8,0.08,-11.2,-11.8,/en/squads/658bf2de/2021-2022/Genoa-Stats,2022
ITA-Serie A,2021,Hellas Verona,31,38.0,63,455,152,33.4,11.97,4.0,0.12,0.37,16.9,15,7,8,50.4,44.2,0.1,12.6,11.8,/en/squads/0e72edf2/2021-2022/Hellas-Verona-Stats,2022
ITA-Serie A,2021,Inter,27,38.0,83,667,239,35.8,17.55,6.29,0.11,0.32,15.9,13,7,11,81.6,73.6,0.11,1.4,2.4,/en/squads/d609edc0/2021-2022/Internazionale-Stats,2022
ITA-Serie A,2021,Juventus,32,38.0,56,517,166,32.1,13.61,4.37,0.1,0.31,17.5,18,5,6,51.4,46.7,0.09,4.6,4.3,/en/squads/e0652b02/2021-2022/Juventus-Stats,2022
ITA-Serie A,2021,Lazio,27,38.0,74,445,185,41.6,11.71,4.87,0.15,0.36,17.4,14,7,9,55.3,48.2,0.11,18.7,18.8,/en/squads/7213da33/2021-2022/Lazio-Stats,2022
ITA-Serie A,2021,Milan,28,38.0,66,592,187,31.6,15.58,4.92,0.1,0.33,18.4,23,5,8,59.7,54.1,0.09,6.3,6.9,/en/squads/dc56fe14/2021-2022/Milan-Stats,2022
ITA-Serie A,2021,Napoli,27,38.0,74,565,186,32.9,14.87,4.89,0.11,0.34,18.2,25,10,14,57.8,46.6,0.08,16.2,17.4,/en/squads/d48ad4ff/2021-2022/Napoli-Stats,2022
ITA-Serie A,2021,Roma,29,38.0,58,592,184,31.1,15.58,4.84,0.09,0.28,17.3,21,7,9,65.1,58.1,0.1,-7.1,-7.1,/en/squads/cf74a709/2021-2022/Roma-Stats,2022
ITA-Serie A,2021,Salernitana,42,38.0,32,426,130,30.5,11.21,3.42,0.07,0.22,18.1,20,4,5,36.5,32.9,0.08,-4.5,-4.9,/en/squads/c5577084/2021-2022/Salernitana-Stats,2022
ITA-Serie A,2021,Sampdoria,34,38.0,42,386,118,30.6,10.16,3.11,0.1,0.34,18.1,12,2,4,36.7,33.4,0.09,5.3,6.6,/en/squads/8ff9e3b3/2021-2022/Sampdoria-Stats,2022
ITA-Serie A,2021,Sassuolo,29,38.0,60,569,204,35.9,14.97,5.37,0.09,0.26,18.8,14,7,7,55.7,50.2,0.09,4.3,2.8,/en/squads/e2befd26/2021-2022/Sassuolo-Stats,2022
ITA-Serie A,2021,Spezia,30,38.0,38,381,127,33.3,10.03,3.34,0.09,0.28,18.7,17,3,5,40.1,36.2,0.1,-2.1,-1.2,/en/squads/68449f6d/2021-2022/Spezia-Stats,2022
ITA-Serie A,2021,Torino,31,38.0,43,470,142,30.2,12.37,3.74,0.08,0.26,17.3,16,6,6,48.7,44.1,0.1,-5.7,-7.1,/en/squads/105360fe/2021-2022/Torino-Stats,2022
ITA-Serie A,2021,Udinese,29,38.0,58,505,181,35.8,13.29,4.76,0.11,0.3,17.8,19,3,4,51.3,48.2,0.1,6.7,6.8,/en/squads/04eea015/2021-2022/Udinese-Stats,2022
ITA-Serie A,2021,Venezia,39,38.0,34,349,113,32.4,9.18,2.97,0.09,0.27,18.2,22,3,5,36.5,32.4,0.09,-2.5,-1.4,/en/squads/af5d5982/2021-2022/Venezia-Stats,2022
ITA-Serie A,2022,Atalanta,27,38.0,64,506,168,33.2,13.32,4.42,0.11,0.35,16.9,13,6,8,57.7,51.3,0.1,6.3,6.7,/en/squads/922493f3/Atalanta-Stats,2023
ITA-Serie A,2022,Bologna,27,38.0,52,479,150,31.3,12.61,3.95,0.1,0.31,19.6,18,6,6,43.8,39.4,0.08,8.2,6.6,/en/squads/1d8099f8/Bologna-Stats,2023
ITA-Serie A,2022,Cremonese,33,38.0,35,458,122,26.6,12.05,3.21,0.07,0.25,18.5,15,5,7,38.7,33.2,0.07,-3.7,-3.2,/en/squads/9aad3a77/Cremonese-Stats,2023
ITA-Serie A,2022,Empoli,32,38.0,35,447,129,28.9,11.76,3.39,0.07,0.26,18.3,19,2,2,38.8,37.2,0.09,-3.8,-4.2,/en/squads/a3d88bd8/Empoli-Stats,2023
ITA-Serie A,2022,Fiorentina,30,38.0,51,597,171,28.6,15.71,4.5,0.08,0.27,17.6,23,4,6,55.0,50.8,0.09,-4.0,-3.8,/en/squads/421387cf/Fiorentina-Stats,2023
ITA-Serie A,2022,Hellas Verona,36,38.0,29,415,116,28.0,10.92,3.05,0.07,0.24,18.6,13,1,1,35.8,35.1,0.09,-6.8,-7.1,/en/squads/0e72edf2/Hellas-Verona-Stats,2023
ITA-Serie A,2022,Inter,25,38.0,68,625,197,31.5,16.45,5.18,0.1,0.32,16.9,21,4,5,68.0,64.5,0.11,0.0,-0.5,/en/squads/d609edc0/Internazionale-Stats,2023
ITA-Serie A,2022,Juventus,29,38.0,56,529,171,32.3,13.92,4.5,0.1,0.31,17.3,19,3,6,55.3,50.4,0.1,0.7,2.6,/en/squads/e0652b02/Juventus-Stats,2023
ITA-Serie A,2022,Lazio,24,38.0,59,430,161,37.4,11.32,4.24,0.12,0.33,17.8,14,6,8,51.1,44.9,0.11,7.9,8.1,/en/squads/7213da33/Lazio-Stats,2023
ITA-Serie A,2022,Lecce,29,38.0,31,412,106,25.7,10.84,2.79,0.07,0.25,18.8,14,4,6,36.1,31.4,0.08,-5.1,-4.4,/en/squads/ffcbe334/Lecce-Stats,2023
ITA-Serie A,2022,Milan,30,38.0,61,546,178,32.6,14.37,4.68,0.1,0.31,17.7,26,5,5,58.8,55.1,0.1,2.2,0.9,/en/squads/dc56fe14/Milan-Stats,2023
ITA-Serie A,2022,Monza,31,38.0,46,406,139,34.2,10.68,3.66,0.1,0.29,17.9,13,5,6,45.9,41.2,0.1,0.1,-0.2,/en/squads/21680aa4/Monza-Stats,2023
ITA-Serie A,2022,Napoli,27,38.0,75,605,212,35.0,15.92,5.58,0.11,0.32,17.1,18,8,10,64.7,56.8,0.1,10.3,10.2,/en/squads/d48ad4ff/Napoli-Stats,2023
ITA-Serie A,2022,Roma,30,38.0,50,488,155,31.8,12.84,4.08,0.09,0.28,17.0,15,7,10,57.4,49.9,0.1,-7.4,-6.9,/en/squads/cf74a709/Roma-Stats,2023
ITA-Serie A,2022,Salernitana,30,38.0,46,381,115,30.2,10.03,3.03,0.12,0.38,18.9,14,2,2,36.7,35.2,0.09,9.3,8.8,/en/squads/c5577084/Salernitana-Stats,2023
ITA-Serie A,2022,Sampdoria,40,38.0,23,377,114,30.2,9.92,3.0,0.06,0.19,17.7,16,1,2,34.1,32.5,0.09,-11.1,-10.5,/en/squads/8ff9e3b3/Sampdoria-Stats,2023
ITA-Serie A,2022,Sassuolo,31,38.0,46,477,161,33.8,12.55,4.24,0.08,0.23,18.0,20,9,10,51.6,43.9,0.09,-5.6,-6.9,/en/squads/e2befd26/Sassuolo-Stats,2023
ITA-Serie A,2022,Spezia,34,38.0,29,419,120,28.6,11.03,3.16,0.06,0.21,18.3,19,4,4,41.5,38.5,0.09,-12.5,-13.5,/en/squads/68449f6d/Spezia-Stats,2023
ITA-Serie A,2022,Torino,28,38.0,41,444,146,32.9,11.68,3.84,0.09,0.27,16.7,6,2,2,41.8,40.2,0.09,-0.8,-1.2,/en/squads/105360fe/Torino-Stats,2023
ITA-Serie A,2022,Udinese,30,38.0,46,503,145,28.8,13.24,3.82,0.09,0.31,18.5,23,1,2,46.9,45.4,0.09,-0.9,-0.4,/en/squads/04eea015/Udinese-Stats,2023
